state,account_name,raw_funding,econ_impact,jobs
AK,BIO,2156609.482920886,5693449.034911143,29.95290948501232
AK,CSE,507812.6988298977,1340625.5249109303,7.052954150415247
AK,EDU,3222789.1998252845,8508163.487538755,44.76096110868454
AK,ENG,233502.26851978264,616445.9888922262,3.2430870627747588
AK,GEO,29308573.468459994,77374633.9567344,407.06352039527764
AK,MPS,636603.3445165491,1680632.82952369,8.841713118285405
AK,OIA,11167658.613097021,29482618.73857614,155.1063696263475
AK,OISE,56759.55757159994,149845.23198902383,0.7883271884944434
AK,OPP,43136225.66146758,113879635.74627446,599.1142452981609
AK,SBE,413859.78446511773,1092589.830987911,5.7480525620155225
AK,TIP,1073193.644529335,2833231.221557444,14.905467285129651
AL,BIO,11420154.22560841,30149207.155606203,158.61325313345012
AL,CSE,5968876.478795591,15757833.904020358,82.9010622054943
AL,EDU,22457463.34961112,59287703.24297336,311.9092131890434
AL,ENG,11677973.646002954,30829850.42544781,162.19407841670767
AL,GEO,5136164.464769546,13559474.186991602,71.33561756624368
AL,MPS,8480172.967223914,22387656.63347113,117.78018010033216
AL,OIA,30162862.14680917,79629956.06757623,418.92864092790524
AL,OISE,1098601.2927498573,2900307.412859624,15.258351288192461
AL,OPP,1566191.9666643664,4134746.791993927,21.752666203671758
AL,SBE,2019717.7247632477,5332054.793374973,28.051635066156216
AL,TIP,10072065.606882434,26590253.202169627,139.88980009558938
AR,BIO,4502507.847301107,11886620.716874922,62.534831212515385
AR,CSE,1537881.4047098528,4060006.908434013,21.359463954303518
AR,EDU,5711853.902961371,15079294.30381802,79.33130420779685
AR,ENG,8299349.398263932,21910282.41141678,115.26874164255457
AR,GEO,1323028.991838184,3492796.5384528064,18.375402664419227
AR,MPS,2486587.1185483127,6564589.992967544,34.53593220205988
AR,OIA,18205098.205221243,48061459.261784084,252.8485861836284
AR,OISE,197961.1942019678,522617.55269319494,2.7494610305828866
AR,OPP,540236.8081103013,1426225.1734111954,7.503289001531961
AR,SBE,1261805.4713867689,3331166.44446107,17.5250759914829
AR,TIP,5542690.045371744,14632701.719781402,76.98180618571861
AS,BIO,0,0,0
AS,CSE,0,0,0
AS,EDU,136842.02162799193,361262.9370978987,1.90058363372211
AS,ENG,0,0,0
AS,GEO,0,0,0
AS,MPS,0,0,0
AS,OIA,0,0,0
AS,OISE,0,0,0
AS,OPP,0,0,0
AS,SBE,0,0,0
AS,TIP,0,0,0
AZ,BIO,35775216.905231744,94446572.62981182,496.8780125726632
AZ,CSE,20421699.677978806,53913287.14986403,283.6347177497056
AZ,EDU,25030976.916701417,66081779.06009174,347.6524571764085
AZ,ENG,33393952.970612552,88160035.84241712,463.80490236961856
AZ,GEO,19078437.63535115,50367075.35732704,264.97830049098826
AZ,MPS,131015658.9760794,345881339.6968496,1819.6619302233246
AZ,OIA,999113.5890906884,2637659.8751994176,13.876577626259563
AZ,OISE,2784846.390179114,7351994.470072862,38.67842208582102
AZ,OPP,3930658.4251282085,10376938.242338471,54.59247812678068
AZ,SBE,8979334.040524459,23705441.866984572,124.71297278506191
AZ,TIP,22765467.975530367,60100835.455400184,316.18705521569973
CA,BIO,110883181.28226028,292731598.5851672,1540.0441844758377
CA,CSE,157860769.30533692,416752430.96608955,2192.5106847963457
CA,EDU,176270349.3079794,465353722.17306554,2448.1992959441577
CA,ENG,101454453.34318139,267839756.82599893,1409.0896297664083
CA,GEO,144519186.21172112,381530651.5989437,2007.2109196072365
CA,MPS,266283670.53457487,702988890.2112777,3698.3843129802085
CA,OIA,7373671.488303845,19466492.72912215,102.41210400422007
CA,OISE,5413145.587030902,14290704.349761581,75.18257759765139
CA,OPP,109457792.61482728,288968572.5031441,1520.2471196503789
CA,SBE,35885386.96573119,94737421.58953035,498.4081523018222
CA,TIP,105138604.71932577,277565916.4590199,1460.2583988795243
CO,BIO,31525492.385664336,83227299.89815387,437.8540609120045
CO,CSE,25570990.214032017,67507414.16504453,355.15264186155576
CO,EDU,33691503.6390756,88945569.60715961,467.9375505427167
CO,ENG,27308273.486817457,72093842.00519808,379.28157620579793
CO,GEO,196710651.20824635,519316119.1897702,2732.09237789231
CO,MPS,40709633.0627909,107473431.28576793,565.4115703165403
CO,OIA,1615497.4127028545,4264913.169535536,22.43746406531742
CO,OISE,1640421.6277773944,4330713.097332323,22.78363371913048
CO,OPP,23477238.761635713,61979910.33071828,326.0727605782738
CO,SBE,7184255.455847244,18966434.403436728,99.78132577565619
CO,TIP,20530059.35461842,54199356.69619263,285.1397132585891
CT,BIO,23371448.70988008,61700624.594083466,324.6034543038902
CT,CSE,10542820.544187209,27833046.23665423,146.4280631137112
CT,EDU,18972084.853900447,50086304.01429715,263.501178526395
CT,ENG,10534237.633247467,27810387.351773307,146.30885601732595
CT,GEO,7696421.0609193435,20318551.60082706,106.89473695721307
CT,MPS,16441046.392433288,43404362.47602386,228.3478665615734
CT,OIA,929070.7613851911,2452746.810056905,12.90376057479432
CT,OISE,361082.52283361775,953257.8602807507,5.0150350393558005
CT,OPP,2115346.4833759842,5584514.7161126,29.379812269110907
CT,SBE,5451236.266324569,14391263.743096862,75.71161481006347
CT,TIP,3976930.2863029195,10499095.95583971,55.23514286531835
DC,BIO,3503298.3344803145,9248707.60302803,48.656921312226586
DC,CSE,12386033.021665998,32699127.177198242,172.02823641202787
DC,EDU,12356564.669612624,32621330.72777735,171.6189537446197
DC,ENG,6372205.71459294,16822623.08652536,88.5028571471241
DC,GEO,18549793.352262016,48971454.44997168,257.63601878141696
DC,MPS,9306421.259733388,24568952.12569613,129.2558508296304
DC,OIA,4910272.689126605,12963119.89929424,68.19823179342508
DC,OISE,694731.5445458887,1834091.277601146,9.649049229804008
DC,OPP,3413424.8734729784,9011441.665968662,47.408678798235826
DC,SBE,5354270.340718411,14135273.699496605,74.36486584331129
DC,TIP,5338831.765618415,14094515.8612326,74.15044118914473
DE,BIO,3807533.1190780266,10051887.434365995,52.88240443163923
DE,CSE,4115638.0885014976,10865284.553643957,57.1616401180764
DE,EDU,5722264.7271648,15106778.879715074,79.47589898840019
DE,ENG,6264339.33796003,16537855.852214478,87.00471302722262
DE,GEO,8691337.042166458,22945129.791319434,120.71301447453403
DE,MPS,8580685.865688363,22653010.685417283,119.17619257900513
DE,OIA,9094709.526812807,24010033.150785815,126.31541009462235
DE,OISE,541469.5446513846,1429479.5978796557,7.520410342380341
DE,OPP,573190.4209880781,1513222.7114085269,7.960978069278863
DE,SBE,1129003.807108003,2980570.050765129,15.680608432055582
DE,TIP,3987430.519433287,10526816.57130388,55.380979436573476
FL,BIO,26600170.622823883,70224450.44425511,369.44681420588745
FL,CSE,30306470.212893106,80009081.36203784,420.92319740129335
FL,EDU,44282834.88821196,116906684.1048796,615.0393734473884
FL,ENG,37775076.24962471,99726201.29900923,524.653836800343
FL,GEO,28769463.76306733,75951384.33449775,399.57588559815736
FL,MPS,88756687.58971997,234317655.23686075,1232.7317720794438
FL,OIA,1228190.3736997226,3242422.5865672664,17.058199634718363
FL,OISE,1598389.755166266,4219748.953638943,22.19985771064259
FL,OPP,4100901.11598852,10826378.946209697,56.95695994428497
FL,SBE,7086709.793858411,18708913.85578622,98.42652491470017
FL,TIP,28291448.15282642,74689423.12346177,392.93677990036696
GA,BIO,26961820.680231165,71179206.59581025,374.46973166987715
GA,CSE,29157263.55377397,76975175.78196327,404.9619938024162
GA,EDU,41027255.51496843,108311954.55951665,569.8229932634503
GA,ENG,34718687.767178394,91657335.705351,482.2039967663665
GA,GEO,18240644.886064477,48155302.499210216,253.3422900842289
GA,MPS,29507801.565431163,77900596.13273828,409.8305772976549
GA,OIA,10022839.604576629,26460296.5560823,139.20610561911982
GA,OISE,1070775.343985867,2826846.908122689,14.871879777581485
GA,OPP,3396611.4166300334,8967054.13990329,47.17515856430602
GA,SBE,6887948.362379531,18184183.676681977,95.66594947749353
GA,TIP,13917155.4238795,36741290.319041885,193.2938253316597
GU,BIO,0,0,0
GU,CSE,0,0,0
GU,EDU,331279.4938218802,874577.8636897638,4.6011040808594474
GU,ENG,0,0,0
GU,GEO,273994.4924339867,723345.4600257248,3.8054790615831484
GU,MPS,30322.94030593613,80052.56240767139,0.4211519486935573
GU,OIA,14495504.83943832,38268132.77611716,201.32645610331
GU,OISE,0,0,0
GU,OPP,0,0,0
GU,SBE,0,0,0
GU,TIP,74425.29265439411,196482.77260760046,1.0336846201999184
HI,BIO,3527737.4515210283,9313226.872015517,48.996353493347634
HI,CSE,5153986.465740945,13606524.269556092,71.58314535751312
HI,EDU,10727233.599550156,28319896.70281241,148.98935554930767
HI,ENG,1191123.6138523864,3144566.340570299,16.54338352572759
HI,GEO,27146991.95746386,71668058.76770459,377.04155496477586
HI,MPS,4437101.131720458,11713946.987742007,61.62640460722855
HI,OIA,16011256.17158729,42269716.29299045,222.3785579387124
HI,OISE,77531.60186412108,204683.42892127967,1.0768278036683485
HI,OPP,385701.4550169259,1018251.8412446844,5.35696465301286
HI,SBE,636168.3728030872,1679484.5042001498,8.835671844487319
HI,TIP,2148942.064218349,5673207.049536441,29.84641755858818
IA,BIO,7221062.87025803,19063605.977481186,100.29253986469476
IA,CSE,8917123.911410216,23541207.126122974,123.84894321403078
IA,EDU,6744595.696208832,17805732.637991313,93.67494022512267
IA,ENG,12145689.188980699,32064619.458909042,168.69012762473187
IA,GEO,4910620.078045286,12964037.006039552,68.20305663951783
IA,MPS,8864228.274335498,23401562.64424572,123.11428158799305
IA,OIA,11988907.030812476,31650714.561344944,166.5125976501733
IA,OISE,273924.56744781695,723160.8580622367,3.804507881219679
IA,OPP,487735.9660093114,1287622.9502645817,6.774110639018212
IA,SBE,2631594.8476120858,6947410.3976959055,36.54992843905675
IA,TIP,3919204.3673475343,10346699.52979749,54.43339399093797
ID,BIO,9440484.788369713,24922879.84129605,131.11784428291276
ID,CSE,2930252.693308102,7735867.1103333905,40.697954073723636
ID,EDU,8019825.144577019,21172338.381683342,111.38646034134754
ID,ENG,3731196.5255756844,9850358.827519806,51.82217396632896
ID,GEO,3806896.0727622816,10050205.632092426,52.87355656614279
ID,MPS,3359983.3864355404,8870356.14018983,46.666435922715856
ID,OIA,21299196.30636418,56229878.24880144,295.82217092172476
ID,OISE,275266.79615571164,726704.3418510788,3.8231499466071055
ID,OPP,1305831.8971563568,3447396.2084927815,18.13655412717162
ID,SBE,805313.1184071752,2126026.632594943,11.184904422321882
ID,TIP,5053802.967911003,13342039.835285064,70.19170788765287
IL,BIO,27778632.758294567,73335590.48189768,385.8143438652025
IL,CSE,89687155.62893268,236774090.8603823,1245.6549392907318
IL,EDU,43706042.79179851,115383952.97034809,607.0283721083127
IL,ENG,48111529.12045012,127014436.87798831,668.2156822284738
IL,GEO,17919577.941295266,47307685.76501951,248.88302696243434
IL,MPS,100022388.4365015,264059105.47236398,1389.1998393958538
IL,OIA,2072397.8345666528,5471130.283255963,28.78330325787017
IL,OISE,5239014.530508835,13830998.360543326,72.76409070151158
IL,OPP,13637958.517358394,36004210.485826164,189.41609051886658
IL,SBE,17729584.14476305,46806102.142174475,246.24422423282016
IL,TIP,26924764.181316007,71081377.43867429,373.9550580738335
IN,BIO,18496884.070530824,48831773.946201384,256.9011676462614
IN,CSE,46878177.871572554,123758389.58095156,651.0858037718413
IN,EDU,16736597.504410502,44184617.41164372,232.4527431168125
IN,ENG,35620996.33367319,94039430.32089725,494.7360601899055
IN,GEO,6422830.914449077,16956273.614145566,89.20598492290384
IN,MPS,43989551.198688574,116132415.16453782,610.9659888706746
IN,OIA,683695.6323122398,1804956.4693043132,9.49577267100333
IN,OISE,1639542.7971448048,4328392.9844622845,22.771427738122288
IN,OPP,1731342.30207396,4570743.677475256,24.04642086213834
IN,SBE,7417370.543121063,19581858.233839612,103.01903532112588
IN,TIP,11826027.506044338,31220712.61595704,164.25038202839346
KS,BIO,7788076.441582942,20560521.80577897,108.16772835531869
KS,CSE,3296566.6203167583,8702935.877636243,45.78564750439943
KS,EDU,5786961.75127934,15277579.023377458,80.37446876776862
KS,ENG,4729689.935087294,12486381.428630454,65.69013798732352
KS,GEO,4595655.8631050615,12132531.478597362,63.828553654236956
KS,MPS,7398463.404099219,19531943.386821933,102.7564361680447
KS,OIA,30219289.89768905,79778925.32989912,419.7123596901258
KS,OISE,1584362.5195920106,4182717.0517229084,22.005034994333485
KS,OPP,965420.1972639577,2548709.3207768477,13.408613850888297
KS,SBE,1287871.2152095002,3399980.00815308,17.887100211243066
KS,TIP,4791209.693228714,12648793.590123812,66.54457907262103
KY,BIO,6300026.465412447,16632069.868688866,87.50036757517292
KY,CSE,6602420.673831366,17430390.578914806,91.70028713654676
KY,EDU,7087851.595037387,18711928.210898716,98.44238326440814
KY,ENG,5677005.919811116,14987295.628301345,78.84730444182104
KY,GEO,1178045.0691965842,3110038.982678982,16.36173707217478
KY,MPS,5330437.315553974,14072354.51306249,74.0338516049163
KY,OIA,24747537.283045217,65333498.42723937,343.71579559785016
KY,OISE,137105.6570691318,361958.93466250796,1.9042452370712746
KY,OPP,468424.7308843344,1236641.2895346428,6.505899040060201
KY,SBE,1026885.3834078949,2710977.412196843,14.26229699177632
KY,TIP,3253776.601949779,8589970.229147417,45.191341693746935
LA,BIO,8181142.73995053,21598216.833469406,113.62698249931296
LA,CSE,3672489.0074421805,9695370.979647357,51.00679177003028
LA,EDU,7691012.5618652515,20304273.16332426,106.81961891479511
LA,ENG,5919831.268023789,15628354.547582809,82.21987872255265
LA,GEO,4387973.23279261,11584249.334572494,60.94407267767514
LA,MPS,13744263.320244204,36284855.1654447,190.89254611450284
LA,OIA,38129473.353462815,100661809.65314184,529.5760187980945
LA,OISE,588414.4426360036,1553414.1285590497,8.172422814388938
LA,OPP,972979.9190296324,2568666.986238229,13.51360998652267
LA,SBE,1481894.0788009723,3912200.368034567,20.581862205569053
LA,TIP,11598175.424659777,30619183.121101826,161.0857697869414
MA,BIO,40426165.28285695,106725076.3467423,561.4745178174575
MA,CSE,72564103.53317107,191569233.32757163,1007.8347712940424
MA,EDU,86877393.50000207,229356318.8400055,1206.6304652778067
MA,ENG,51616518.175493635,136267607.9833032,716.8960857707447
MA,GEO,168342861.4048714,444425154.10886073,2338.0952972898813
MA,MPS,86182148.97881489,227520873.30407137,1196.974291372429
MA,OIA,5124118.726907041,13527673.43903459,71.1683156514867
MA,OISE,1785696.4969478669,4714238.751942369,24.80134023538704
MA,OPP,26930751.69712273,71097184.480404,374.03821801559343
MA,SBE,34106886.84529163,90042181.27156988,473.7067617401617
MA,TIP,48299771.71449437,127511397.32626522,670.8301627013111
MD,BIO,21034958.078974552,55532289.32849284,292.15219554131323
MD,CSE,39563927.38778929,104448768.30376372,549.4989914970731
MD,EDU,45273867.20655364,119523009.4253016,628.8037112021343
MD,ENG,28082737.52192481,74138427.05788149,390.03802113784457
MD,GEO,35199904.57447106,92927748.07660359,488.88756353432007
MD,MPS,54758743.97896357,144563084.10446385,760.5381108189385
MD,OIA,8592157.939157292,22683296.959375247,119.33552693274015
MD,OISE,4592316.842299374,12123716.463670345,63.78217836526906
MD,OPP,13023257.080556463,34381398.692669064,180.8785705632842
MD,SBE,19345503.9792657,51072130.50526145,268.6875552675792
MD,TIP,25079568.54873889,66210060.96867069,348.3273409547069
ME,BIO,2831217.4158084863,7474413.977734404,39.32246410845117
ME,CSE,1224704.8015320231,3233220.6760445423,17.009788910166982
ME,EDU,7288922.034359975,19242754.17071034,101.2350282549997
ME,ENG,1348375.6215684472,3559711.640940701,18.727439188450656
ME,GEO,5954914.231257914,15720973.570520889,82.70714210080433
ME,MPS,1935015.2895606942,5108440.364440234,26.875212355009644
ME,OIA,33682109.224520534,88920768.35273422,467.8070725627853
ME,OISE,591706.4623124506,1562105.0605048703,8.218145309895148
ME,OPP,2754069.3761107763,7270743.152932452,38.250963557094124
ME,SBE,560062.9071899557,1478566.0749814834,7.778651488749387
ME,TIP,2801843.0206412943,7396865.57449301,38.91448639779576
MI,BIO,31093301.59094957,82086316.20010687,431.8514109854106
MI,CSE,28758489.666730475,75922412.72016849,399.4234675934789
MI,EDU,39110992.21872846,103253019.45744321,543.2082252601178
MI,ENG,39862987.84223108,105238287.90349008,553.6526089198761
MI,GEO,13953274.86737867,36836645.6498797,193.79548426914823
MI,MPS,62454555.793166235,164880027.29395893,867.4243860161977
MI,OIA,970390.7649105814,2561831.6193639357,13.477649512646966
MI,OISE,3230056.390510367,8527348.870947368,44.86189431264398
MI,OPP,2404744.8718229095,6348526.4616124835,33.399234330873746
MI,SBE,27923863.55085562,73718999.77425882,387.83143820632813
MI,TIP,19986842.28722586,52765263.638276264,277.5950317670258
MN,BIO,15091023.021896768,39840300.777807474,209.59754197078846
MN,CSE,10612258.3707808,28016362.098861303,147.3924773719555
MN,EDU,19049465.039804626,50290587.705084205,264.5759033306199
MN,ENG,18327037.60892932,48383379.28757342,254.5421890129073
MN,GEO,11722579.851468373,30947610.807876498,162.81360904817186
MN,MPS,21414056.00081654,56533107.84215568,297.4174444557853
MN,OIA,7226130.832747279,19076985.398452815,100.36292823260109
MN,OISE,598214.2069844047,1579285.5064388288,8.308530652561178
MN,OPP,10622501.00456654,28043402.65205567,147.53473617453528
MN,SBE,5183144.854640436,13683502.416250754,71.98812298111719
MN,TIP,10302976.978228109,27199859.222522214,143.09690247539038
MO,BIO,19911311.328263238,52565861.90661496,276.5459906703228
MO,CSE,9559873.047880113,25238064.846403506,132.7760145538905
MO,EDU,13553431.696671782,35781059.67921351,188.2421068982192
MO,ENG,12311011.16775818,32501069.482881594,170.9862662188636
MO,GEO,3580355.6901139487,9452139.021900825,49.727162362693726
MO,MPS,10696984.782073636,28240039.824674398,148.569233084356
MO,OIA,5268698.987437693,13909365.326835513,73.17637482552354
MO,OISE,355114.3769886283,937501.9552499787,4.932144124842059
MO,OPP,696722.9432989192,1839348.5703091468,9.67670754581832
MO,SBE,4483983.26645655,11837715.82344529,62.2775453674521
MO,TIP,10375317.057615053,27390837.032103743,144.1016258002091
MP,BIO,0,0,0
MP,CSE,0,0,0
MP,EDU,0,0,0
MP,ENG,0,0,0
MP,GEO,0,0,0
MP,MPS,0,0,0
MP,OIA,0,0,0
MP,OISE,0,0,0
MP,OPP,0,0,0
MP,SBE,0,0,0
MP,TIP,196497.89078702452,518754.4316777447,2.729137372042007
MS,BIO,3641045.7414260367,9612360.757364737,50.57007974202829
MS,CSE,2445837.6890348163,6457011.499051915,33.969967903261335
MS,EDU,7046877.242293087,18603755.919653755,97.87329503184843
MS,ENG,2427034.0780440997,6407369.966036425,33.70880663950138
MS,GEO,1531535.0223649086,4043252.4590433585,21.271319755068173
MS,MPS,6380129.399841112,16843541.61558054,88.61290833112656
MS,OIA,17700911.75677043,46730407.037873924,245.84599662181148
MS,OISE,115291.0547016897,304368.38441246084,1.601264648634579
MS,OPP,1003217.6126085548,2648494.4972865847,13.933577952896593
MS,SBE,948685.0959636567,2504528.653344054,13.176181888384118
MS,TIP,4211977.886775934,11119621.621088468,58.49969287188796
MT,BIO,6004125.471020997,15850891.243495429,83.3906315419583
MT,CSE,918125.9106092373,2423852.4040083857,12.751748758461622
MT,EDU,9420047.320888104,24868924.927144602,130.83399056789034
MT,ENG,4975554.73783403,13135464.507881839,69.10492691436151
MT,GEO,3796050.004550779,10021572.012014057,52.72291672987193
MT,MPS,7810968.107296871,20620955.803263746,108.48566815690097
MT,OIA,15034349.844992982,39690683.59078148,208.81041451379144
MT,OISE,279760.04815701465,738566.5271345187,3.885556224402981
MT,OPP,3339509.4632800804,8816304.983059414,46.38207587888999
MT,SBE,333443.0583680438,880289.6740916357,4.631153588445052
MT,TIP,4535433.847542318,11973545.357511722,62.99213677142111
NC,BIO,27196061.5157804,71797602.40166028,377.7230766080612
NC,CSE,34456137.16600576,90964202.11825523,478.5574606389687
NC,EDU,50299944.19942345,132791852.6864779,698.6103361031032
NC,ENG,32541641.892705742,85909934.5967432,451.967248509802
NC,GEO,14509464.871334538,38304987.2603232,201.52034543520193
NC,MPS,44054304.81097007,116303364.70096101,611.8653445968064
NC,OIA,1210574.2893133124,3195916.123787145,16.81353179601823
NC,OISE,2270191.227926752,5993304.841726624,31.53043372120489
NC,OPP,2014775.604180366,5319007.595036169,27.98299450250508
NC,SBE,10545713.680842163,27840684.11742332,146.46824556725227
NC,TIP,26245310.942254674,69287620.88755237,364.5182075313149
ND,BIO,2150837.1703694663,5678210.129775392,29.872738477353707
ND,CSE,386225.4897608508,1019635.2929686459,5.364242913345151
ND,EDU,6483163.187092753,17115550.813924864,90.04393315406597
ND,ENG,1292555.4452758161,3412346.375528155,17.952158962164113
ND,GEO,409075.6967905339,1079959.8395270093,5.681606899868527
ND,MPS,1171378.107027417,3092438.202552381,16.269140375380793
ND,OIA,19390118.493090764,51189912.82175961,269.3072012929273
ND,OISE,133905.22876402762,353509.80393703294,1.8597948439448277
ND,OPP,5682.661659741963,15002.226781718784,0.07892585638530503
ND,SBE,317436.7217874395,838032.9455188403,4.408843358158881
ND,TIP,6402969.915616059,16903840.577226397,88.93013771688969
NE,BIO,5747374.926345877,15173069.805553118,79.82465175480388
NE,CSE,3810111.447929306,10058694.222533368,52.918214554573694
NE,EDU,7613301.699236998,20099116.48598569,105.74030137829166
NE,ENG,6145152.764634974,16223203.29863633,85.3493439532635
NE,GEO,1286910.2842468154,3397443.1504115923,17.873753947872437
NE,MPS,11192654.451318463,29548607.75148074,155.45353404608974
NE,OIA,24479746.72002835,64626531.34087483,339.99648222261595
NE,OISE,621242.3107024635,1640079.7002545036,8.628365426423105
NE,OPP,484526.1052437062,1279148.9178433844,6.729529239495919
NE,SBE,1149213.004043966,3033922.3306760704,15.961291722832861
NE,TIP,1031732.8149560654,2723774.631484013,14.329622429945356
NH,BIO,3132594.496079631,8270049.469650229,43.50825688999487
NH,CSE,4246609.917988531,11211050.183489729,58.98069330539628
NH,EDU,5766194.740493547,15222754.11490297,80.08603806241035
NH,ENG,3147330.1187253967,8308951.513435049,43.7129183156305
NH,GEO,7014860.107646212,18519230.684185997,97.42861260619736
NH,MPS,5015322.278118737,13240450.814233469,69.65725386276026
NH,OIA,15555999.035691988,41067837.45422686,216.05554216238875
NH,OISE,327847.3004803567,865516.8732681416,4.553434728893843
NH,OPP,10300479.276157359,27193265.28905543,143.06221216885217
NH,SBE,1996487.147508347,5270726.069422034,27.728988159838124
NH,TIP,3278928.4702201877,8656371.1613813,45.540673197502606
NJ,BIO,19860010.8804261,52430428.72432491,275.8334844503625
NJ,CSE,34805018.88697729,91885249.86162008,483.40304009690686
NJ,EDU,28211205.6621229,74477582.94800448,391.822300862818
NJ,ENG,25026749.728778664,66070619.28397567,347.593746233037
NJ,GEO,22009805.50836355,58105886.54207978,305.6917431717159
NJ,MPS,53032531.63573652,140005883.51834434,736.5629393852294
NJ,OIA,2527177.1069374275,6671747.562314811,35.0996820407976
NJ,OISE,984377.695648039,2598757.1165108224,13.671912439556099
NJ,OPP,9316986.310209438,24596843.85895292,129.40258764179777
NJ,SBE,8283624.733486001,21868769.29640305,115.05034352063892
NJ,TIP,19776506.770253174,52209977.8734684,274.6737051424052
NM,BIO,9223547.52337811,24350165.46171821,128.10482671358486
NM,CSE,5180588.997920439,13676754.954509955,71.95262497111716
NM,EDU,15255468.64957793,40274437.23488576,211.88150902191575
NM,ENG,7679160.74085399,20272984.355854534,106.65501028963871
NM,GEO,6405091.662430532,16909441.988816608,88.95960642264627
NM,MPS,7796117.061059449,20581749.041196946,108.27940362582567
NM,OIA,14542982.956015345,38393475.00388051,201.98587438910204
NM,OISE,386720.01984277414,1020940.8523849237,5.371111386705197
NM,OPP,928439.6021583932,2451080.549698159,12.89499447442213
NM,SBE,2107933.2052496057,5564943.661858959,29.27685007291118
NM,TIP,3444096.56901623,9092414.942202847,47.83467456966988
NV,BIO,5681792.033073708,14999930.967314588,78.91377823713482
NV,CSE,3739189.8746880596,9871461.269176478,51.93319270400082
NV,EDU,5842029.514645848,15422957.918665044,81.13929881452569
NV,ENG,5996755.058350621,15831433.354045639,83.28826469931417
NV,GEO,4817212.715629007,12717441.569260579,66.90573216151397
NV,MPS,4798309.241881016,12667536.398565883,66.6431839150141
NV,OIA,10259893.909947058,27086119.92226024,142.4985265270425
NV,OISE,211154.41581239927,557447.657744734,2.932700219616656
NV,OPP,2471605.2364668353,6525037.8242724445,34.32785050648382
NV,SBE,1007247.4137365792,2659133.1722645694,13.989547413008045
NV,TIP,1441288.9145318018,3805002.7343639564,20.017901590719468
NY,BIO,63036330.449817255,166415912.38751757,875.5045895807953
NY,CSE,78133478.44434533,206272383.09307173,1085.1872006159074
NY,EDU,77132524.8708369,203629865.65900946,1071.2850676505127
NY,ENG,56558314.13639595,149313949.32008535,785.5321407832772
NY,GEO,65967514.62495295,174154238.60987577,916.2154809021245
NY,MPS,157621039.72027302,416119544.86152065,2189.1811072260134
NY,OIA,2398961.7298856606,6333258.966898143,33.31891291507862
NY,OISE,4159493.657870045,10981063.256776916,57.770745248195084
NY,OPP,17831781.22142722,47075902.42456786,247.66362807537806
NY,SBE,24713784.513987508,65244391.11692703,343.2470071387155
NY,TIP,54589900.60878002,144117337.60717925,758.1930640108335
OH,BIO,95559622.41344248,252277403.171488,1327.2169779644782
OH,CSE,31430285.807169005,82975954.53092618,436.5317473217916
OH,EDU,21551377.109152284,56895635.568162024,299.3246820715594
OH,ENG,25588904.135139987,67554706.91676958,355.4014463213888
OH,GEO,6190609.556897906,16343209.230210474,85.9806882902487
OH,MPS,30495517.331529,80508165.75523657,423.5488518267917
OH,OIA,1012507.4520776754,2673019.6734850635,14.062603501078828
OH,OISE,2210154.9454219197,5834809.055913868,30.69659646419333
OH,OPP,3450482.499892311,9109273.799715703,47.92336805405987
OH,SBE,5201231.315721352,13731250.673504371,72.23932382946322
OH,TIP,13077647.891449822,34524990.433427535,181.6339984923587
OK,BIO,4990196.53770285,13174118.85953552,69.3082852458729
OK,CSE,4269524.5032537915,11271544.68859001,59.298951434080436
OK,EDU,4361320.220717363,11513885.382693842,60.573891954407806
OK,ENG,7374198.799074043,19467884.829555474,102.41942776491726
OK,GEO,10831816.96890305,28595996.797904044,150.4419023458757
OK,MPS,4007051.3722110926,10578615.622637285,55.65349128070961
OK,OIA,19938735.570162036,52638261.90522779,276.9268829189172
OK,OISE,174297.0940624931,460144.3283249818,2.420792973090182
OK,OPP,1541013.480632167,4068275.5888689216,21.402965008780097
OK,SBE,1001521.0957746905,2644015.692845184,13.91001521909293
OK,TIP,4846093.068925892,12793685.701964358,67.3068481795263
OR,BIO,15305376.083651735,40406192.86084057,212.5746678284962
OR,CSE,11030578.615524817,29120727.54498552,153.20248077117802
OR,EDU,18095555.84096465,47772267.42014667,251.3271644578423
OR,ENG,8631198.809571838,22786364.85726965,119.87776124405327
OR,GEO,42256493.14559579,111557141.9043729,586.895738133275
OR,MPS,14203877.959579328,37498237.81328942,197.276082771935
OR,OIA,478766.71769765107,1263944.1347217988,6.64953774580071
OR,OISE,262130.7826863052,692025.2662918457,3.6407053150875726
OR,OPP,25201175.617030673,66531103.62896097,350.0163280143149
OR,SBE,3430121.5678707757,9055520.93917885,47.640577331538545
OR,TIP,7964517.843561383,21026327.107002053,110.618303382797
PA,BIO,33372175.52086182,88102543.37507519,463.50243778974743
PA,CSE,71654496.07872555,189167869.6478354,995.2013344267436
PA,EDU,52109869.33486705,137570055.04404902,723.7481852064868
PA,ENG,67321840.87010673,177729659.89708176,935.025567640371
PA,GEO,18631371.10111485,49186819.706943214,258.7690430710397
PA,MPS,74984964.7725657,197960306.99957347,1041.4578440634127
PA,OIA,3205713.5892780856,8463083.875694148,44.52379985108453
PA,OISE,3315210.308984802,8752155.215719879,46.04458762478892
PA,OPP,4513275.27650058,11915046.729961535,62.68437884028586
PA,SBE,15399942.254201755,40655847.55109264,213.8880868639133
PA,TIP,25336959.664709847,66889573.51483402,351.90221756541456
PR,BIO,3150365.4091914007,8316964.680265298,43.755075127658344
PR,CSE,970872.5094893525,2563103.425051891,13.484340409574342
PR,EDU,5151096.3255311325,13598894.29940219,71.54300452126573
PR,ENG,690227.3405966435,1822200.1791751387,9.586490841620048
PR,GEO,655289.3338224689,1729963.8412913177,9.101240747534291
PR,MPS,5193386.641868995,13710540.734534144,72.13037002595826
PR,OIA,2090460.4945414837,5518815.705589517,29.034173535298386
PR,OISE,322184.0958577951,850566.0130645792,4.474779109136043
PR,OPP,0,0,0
PR,SBE,303657.81670848373,801656.636110397,4.217469676506719
PR,TIP,1335559.5219573425,3525877.137967384,18.54943780496309
RI,BIO,5502866.597157721,14527567.816496385,76.42870273830168
RI,CSE,5013513.843821216,13235676.54768801,69.63213671973912
RI,EDU,6095231.398023859,16091410.890782988,84.65599163922025
RI,ENG,4241930.92529536,11198697.642779753,58.9157072957689
RI,GEO,13705971.897829212,36183765.81026912,190.36072080318348
RI,MPS,12428494.340373725,32811225.05858664,172.61797694963505
RI,OIA,10131082.676280692,26746058.265381023,140.7094816150096
RI,OISE,213590.1455010969,563877.9841228959,2.9665297986263455
RI,OPP,3749834.4852047674,9899563.040940586,52.08103451673288
RI,SBE,2286061.1436632234,6035201.41927091,31.750849217544776
RI,TIP,1553655.7560538212,4101651.1959820883,21.578552167414184
SC,BIO,7407368.575571464,19555453.03950866,102.88011910515918
SC,CSE,8681007.896367501,22917860.846410207,120.5695541162153
SC,EDU,13035078.966492131,34412608.47153924,181.04276342350184
SC,ENG,9944048.64053835,26252288.411021248,138.11178667414376
SC,GEO,4058256.0059871934,10713795.855806194,56.364666749822135
SC,MPS,10848233.225581191,28639335.715534348,150.66990591084988
SC,OIA,18599695.50190528,49103196.12502994,258.3291041931289
SC,OISE,552867.4056618125,1459569.9509471857,7.678713967525174
SC,OPP,18631330.494644757,49186712.50586218,258.7684790922883
SC,SBE,1851450.583492951,4887829.540421393,25.714591437402095
SC,TIP,5599106.317229146,14781640.677484946,77.76536551707144
SD,BIO,1741554.6201285287,4597704.197139317,24.188258612896234
SD,CSE,1095561.6736697403,2892282.818488115,15.216134356524172
SD,EDU,3683930.850154004,9725577.444406569,51.16570625213894
SD,ENG,2258015.7190755242,5961161.498359383,31.3613294316045
SD,GEO,728807.042546504,1924050.5923227705,10.12232003536811
SD,MPS,2223403.3676549033,5869784.890608947,30.880602328540327
SD,OIA,26496774.84524189,69951485.59143859,368.0107617394707
SD,OISE,433630.9827775159,1144785.794532642,6.022652538576609
SD,OPP,492801.4557359621,1300995.84314294,6.844464662999473
SD,SBE,38039.85931184592,100425.22858327322,0.5283313793311933
SD,TIP,239662.15662608884,632708.0934928743,3.3286410642512334
TN,BIO,13321708.987957604,35169311.72820807,185.0237359438556
TN,CSE,14528796.583209772,38356022.979673795,201.7888414334691
TN,EDU,23211229.721350584,61277646.46436556,322.37819057431363
TN,ENG,12170134.398674183,32129154.812499844,169.02964442603033
TN,GEO,3168470.5616147094,8364762.282662832,44.00653557798206
TN,MPS,13836039.888543345,36527145.30575443,192.16722067421313
TN,OIA,1317720.9536528818,3478783.317643609,18.301679911845582
TN,OISE,1121221.9854763274,2960026.0416575046,15.572527576060104
TN,OPP,16849068.802794684,44481541.63937798,234.0148444832595
TN,SBE,4324337.0557732405,11416249.827241354,60.06023688573945
TN,TIP,11971925.979440283,31605884.58572235,166.27674971444839
TX,BIO,39188417.54427371,103457422.31688263,544.2835770038018
TX,CSE,106079342.70418893,280049464.7390589,1473.3242042248464
TX,EDU,78581670.32063687,207455609.64648136,1091.412087786623
TX,ENG,82632672.97533874,218150256.65489435,1147.6760135463715
TX,GEO,33296952.5956078,87903954.85240462,462.45767493899746
TX,MPS,73779669.11822395,194778326.4721112,1024.717626641999
TX,OIA,3659811.066294195,9661901.215016678,50.83070925408604
TX,OISE,3862284.307789089,10196430.572563194,53.64283760818178
TX,OPP,11356400.496384816,29980897.310455907,157.72778467201127
TX,SBE,14532563.945919145,38365968.817226544,201.84116591554374
TX,TIP,29012653.55958669,76593405.39730887,402.95352166092636
UT,BIO,6937020.8620989965,18313735.075941347,96.34751197359716
UT,CSE,15768364.384197913,41628481.974282496,219.00506089163767
UT,EDU,11155837.185276505,29451410.16912997,154.94218312884033
UT,ENG,16395282.562061906,43283545.963843435,227.71225780641538
UT,GEO,7414061.761927187,19573123.051487777,102.9730800267665
UT,MPS,18917613.174767192,49942498.78138539,262.7446274273221
UT,OIA,573802.4872138866,1514838.5662446609,7.969478989081759
UT,OISE,1262800.0620726047,3333792.1638716767,17.538889751008398
UT,OPP,2457234.74813518,6487099.735076876,34.1282603907664
UT,SBE,1784917.1984068942,4712181.403794201,24.790516644540197
UT,TIP,6589423.477587397,17396077.980830733,91.5197705220472
VA,BIO,20866965.481257044,55088788.87051861,289.818965017459
VA,CSE,45590468.525949515,120358836.90850674,633.2009517492987
VA,EDU,43833899.30675848,115721494.16984236,608.8041570383123
VA,ENG,37029549.250489615,97758010.02129257,514.299295145689
VA,GEO,32726347.79151099,86397558.16958901,454.53260821543034
VA,MPS,145520449.11986747,384173985.6764501,2021.1173488870481
VA,OIA,5432552.622930984,14341938.924537804,75.45211976293035
VA,OISE,2249614.1747166542,5938981.421251968,31.244641315509085
VA,OPP,41066451.952662565,108415433.15502918,570.3673882314245
VA,SBE,12439590.893753607,32840519.95950953,172.7720957465779
VA,TIP,22243450.91942413,58722710.42727971,308.93681832533514
VT,BIO,2552388.079727308,6738304.530480091,35.44983444065705
VT,CSE,1524545.9441320875,4024801.292508711,21.174249224056773
VT,EDU,2342051.2252686135,6183015.234709141,32.52848923984186
VT,ENG,2097052.433576058,5536218.424640793,29.125728244111915
VT,GEO,2861786.9021250196,7555117.421610052,39.74704030729193
VT,MPS,2626842.147704375,6934863.26993955,36.483918718116314
VT,OIA,14922045.97008886,39394201.361034594,207.25063847345638
VT,OISE,630224.5290909848,1663792.7568001999,8.753118459597012
VT,OPP,4636083.733358389,12239261.056066144,64.39005185219985
VT,SBE,1414650.9016520088,3734678.3803613046,19.64792918961124
VT,TIP,1330402.576039173,3512262.800743418,18.47781355609963
WA,BIO,17592398.711097315,46443932.59729693,244.33887098746274
WA,CSE,23921191.196878564,63151944.7597594,332.2387666233134
WA,EDU,29609376.13355907,78168752.99259597,411.2413351883204
WA,ENG,21004483.385673188,55451836.138177216,291.72893591212755
WA,GEO,40839401.74794122,107816020.61456484,567.2139131658503
WA,MPS,30842696.21721046,81424718.0134356,428.37078079458973
WA,OIA,2753723.684434282,7269830.526906503,38.246162283809475
WA,OISE,434204.0617634857,1146298.7230556023,6.030611968937301
WA,OPP,16123593.300733622,42566286.313936755,223.93879584352248
WA,SBE,3474184.0885100444,9171845.993666517,48.25255678486172
WA,TIP,19867105.11485294,52449157.50321177,275.9320154840686
WI,BIO,18519565.55464767,48891653.06426983,257.2161882589954
WI,CSE,19485050.46416064,51440533.2253841,270.62570089112006
WI,EDU,24004018.7330565,63370609.45526915,333.38914907022917
WI,ENG,14621476.997918325,38600699.27450438,203.0760694155323
WI,GEO,9205815.414066898,24303352.693136614,127.85854741759579
WI,MPS,38640658.45374754,102011338.3178935,536.6758118576047
WI,OIA,888892.8983739177,2346677.2517071427,12.345734699637745
WI,OISE,291933.49727035785,770704.4327937448,4.054631906532748
WI,OPP,27660203.38003105,73022936.92328198,384.16949138932023
WI,SBE,3727226.142536688,9839877.016296858,51.767029757454004
WI,TIP,8650040.846137736,22836107.833803616,120.13945619635743
WV,BIO,2029812.3796864634,5358704.682372264,28.191838606756434
WV,CSE,2191301.1482906663,5785035.031487359,30.434738170703696
WV,EDU,4401072.054543799,11618830.223995632,61.12600075755277
WV,ENG,2022443.9389239876,5339251.998759327,28.089499151722052
WV,GEO,1678036.7292118263,4430016.965119221,23.30606568349759
WV,MPS,4825762.89520383,12740014.043338109,67.02448465560873
WV,OIA,7713984.029411246,20364917.837645687,107.13866707515618
WV,OISE,498721.83973093267,1316625.6568896624,6.926692218485176
WV,OPP,609615.4931411766,1609384.9018927063,8.466881849183007
WV,SBE,846276.8691768745,2234170.934626949,11.753845405234369
WV,TIP,1077223.3796487846,2843869.722272791,14.961435828455341
WY,BIO,2210603.674306881,5835993.700170167,30.702828809817795
WY,CSE,1080814.602979207,2853350.5518651064,15.011313930266764
WY,EDU,861810.0898109409,2275178.6371008838,11.96958458070751
WY,ENG,1071980.7787649126,2830029.25593937,14.888621927290455
WY,GEO,6260488.337418983,16527689.210786115,86.951226908597
WY,MPS,3017001.9902016697,7964885.254132409,41.90280541946764
WY,OIA,20555210.663463246,54265756.15154298,285.4890369925451
WY,OISE,16969.80016887782,44800.27244583745,0.235691669012192
WY,OPP,1325430.7923276562,3499137.2917450126,18.40876100455078
WY,SBE,228039.53986884005,602024.3852537377,3.167215831511667
WY,TIP,2868743.118310898,7573481.83234077,39.84365442098469
