CBSA_FIPS,CBSA_NAME,IDC_loss,IDC_econ_loss,IDC_job_loss
10100,"Aberdeen, SD",67708.09229433318,200780.4069345708,0.5899510390376947
10140,"Aberdeen, WA",601227.4514743059,1477127.3840985459,4.996970273633233
10180,"Abilene, TX",173471.49880124713,559775.0439970574,2.1315837005850145
10220,"Ada, OK",12451.472668639246,35565.38329329387,0.13333746958156464
10300,"Adrian, MI",1801128.295010978,4577447.660066777,18.039018453992753
10420,"Akron, OH",7259993.74700577,18851387.138937104,73.77012288656589
10460,"Alamogordo, NM",85489.51481912771,210990.99410253123,0.7349827350149086
10480,"Alamosa, CO",26834.762436107383,74746.07877079908,0.2665166746051288
10500,"Albany, GA",158976.33482895012,463725.88641619403,1.8505347458272292
10540,"Albany, OR",553915.4978993745,1379455.5264129164,5.1518497929336124
10580,"Albany-Schenectady-Troy, NY",10663889.125186672,24852431.350811604,78.55452085512445
10620,"Albemarle, NC",208219.62072476416,516619.88586760004,2.0739637054851663
10660,"Albert Lea, MN",628091.5861797367,1549675.1144167837,5.714469829021992
10700,"Albertville, AL",262865.5118471416,642378.7804125613,2.5072353314358806
10740,"Albuquerque, NM",17667609.829470694,41681352.51925831,143.51045012067183
10760,"Alexander City, AL",260515.4474969945,631859.4361870432,2.4662133417941825
10780,"Alexandria, LA",104003.06499578618,305306.44700585026,1.159895795047613
10820,"Alexandria, MN",43235.265546278206,106547.74405244805,0.3870429228057372
10860,"Alice, TX",33602.489891895435,107040.66881846968,0.4047978916161681
10900,"Allentown-Bethlehem-Easton, PA-NJ",4611537.498018472,11503040.8252867,40.007738893362095
10940,"Alma, MI",95074.3966362383,245004.0533364234,0.9524906860718544
10980,"Alpena, MI",29155.76752820299,74019.8332556795,0.2899022336506359
11020,"Altoona, PA",1090334.9165088653,2626019.962695235,9.70098212424606
11060,"Altus, OK",12097.84588442,34918.68036580726,0.13106136541486305
11100,"Amarillo, TX",287480.5402373243,925839.1270724628,3.5169871031585553
11140,"Americus, GA",29981.55916051368,83250.0819885901,0.32922303482263227
11180,"Ames, IA",1761646.183105485,4198739.839431609,14.297469414242476
11200,"Amherst Town-Northampton, MA",4948221.206118011,11109089.669981238,40.52056496809798
11220,"Amsterdam, NY",196983.24156312694,458154.94758670754,1.4463426800203196
11260,"Anchorage, AK",333742.6905518007,1126350.9922748515,2.7742372429177813
11360,"Anderson Creek, NC",1617858.6889880267,3978817.3048071745,16.158175732215906
11380,"Andrews, TX",10635.529229348916,34300.92063224551,0.13004958321601717
11420,"Angola, IN",34487.30151913186,93667.0539232476,0.34166511084492757
11460,"Ann Arbor, MI",71988585.00530739,182518351.61956495,719.8652470211315
11500,"Anniston-Oxford, AL",313808.12108562386,763662.024762797,2.9788606578327337
11540,"Appleton, WI",842522.2530061405,2003499.79687902,7.870118448978479
11580,"Arcadia, FL",20793.69591069099,65692.51680697664,0.23792151347808188
11620,"Ardmore, OK",16338.387524397735,46686.24725996606,0.17530567701446118
11660,"Arkadelphia, AR",37557.26856650801,101747.42765049459,0.3550822830597145
11680,"Arkansas City-Winfield, KS",41915.74560566323,117477.98219301697,0.3525193297905122
11700,"Asheville, NC",1205862.1080597965,2997069.9487971435,12.084359342015166
11740,"Ashland, OH",142491.92768431688,369557.4090085278,1.4463918454057338
11820,"Astoria, OR",117670.14047065793,294875.8966667201,1.110400128918227
11860,"Atchison, KS",80009.39477295885,220020.3285269266,0.683019107743857
11900,"Athens, OH",470693.78862009477,1221722.0534869835,4.754844643867259
11940,"Athens, TN",94137.24610246376,256299.06472961805,0.9892228858278933
11980,"Athens, TX",185982.51248388522,599559.0322312302,2.283152829996708
12020,"Athens-Clarke County, GA",7576793.002309431,21996136.601103824,89.35815203517294
12060,"Atlanta-Sandy Springs-Roswell, GA",96839936.3535472,280896898.46547633,1140.2861948085329
12100,"Atlantic City-Hammonton, NJ",1925981.7919713869,5151542.73241219,16.543560174453265
12140,"Auburn, IN",37674.23629195877,101090.95807007072,0.3698757583425152
12180,"Auburn, NY",1064686.5999713733,2486254.90938295,7.822540438257186
12220,"Auburn-Opelika, AL",2121217.092726059,5131836.121496154,19.961701341477735
12260,"Augusta-Richmond County, GA-SC",13838613.58025454,40160501.698363975,162.8754730781538
12300,"Augusta-Waterville, ME",431409.385378604,980159.1378364519,3.8096426767542453
12380,"Austin, MN",1777725.8095885834,4385270.100684825,16.174413075133494
12420,"Austin-Round Rock-San Marcos, TX",18148377.510955922,58320812.78350196,222.04665756240377
12460,"Bainbridge, GA",52904.14943999599,161995.86782365496,0.6079542588094523
12520,"Baker City, OR",21028.80878934505,54526.54282959539,0.18804468616111844
12540,"Bakersfield-Delano, CA",1183516.1580179522,3176722.4767607143,10.772695859219873
12580,"Baltimore-Columbia-Towson, MD",177576358.6599476,384508331.4064306,1547.7993135082852
12620,"Bangor, ME",2139441.1897461424,4911383.278905062,20.482174851980965
12660,"Baraboo, WI",1597537.8173116832,3722924.848819364,14.86180277922989
12700,"Barnstable Town, MA",4556627.090727827,10231187.319064494,37.309400084958206
12740,"Barre, VT",719562.149186119,1674331.144505237,5.567670917818129
12780,"Bartlesville, OK",38961.2967481348,110958.0269238491,0.41542808971971223
12860,"Batavia, NY",861105.6897710672,2003808.8712786494,6.328941648441186
12900,"Batesville, AR",32473.449712823724,88993.47111893255,0.31500608065217944
12940,"Baton Rouge, LA",6243801.5612388905,17198439.09750918,65.70574710817148
12980,"Battle Creek, MI",342262.56507828535,879023.5747163212,3.424287675179947
13020,"Bay City, MI",169710.63925808438,430626.5146290786,1.6975897843019483
13060,"Bay City, TX",175818.90561919505,567520.7609487281,2.1617609889437848
13100,"Beatrice, NE",33616.65343491485,86964.53862346354,0.31032994987006307
13140,"Beaumont-Port Arthur, TX",1167039.0302901254,3760854.3854146865,14.323402806862017
13180,"Beaver Dam, WI",663154.057020911,1566525.171940724,6.177409707986134
13220,"Beckley, WV",165681.195770051,448311.68358994427,1.3869911788210987
13260,"Bedford, IN",473348.0964358079,1273665.510720629,4.633203215579521
13300,"Beeville, TX",39956.44398685638,118336.8802208354,0.4320774933710603
13340,"Bellefontaine, OH",90627.7926472075,236292.34343705716,0.9197525465317077
13380,"Bellingham, WA",1041887.1264433066,2565736.7660674113,8.687473363845074
13420,"Bemidji, MN",52963.160414250524,142987.95134151645,0.4694777588424021
13460,"Bend, OR",411431.1084291387,1032621.9408790425,3.826600374003127
13540,"Bennington, VT",95509.4190309296,224612.28617638393,0.7504481544745973
13660,"Big Rapids, MI",120340.90805028263,306984.39939758467,1.2001469534951195
13700,"Big Spring, TX",34625.421461521146,111799.8109088799,0.4258868800605659
13740,"Billings, MT",68487.83434811622,182007.32230133432,0.6680593404355221
13780,"Binghamton, NY",4453896.560738951,10386237.564328453,32.61086076571891
13820,"Birmingham, AL",39928185.12041201,96300988.53370798,375.85590379162466
13860,"Bishop, CA",115837.91933040007,310410.94308812515,1.0539969241108207
13900,"Bismarck, ND",71907.00247340316,242868.8502870851,0.5648389472156417
13940,"Blackfoot, ID",23293.981625660763,78523.93201932157,0.25435361090467123
13980,"Blacksburg-Christiansburg-Radford, VA",7095100.855845696,19686367.150260203,61.76435784892965
14010,"Bloomington, IL",618547.8502967828,1749352.0245044061,6.231862382209872
14020,"Bloomington, IN",6938569.63167322,18672594.743484203,67.9393453600984
14100,"Bloomsburg-Berwick, PA",496488.7262096013,1193805.8978095092,4.395249352047114
14140,"Bluefield, WV-VA",284389.04955417255,744602.8786312249,2.5659582956123588
14180,"Blytheville, AR",56116.83698991434,152155.719690731,0.5768199146249853
14220,"Bogalusa, LA",298493.2953186766,822858.6415104788,3.14077649757771
14260,"Boise City, ID",1329902.9818274726,5781353.852721538,12.37212387262976
14300,"Bonham, TX",76160.14013029866,243786.6048460359,0.9259290542172844
14380,"Boone, NC",155556.44820192343,383396.417666473,1.555555135309924
14420,"Borger, TX",10599.617557869102,33889.26134035006,0.12868973311214796
14460,"Boston-Cambridge-Newton, MA-NH",517050735.463468,1160660963.046817,4236.8353245523085
14500,"Boulder, CO",8050633.2582093105,22588477.066901114,80.47811966890842
14540,"Bowling Green, KY",488028.7813144019,1288406.0781729268,4.721433990714964
14580,"Bozeman, MT",1181450.3402512076,3103020.477522865,10.986776563848457
14620,"Bradford, PA",150021.7910976107,362042.4740802134,1.2964987842324
14660,"Brainerd, MN",122118.61522888567,305478.9113364742,1.0990093086908181
14700,"Branson, MO",215415.08288975223,513234.24166977784,1.9312155280098076
14710,"Brattleboro, VT",141185.04209410155,325652.11842695373,1.0962783002195469
14720,"Breckenridge, CO",114160.88804428637,320866.53955042997,1.143863331831082
14740,"Bremerton-Silverdale-Port Orchard, WA",4522393.789100437,11100827.406191608,37.5986406599761
14780,"Brenham, TX",261208.80922256346,843363.8201186488,3.2125901827055494
14820,"Brevard, NC",80841.60067142961,205712.01319568898,0.8235005094688502
14860,"Bridgeport-Stamford-Danbury, CT",22255989.383863784,50809872.44678244,170.7380225543763
14940,"Brigham City, UT-ID",296023.40799058636,807563.531607627,3.4902958466676224
15020,"Brookhaven, MS",61831.10818847956,184667.52385432896,0.5744626142814725
15060,"Brookings, OR",19639.64980602282,51521.51054570621,0.18141082467817712
15100,"Brookings, SD",425684.7852509493,1325217.7197832018,3.6717351209312223
15180,"Brownsville-Harlingen, TX",336502.1501940668,1084312.4643623352,4.126344740600112
15220,"Brownwood, TX",86988.75290522118,280873.165993131,1.0699498987081646
15260,"Brunswick-St. Simons, GA",197063.419375607,576478.6807430129,2.2748165314683386
15340,"Bucyrus, OH",165038.04785652962,427675.50180520106,1.6768888735800618
15380,"Buffalo-Cheektowaga, NY",22534820.97572569,52595622.83057389,165.35728968008056
15420,"Burley, ID",15957.26683256762,49004.81825126654,0.1518567017477848
15460,"Burlington, IA-IL",155089.73216661692,370815.88468037266,1.2667250504424017
15500,"Burlington, NC",8725197.101980533,21436872.98529851,87.23006693611582
15540,"Burlington-South Burlington, VT",7899704.145306873,17903836.14965558,62.445432260091096
15580,"Butte-Silver Bow, MT",110139.02165343949,286581.47144304763,1.0105347095630075
15620,"Cadillac, MI",62013.268825514264,159733.0406709626,0.6214411874630701
15660,"Calhoun, GA",73700.21116447664,209583.2046165464,0.8419893108704936
15700,"Cambridge, MD",839770.5342503492,1818088.3488373358,7.267667844943967
15740,"Cambridge, OH",32876.828424089494,83871.14131280244,0.3076667025885858
15780,"Camden, AR",29410.636048074364,79222.04867749054,0.27626174510521967
15820,"Campbellsville, KY",64813.754257464825,168433.6400021538,0.581578683183312
15860,"Cañon City, CO",143296.6669354143,402453.0885723262,1.4348626827328272
15900,"Canton, IL",38748.243763001585,101808.48991817831,0.3547683722356257
15940,"Canton-Massillon, OH",891344.0100131455,2311052.320800752,9.018217861630092
15980,"Cape Coral-Fort Myers, FL",627499.4781685502,1936905.144900721,6.965394757713491
16020,"Cape Girardeau, MO-IL",57181.186812213906,138246.1025378108,0.5161142767846765
16060,"Carbondale, IL",47238.241225462465,130593.06976569619,0.47151954093160253
16100,"Carlsbad-Artesia, NM",30422.58519404533,75088.70644823989,0.2606010471752026
16140,"Carroll, IA",31559.223151627157,76808.3726164862,0.262535912894973
16180,"Carson City, NV",96285.92833591202,416548.80615514197,0.8520281169250757
16220,"Casper, WY",99305.72285781747,368497.43986899994,0.8835821063254199
16260,"Cedar City, UT",86191.01990423266,235135.44492252977,1.0126801388413502
16300,"Cedar Rapids, IA",3555869.102210965,8467216.411700208,28.869421809683818
16340,"Cedartown, GA",84281.06749035664,242665.15624031395,0.9817044531989167
16380,"Celina, OH",21840.214937236884,57161.87195751492,0.21713158298975754
16460,"Centralia, IL",29775.66037514255,74330.8611802028,0.2767420895505339
16500,"Centralia, WA",521126.2941718149,1280490.512829765,4.340003320646807
16540,"Chambersburg, PA",610530.7836485475,1452777.4148139576,5.243204999007485
16580,"Champaign-Urbana, IL",11832753.228574537,33679921.45340507,119.4495278600856
16620,"Charleston, WV",187946.77273954265,495624.1533359906,1.6804845412317808
16660,"Charleston-Mattoon, IL",321030.9209175085,913539.0721199575,3.242443965573934
16700,"Charleston-North Charleston, SC",20783585.127260007,60049833.00429852,226.3552295934859
16740,"Charlotte-Concord-Gastonia, NC-SC",12830782.223841649,31839628.04985057,128.71014087205342
16820,"Charlottesville, VA",26645724.13414487,73913070.39009638,231.77555264208343
16860,"Chattanooga, TN-GA",875943.7249799188,2331034.965412047,8.901824948386636
16940,"Cheyenne, WY",272896.6093806679,885213.8975283988,2.5676919487670933
16980,"Chicago-Naperville-Elgin, IL-IN",204978542.0652268,581626570.2719424,2065.741478310236
17020,"Chico, CA",489008.19016994856,1320329.5572937443,4.458104166016939
17060,"Chillicothe, OH",224159.1201601483,587805.3312045332,2.261802413645658
17140,"Cincinnati, OH-KY-IN",49721026.595941156,129317089.63016143,505.1161487355105
17220,"Clarksburg, WV",713648.70136198,1908372.168498104,5.847217062810698
17260,"Clarksdale, MS",39640.41192286176,110703.8904021544,0.3973702004210899
17300,"Clarksville, TN-KY",2119725.0105597973,5682670.01474502,21.888039544299595
17340,"Clearlake, CA",95755.57259608436,258023.12345741095,0.877767305987539
17380,"Cleveland, MS",40557.21173267045,119606.5930347352,0.3909536816283279
17410,"Cleveland, OH",64257893.726846956,167051499.74055332,654.7071336252806
17420,"Cleveland, TN",150166.89495961773,413366.9205740838,1.6285570197500636
17500,"Clewiston, FL",31611.683956327048,100200.79962060926,0.3654665283953027
17540,"Clinton, IA",155983.84828127857,372069.1414081915,1.2689815721365685
17580,"Clovis, NM",58788.15333468409,139739.28815022748,0.48230509914645003
17650,"Cody, WY",7385.713253138907,21382.523544579813,0.0763147441984687
17660,"Coeur d'Alene, ID",581071.6986269936,1715081.9992773235,4.995479975807248
17740,"Coldwater, MI",91981.01033238394,235036.91707670037,0.925298796759032
17780,"College Station-Bryan, TX",10304281.83638347,33264090.329416417,126.71567476894097
17820,"Colorado Springs, CO",3871558.6977841533,10859702.445162442,38.73613154155271
17860,"Columbia, MO",9580166.595053062,22620162.20072163,85.3065006549979
17900,"Columbia, SC",8941484.030418953,25776881.17536406,97.35399107940613
17980,"Columbus, GA-AL",436392.7085578567,1186306.8570778144,4.730012339495337
18020,"Columbus, IN",517836.7673074088,1394316.700689282,5.080463747396635
18060,"Columbus, MS",76326.12090565416,224696.15420346695,0.70240861754752415
18100,"Columbus, NE",122999.10380247436,318090.9428523426,1.142114213829994
18140,"Columbus, OH",57789271.72194746,150252437.44964153,588.7568052599887
18180,"Concord, NH",1702047.9270435285,4004923.7751187906,13.04147064407857
18220,"Connersville, IN",80992.5140351437,215787.0627601472,0.8036677693751507
18260,"Cookeville, TN",352854.9875943938,948490.8452446463,3.671544252185395
18300,"Coos Bay-North Bend, OR",65007.854865560366,166414.21236842492,0.5955632279012036
18340,"Corbin, KY",416625.4642749162,1080041.5785542305,3.710741560365287
18380,"Cordele, GA",19867.45697727215,56451.16461116453,0.22683528400529046
18420,"Corinth, MS",21717.385203182326,61567.293243608074,0.21081689531775194
18460,"Cornelia, GA",63504.62592697136,184460.91061403317,0.7489494211888456
18500,"Corning, NY",688148.781734623,1606037.093458057,5.066727374893089
18580,"Corpus Christi, TX",436646.9272579434,1394116.141253108,5.2889731261236275
18620,"Corsicana, TX",193486.22904847912,623881.3467580612,2.3749601260848228
18660,"Cortland, NY",1342634.9714021548,3131031.0772598814,9.829546598957961
18700,"Corvallis, OR",1829157.472937393,4542861.593094843,17.002850546118932
18740,"Coshocton, OH",107826.28270419435,279465.41996635764,1.0925545207983807
18820,"Crawfordsville, IN",234558.39484913804,633138.6617218871,2.3040836557986597
18860,"Crescent City, CA",24782.90023985239,68305.84734378102,0.22517151965235732
18880,"Crestview-Fort Walton Beach-Destin, FL",227818.02584728046,710032.7152054135,2.56295534828797
18900,"Crossville, TN",119046.95858511275,320885.5993797859,1.2427199264654492
18980,"Cullman, AL",601224.9096786559,1457537.1863364982,5.691230267472781
19060,"Cumberland, MD-WV",196640.60461038418,459032.8289273979,1.6645948266644655
19100,"Dallas-Fort Worth-Arlington, TX",75904776.10581465,244606702.93392566,931.6588442477935
19140,"Dalton, GA",236204.18895682038,648471.9392700588,2.567238553723415
19180,"Danville, IL",1192944.6661503452,3389098.3376272623,12.029091761210118
19220,"Danville, KY",388078.38902603503,1006928.111938539,3.483458228538293
19260,"Danville, VA",436246.5152466049,1177110.6279667434,3.9062755389025314
19300,"Daphne-Fairhope-Foley, AL",375820.99846542656,920664.1946787757,3.575459023051706
19340,"Davenport-Moline-Rock Island, IA-IL",1126571.368247457,2779318.053836977,9.675583187948584
19430,"Dayton-Kettering-Beavercreek, OH",2545315.246979121,6622561.116068279,25.842120579703
19460,"Decatur, AL",359514.0983950738,882839.5303975921,3.4441144015259337
19500,"Decatur, IL",287303.2934484962,809478.4113261368,2.873191926968615
19540,"Decatur, IN",91665.09688852227,245302.6018865177,0.9015564068726677
19580,"Defiance, OH",40012.78035467782,104280.88695037842,0.4061919502137921
19620,"Del Rio, TX",89334.29836114333,288190.1236020538,1.0973559850607475
19660,"Deltona-Daytona Beach-Ormond Beach, FL",1005736.7462863089,3241880.400692093,11.510928526791446
19700,"Deming, NM",14604.536290994138,37105.06888884549,0.12956861233802072
19740,"Denver-Aurora-Centennial, CO",60704252.803808235,170338034.60240686,606.9536090224593
19760,"DeRidder, LA",15846.03335386458,44619.451444552375,0.1703431095373962
19780,"Des Moines-West Des Moines, IA",1462737.2470357069,3517045.649651662,12.057928464970074
19810,"Detroit Lakes, MN",62656.08824489935,176840.076462411,0.5399462447097206
19820,"Detroit-Warren-Dearborn, MI",60129079.71936554,152403657.5851274,599.9053605942765
19860,"Dickinson, ND",8469.651683423592,27428.08020667373,0.06866958693050344
19940,"Dixon, IL",58660.750574807775,165693.44063006892,0.5891145778283361
19980,"Dodge City, KS",35989.04851102939,100255.89032040391,0.30534036222227623
20020,"Dothan, AL",165395.15650995186,414862.42426519335,1.6214629172663433
20060,"Douglas, GA",17609.563119720395,51072.00769759846,0.20725199802090866
20100,"Dover, DE",1583081.391448061,3770891.6614268753,9.697102174756806
20140,"Dublin, GA",95223.39565148257,271726.26564842585,1.1026833957560385
20180,"DuBois, PA",1902099.4373801523,4584344.016941666,16.929251903756246
20220,"Dubuque, IA",338858.8086092165,807297.9769912506,2.7584168189414204
20260,"Duluth, MN-WI",789968.2905297362,1952641.1009581387,7.210853372123118
20300,"Dumas, TX",8843.472113006275,28278.273980655806,0.10759124796098869
20340,"Duncan, OK",34153.18657328416,97464.03584908757,0.3646056873595156
20420,"Durango, CO",88214.28576616076,248996.00366857517,0.8796659211555262
20460,"Durant, OK",19344.16767743478,56391.10122655508,0.2117465075963284
20500,"Durham-Chapel Hill, NC",130728312.77226636,321199481.1727295,1307.122612456407
20540,"Dyersburg, TN",72570.18880667494,194968.63531473474,0.7538882124598436
20580,"Eagle Pass, TX",49352.58508528126,158286.96943151092,0.6010755773650037
20660,"Easton, MD",226674.55405388388,477533.9252104688,1.893542702628448
20700,"East Stroudsburg, PA",857642.9744435136,2026392.6799111215,6.581219016700111
20740,"Eau Claire, WI",418912.40139929357,1012050.591007365,3.8462635473644755
20780,"Edwards, CO",226046.5166458826,633419.4191295488,2.2494942990681333
20820,"Effingham, IL",90396.56355902187,253936.42718247953,0.9043812837472995
20900,"El Campo, TX",321809.76189787115,1039059.8582358826,3.958054317875607
20940,"El Centro, CA",389195.3351487629,1046717.0347483584,3.5587698805860803
20980,"El Dorado, AR",39334.69359887377,107243.17201595027,0.37188815822330734
21020,"Elizabeth City, NC",150439.9512748666,373707.8784328603,1.5034326135257294
21060,"Elizabethtown, KY",361162.9741988854,938710.2986474645,3.2465151164994337
21120,"Elk City, OK",50791.24744934712,144007.76218665089,0.5417655210112393
21140,"Elkhart-Goshen, IN",360419.43668461614,970018.6074498079,3.5336787080304695
21180,"Elkins, WV",31980.390664718696,81379.71611712922,0.2511088723188465
21220,"Elko, NV",17667.154372573023,63905.359607564416,0.17826701862910643
21260,"Ellensburg, WA",354413.68532979774,870138.8726568839,2.936116920529963
21300,"Elmira, NY",660048.279516758,1547269.692680622,4.9222768795659055
21340,"El Paso, TX",3364057.026837406,10791626.94809675,41.028635344902334
21380,"Emporia, KS",74984.11340649017,209553.29726706515,0.6376427122805708
21420,"Enid, OK",45283.81938731722,128544.07220349327,0.48105866158466615
21460,"Enterprise, AL",76554.91049958955,196788.66553380282,0.767146895690233
21500,"Erie, PA",1883958.0380760834,4547816.584435637,16.795457638340665
21540,"Escanaba, MI",48693.92653544433,125769.63288977218,0.4882629775887615
21580,"Española, NM",58933.444204570456,140783.12734974426,0.48495391619600026
21640,"Eufaula, AL-GA",41017.583657921925,101616.50731053589,0.39633488580641696
21660,"Eugene-Springfield, OR",7699006.2548513245,19119477.08406257,71.60089347652745
21700,"Eureka-Arcata, CA",91070.90706658276,247830.62995323562,0.82820718875021
21740,"Evanston, WY-UT",9947.397328261502,27804.689669376407,0.1109557814194057
21780,"Evansville, IN",570552.2136039322,1531046.8314104383,5.560610112620325
21820,"Fairbanks-College, AK",941838.5774379853,3957455.1543391137,7.642107634944515
21860,"Fairmont, MN",59877.77785243028,150516.46115092884,0.5427780917826753
21900,"Fairmont, WV",804958.3774559381,2194748.1813462055,6.485081365964337
21980,"Fallon, NV",19341.502286722804,102026.57078199118,0.16717513215555688
22020,"Fargo, ND-MN",1448432.7650737693,4865301.339449341,11.409303842352573
22060,"Faribault-Northfield, MN",533610.9559638323,1318951.1477308401,4.854264428324855
22100,"Farmington, MO",224255.95715599167,529671.9249600704,1.9966142117206813
22140,"Farmington, NM",60917.87385804923,152338.72206851875,0.5442644767612496
22180,"Fayetteville, NC",1514902.1089986104,3731327.9185873503,15.093911966133826
22190,"Fayetteville, TN",98353.71586827913,259139.91230007994,1.004639508793569
22220,"Fayetteville-Springdale-Rogers, AR",2184173.902912193,5886674.757564462,20.3623371786746
22260,"Fergus Falls, MN",106400.34156789555,280403.2034341493,0.9534200754042526
22300,"Findlay, OH",89294.00031698588,229772.7000947897,0.8986807585187802
22340,"Fitzgerald, GA",6987.027197924528,20289.792579616606,0.0824321864575764
22380,"Flagstaff, AZ",1463949.4084463695,4377129.629439939,15.07276736496945
22420,"Flint, MI",4382824.761968022,11111840.12012628,43.82726150296391
22500,"Florence, SC",186194.37561674358,517638.8940659198,1.968389703921435
22520,"Florence-Muscle Shoals, AL",216949.2752240248,531534.1090533828,2.0682161311973566
22540,"Fond du Lac, WI",483984.7685879652,1131716.7200499135,4.501227291396056
22580,"Forest City, NC",124568.12521108851,309860.1468486001,1.2476004229676505
22620,"Forrest City, AR",64674.94978040616,174363.01337957423,0.659046172216839
22660,"Fort Collins-Loveland, CO",9135391.84881899,25662309.181015737,91.13588213558464
22700,"Fort Dodge, IA",45788.03549491903,110110.05314461247,0.3760496660962457
22780,"Fort Leonard Wood, MO",75398.89402245797,189345.4545218171,0.6623265617063598
22800,"Fort Madison, IA",103983.8105572074,247806.3965342327,0.8444889320143041
22820,"Fort Morgan, CO",103752.29548292988,292195.4152172245,1.038604191607736
22840,"Fort Payne, AL",68601.148398102785,166565.3602304096,0.6495297389883316
22900,"Fort Smith, AR-OK",156715.36214267337,430027.2905500359,1.5124187706722714
23060,"Fort Wayne, IN",1244067.7883644784,3289578.5541149573,12.187659416612945
23140,"Frankfort, IN",261703.7770570285,704431.116207854,2.5687021329054773
23180,"Frankfort, KY",609391.0119039229,1574894.8660091734,5.502360157460984
23190,"Franklin, KY",64832.654525713595,170115.77658041994,0.6144762381590313
23240,"Fredericksburg, TX",69354.05980366033,221820.55146660886,0.8440331587857623
23300,"Freeport, IL",80553.09333218297,228714.65030159804,0.8113053247810971
23340,"Fremont, NE",151078.07843347284,391139.1557487767,1.407249990582632
23380,"Fremont, OH",167101.79418164823,436212.02707537875,1.6986597801931709
23420,"Fresno, CA",3111273.4174014134,8355407.243277703,28.358332652742757
23460,"Gadsden, AL",400539.9866257457,968480.7271676168,3.779588467278264
23500,"Gaffney, SC",135382.75520420523,358377.1331596911,1.4011793135523645
23540,"Gainesville, FL",37560771.18915629,121625224.13644178,431.8676203150859
23580,"Gainesville, GA",452574.40854201,1312911.1994874815,5.3175084739997835
23620,"Gainesville, TX",65472.69854652081,210456.29397237877,0.8002373003092941
23660,"Galesburg, IL",89926.49685195541,250997.82367973015,0.8887207855437599
23680,"Gallipolis, OH",42258.152325490344,111503.04064313037,0.40385867940543985
23700,"Gallup, NM",107758.51397944568,256397.531140018,0.8837131383428376
23780,"Garden City, KS",19703.653722300896,55373.80316133235,0.17124625686795678
23820,"Gardnerville Ranchos, NV-CA",51124.657214760635,235742.64633959075,0.4480544009999815
23900,"Gettysburg, PA",393088.01943303784,886287.1987050233,3.345534882076955
23940,"Gillette, WY",15862.061834314201,49064.2605806777,0.15742449583396695
23980,"Glasgow, KY",132013.65884695668,346691.04138850374,1.2453443385772467
24020,"Glens Falls, NY",335764.47587124986,778940.2946375362,2.4885606215506697
24100,"Gloversville, NY",252229.22366720412,587106.7010784633,1.8780632092755893
24140,"Goldsboro, NC",495452.1727949452,1222375.028776751,4.953757345668
24180,"Granbury, TX",107517.30534395967,347026.57948057103,1.3218295686951902
24220,"Grand Forks, ND-MN",1600868.5260738558,5444733.009490815,12.511533990044086
24260,"Grand Island, NE",143740.3255339326,372668.38705821283,1.3451274357959788
24300,"Grand Junction, CO",89010.21825472533,253823.42333540917,0.8899417234255474
24330,"Grand Rapids, MN",36409.66857821786,94155.7109025517,0.33033704308020106
24340,"Grand Rapids-Wyoming-Kentwood, MI",9526550.753112286,24245826.038214378,95.23879295167842
24420,"Grants Pass, OR",91719.24762686194,230237.00807181184,0.8499864338685331
24460,"Great Bend, KS",201917.08239890635,482156.3431945171,1.7939136550541699
24500,"Great Falls, MT",1008812.7858277175,2652100.8811604907,9.406161432794411
24540,"Greeley, CO",3760320.366112613,10553733.860823743,37.60507908776936
24580,"Green Bay, WI",948066.9958049061,2255337.6437072973,8.817403187928996
24600,"Greencastle, IN",222442.45362077636,599961.8599356089,2.1823237752684173
24620,"Greeneville, TN",80937.30144115114,217050.6547073315,0.8154534383415687
24640,"Greenfield, MA",1990205.8541229563,4472304.41298645,16.23304611051341
24660,"Greensboro-High Point, NC",8650361.549636163,21288951.450271383,86.37721882073988
24700,"Greensburg, IN",96831.45528905382,259420.8502820921,0.9544770454558169
24740,"Greenville, MS",80043.40493067577,243295.9721141167,0.7308841996627048
24780,"Greenville, NC",1493297.2508054404,3665111.8890072606,14.915020024502901
24820,"Greenville, OH",75377.78684233046,196065.11267816284,0.7649444253453275
24860,"Greenville-Anderson-Greer, SC",4381140.962940365,12630490.121466009,47.7714504050394
24900,"Greenwood, MS",38049.13472391031,116154.37244213367,0.3468959436336629
24940,"Greenwood, SC",187290.17123097106,538154.8301206409,2.073395138834541
24980,"Grenada, MS",66172.26615627017,199478.9530162492,0.6130139204744811
25060,"Gulfport-Biloxi, MS",344754.1229766953,1002769.0189002439,3.406002724121705
25100,"Guymon, OK",11717.46184813423,36021.94609697452,0.13636168100170654
25180,"Hagerstown-Martinsburg, MD-WV",1045176.7350452194,2289304.7994109835,8.596061988076
25200,"Hailey, ID",7234.471147817064,22873.748506170843,0.07706929310876283
25220,"Hammond, LA",242313.70388294777,673024.5067863564,2.572440091950143
25260,"Hanford-Corcoran, CA",258492.81395317896,692685.4723562128,2.3575115274678087
25300,"Hannibal, MO",414934.95450045844,979150.4411648016,3.6934036714856497
25420,"Harrisburg-Carlisle, PA",10790517.405844824,25967438.7413667,95.73123736418634
25460,"Harrison, AR",44055.951890911456,119936.52710157416,0.4191548226392364
25500,"Harrisonburg, VA",1263536.2665621631,3423258.526126567,11.09804132172179
25540,"Hartford-West Hartford-East Hartford, CT",33131473.538911775,75211758.1637735,255.92095194326657
25580,"Hastings, NE",82956.20058061785,215099.50227001173,0.7727583764698233
25620,"Hattiesburg, MS",314122.348217899,946853.2549424964,2.973736806363157
25700,"Hays, KS",42465.86335765578,119474.36540691195,0.35999962815438113
25720,"Heber, UT",1530409.1318136095,4166642.6880481914,18.025998523044148
25740,"Helena, MT",226551.06702793555,593355.1817469457,2.104608351162077
25770,"Hemlock Farms, PA",184314.98858194458,490075.98801175796,1.5049104187609847
25775,"Henderson, KY",50032.034905556924,131072.45950351263,0.46265645084538254
25780,"Henderson, NC",923691.8664397317,2270255.0648988266,9.229507961989222
25820,"Hereford, TX",8388.634880334817,27077.70276599044,0.1031323073975382
25840,"Hermiston-Pendleton, OR",115738.0216732643,294604.9269654603,1.0689231093040545
25850,"Hermitage, PA",831950.0921428761,2006960.4381745139,7.4006165008839755
25860,"Hickory-Lenoir-Morganton, NC",1210633.6743035554,2977057.3203617963,12.062322537074628
25880,"Hillsdale, MI",944223.8157280012,2398688.5207922994,9.45895126162445
25900,"Hilo-Kailua, HI",360656.3402797009,1002864.5753011045,3.3496713795426105
25940,"Hilton Head Island-Bluffton-Port Royal, SC",303438.54660775635,854074.039772058,3.2508523004314034
25980,"Hinesville, GA",113421.60486375928,325640.8113702606,1.3015881593884855
26020,"Hobbs, NM",40440.041607315296,100376.62113543629,0.3487522457322075
26090,"Holland, MI",480302.54914112383,1224731.6541361313,4.804642293040435
26140,"Homosassa Springs, FL",192770.68754614654,620209.3669550034,2.2016475273823644
26220,"Hood River, OR",37557.5722138928,92252.46712733516,0.3429228609186096
26300,"Hot Springs, AR",271772.31675070466,733788.6055953789,2.5402048650821776
26340,"Houghton, MI",679478.0293317556,1724389.6211857654,6.795222567217157
26380,"Houma-Bayou Cane-Thibodaux, LA",263367.0812587859,723393.4113651293,2.761628340107213
26420,"Houston-Pasadena-The Woodlands, TX",170212033.08898267,549115338.5384871,2091.5679258232644
26460,"Hudson, NY",486978.5366451003,1135033.1303920737,3.5575007083753416
26500,"Huntingdon, PA",487570.6319454704,1167524.9517587544,4.173588743226077
26540,"Huntington, IN",94621.8836120836,255150.59170823634,0.928166072816767
26580,"Huntington-Ashland, WV-KY-OH",673562.7959172584,1791698.174630956,5.816851654526689
26620,"Huntsville, AL",1485444.993614009,3638383.3511016862,14.201947428695641
26660,"Huntsville, TX",268315.3496648674,866307.9337162833,3.299991525349288
26700,"Huron, SD",26875.049946937124,81311.19096414305,0.23291549880120122
26740,"Hutchinson, KS",49798.37156664343,140178.05665145244,0.4245041998441837
26780,"Hutchinson, MN",87963.54142344774,217577.8536343586,0.7975131992797657
26820,"Idaho Falls, ID",104540.15443383223,347175.7656191455,0.9591987262598387
26860,"Indiana, PA",501331.3315283325,1212161.9232554038,4.479543000904581
26900,"Indianapolis-Carmel-Greenwood, IN",41724020.67289702,112311382.5365082,409.1823998672963
26980,"Iowa City, IA",25246172.533553444,60146516.85952021,204.52592914498598
27020,"Iron Mountain, MI-WI",46226.036502643314,117293.56954003668,0.4630662643668094
27060,"Ithaca, NY",16299646.848712388,37983829.25268882,119.08067758484138
27100,"Jackson, MI",2811528.1177424844,7137681.810623486,28.112283352674407
27140,"Jackson, MS",6065184.238514775,18497541.75340739,55.50663882350372
27180,"Jackson, TN",372416.8587262289,997009.1069654,3.8457117983129594
27220,"Jackson, WY-ID",4264.515516875381,16501.340574920505,0.04176519754978206
27260,"Jacksonville, FL",10182691.1092914,32708725.599428236,116.4618247372905
27300,"Jacksonville, IL",285476.48937067064,717503.7153642197,2.6455041653848737
27340,"Jacksonville, NC",885855.4364796546,2173465.151805654,8.829139947016548
27380,"Jacksonville, TX",147316.95591172768,474751.03289643995,1.8085376734370977
27420,"Jamestown, ND",11722.862246270804,39879.5791071486,0.09161117046645746
27460,"Jamestown-Dunkirk, NY",767100.8467449809,1801969.3168698864,5.6597967266446
27500,"Janesville-Beloit, WI",1542934.8866905756,3632613.4061639486,14.391160753042016
27540,"Jasper, IN",77514.0604421603,207754.14078835066,0.7563295298475439
27600,"Jefferson, GA",599694.1292459964,1733710.9586193145,7.026822660103851
27620,"Jefferson City, MO",936324.025995687,2219842.7895095753,8.357266574652236
27700,"Jesup, GA",21941.78239780463,63384.76763836212,0.2564522392397152
27740,"Johnson City, TN",718832.3465438299,1926444.0946458476,7.445276755805274
27780,"Johnstown, PA",967232.8923405309,2330973.1716985144,8.585504103346127
27860,"Jonesboro, AR",198614.85745257547,539281.6970026129,1.9331390625150506
27900,"Joplin, MO-KS",550041.6064412706,1322561.9280575092,4.912368540517681
27940,"Juneau, AK",5917.338805530831,22098.45305708067,0.052512482729089684
27980,"Kahului-Wailuku, HI",320394.72017221764,891443.5987876178,2.9762196898941453
28020,"Kalamazoo-Portage, MI",1220832.865194228,3125086.0784347365,12.1887045901125
28060,"Kalispell, MT",59352.70012838664,157165.186719516,0.5480665754058883
28100,"Kankakee, IL",438743.29723193863,1239945.8803100677,4.398015892918795
28140,"Kansas City, MO-KS",22162261.353238545,59602602.25704175,189.286842135371
28180,"Kapaa, HI",66698.29051782866,185800.35396531573,0.6200761935008651
28260,"Kearney, NE",134928.10226841416,350805.98065567453,1.259014554554979
28300,"Keene, NH",1678549.5875934956,4061692.02435899,12.302070202776523
28340,"Kendallville, IN",56109.62979261854,152896.45123234668,0.541154759424693
28380,"Kennett, MO",23485.284938143217,59135.08690882236,0.22421151206341786
28420,"Kennewick-Richland, WA",4306710.079316307,10561758.84834586,35.76448247806911
28450,"Kenosha, WI",727505.1307057291,1870108.831332375,7.026295004227222
28500,"Kerrville, TX",96156.63977878139,310416.9735374419,1.1824173745590922
28540,"Ketchikan, AK",824.7993515897139,3281.206947400166,0.006702569761349232
28580,"Key West-Key Largo, FL",121345.82316378599,390034.9308668191,1.3845350885849246
28620,"Kill Devil Hills, NC",148711.92511602814,369329.8014605484,1.4686898550468197
28660,"Killeen-Temple, TX",688999.3295359963,2219021.488695956,8.444959326546616
28680,"Kingsland, GA",98976.42405246032,284474.51021339203,1.145293309866599
28700,"Kingsport-Bristol, TN-VA",569952.7013865467,1539308.5481923046,5.615776829809628
28740,"Kingston, NY",1867989.6842037037,4356935.248252745,13.781626823337199
28780,"Kingsville, TX",114341.00875362822,368938.26401390036,1.4048188259138852
28820,"Kinston, NC",188912.10474080135,464278.3401458971,1.8880386864488528
28860,"Kirksville, MO",32876.95787707664,79458.7855103673,0.29306228083599367
28880,"Kiryas Joel-Poughkeepsie-Newburgh, NY",8530368.767803788,19959198.989704363,63.344926888918494
28900,"Klamath Falls, OR",130600.20324116603,325253.73389504227,1.214201245389791
28940,"Knoxville, TN",2930207.942949187,7889792.495804072,30.53981115532413
29020,"Kokomo, IN",293073.5047756725,789102.6221508837,2.8710094965345934
29060,"Laconia, NH",289310.9734769764,678563.1035598412,2.214169634289783
29100,"La Crosse-Onalaska, WI-MN",591309.3155235995,1430949.8631258344,5.4268218371379104
29180,"Lafayette, LA",512110.63820460136,1422387.3070372478,5.424839332624071
29200,"Lafayette-West Lafayette, IN",9833838.157696735,26472570.889848653,96.38202491976755
29260,"La Grande, OR",22546.52319112592,57206.10189013433,0.20579610690772526
29300,"LaGrange, GA-AL",311753.2553546674,793995.2503005858,3.1341192999281566
29340,"Lake Charles, LA",127382.37892016278,366640.1585602374,1.3906892362988248
29380,"Lake City, FL",1478671.9531563353,4787700.703470009,17.002169821070545
29420,"Lake Havasu City-Kingman, AZ",135980.80845285428,415359.7499500305,1.3896183281549859
29460,"Lakeland-Winter Haven, FL",718043.5722210143,2303406.4995113797,8.195341771972961
29470,"Lake of the Woods, VA",783015.1240601119,2155582.372710073,6.773316875306071
29540,"Lancaster, PA",3839591.7226482453,9257585.74507231,33.862556285081936
29620,"Lansing-East Lansing, MI",15054319.378307406,38186332.981718905,150.5382437967018
29660,"Laramie, WY",1571717.1308115236,6342822.12584492,12.968680571832625
29700,"Laredo, TX",269877.957616172,867556.6627769766,3.3006659210380493
29740,"Las Cruces, NM",884868.7773119918,2206301.930954273,7.753583611399715
29780,"Las Vegas, NM",29839.784356024775,71703.37569364543,0.24673913257093988
29820,"Las Vegas-Henderson-North Las Vegas, NV",1809326.43610755,9979687.653727481,15.695578858423884
29860,"Laurel, MS",73409.4295104504,220258.2380603035,0.6827132517978195
29900,"Laurinburg, NC",139010.61981243393,338625.9358778157,1.3773933735376405
29940,"Lawrence, KS",2657037.1564090718,7430754.107465489,22.40483756751863
29980,"Lawrenceburg, TN",306309.1098169774,823740.8928997472,3.186778733951183
30020,"Lawton, OK",251344.45983241443,718264.3507955329,2.6921096945590244
30060,"Lebanon, MO",262522.11710298265,642381.726025543,2.3219670508926926
30140,"Lebanon, PA",2336182.243435793,5622160.486756273,20.733916876326955
30150,"Lebanon-Claremont, NH-VT",20640922.915310524,50409626.48032783,149.14064418018506
30180,"Le Mars, IA",27128.824573347218,66909.83837045383,0.2279772921958678
30260,"Lewisburg, PA",240169.68576517858,582354.579208072,2.1295007431238346
30280,"Lewisburg, TN",388193.27003670804,1048114.797561938,4.056579143675405
30300,"Lewiston, ID-WA",316135.3532972649,1117804.8947146717,2.7883444032236917
30340,"Lewiston-Auburn, ME",418018.50451360707,950160.3731540771,3.7243868748416693
30380,"Lewistown, PA",612680.7376770703,1474656.7209794275,5.448685365547232
30420,"Lexington, NE",54133.43235621632,140771.48988203373,0.5066851017326873
30460,"Lexington-Fayette, KY",19035914.49897028,49327554.31971978,169.701852612095
30500,"Lexington Park, MD",1202558.9210398495,2213560.2584484504,8.751627609313616
30580,"Liberal, KS",4272.733535278961,11290.94968466246,0.031128144645132683
30620,"Lima, OH",239433.49089878178,625799.5672273956,2.426477158888367
30660,"Lincoln, IL",53524.36104184895,149107.62101520924,0.5298510802107864
30700,"Lincoln, NE",4116287.891245146,10626532.595997576,38.258275874413584
30780,"Little Rock-North Little Rock-Conway, AR",12758770.36951657,34383667.57359041,118.84446887313248
30820,"Lock Haven, PA",845794.468059687,2041247.405625505,7.521717375783639
30860,"Logan, UT-ID",1084178.2380635706,2953771.91731977,12.746154827439414
30900,"Logansport, IN",88993.88262105561,242556.00397862846,0.8779343281143265
30980,"Longview, TX",747310.5655858682,2398353.9590738476,9.135482360517239
31020,"Longview-Kelso, WA",638891.2920912192,1573483.882468711,5.476215564351201
31060,"Los Alamos, NM",58421.48394714404,137684.7110779733,0.47383462071604765
31080,"Los Angeles-Long Beach-Anaheim, CA",242922854.06419998,651356427.0697803,2210.9630217574236
31140,"Louisville/Jefferson County, KY-IN",16715979.464655144,43420899.029205784,149.68844892447365
31180,"Lubbock, TX",3292587.225431308,10603358.1494668,40.36831857220332
31220,"Ludington, MI",77651.83209349887,198811.01583493533,0.7767539045273587
31260,"Lufkin, TX",235147.5651445222,757748.6274244582,2.8863328936907875
31300,"Lumberton, NC",708289.2543570907,1743770.0677299662,7.064278543605532
31340,"Lynchburg, VA",1321088.754061438,3572209.1892232806,11.83030478806948
31380,"Macomb, IL",38706.11452752655,107303.65753555502,0.3785387064292031
31420,"Macon-Bibb County, GA",580485.5465698233,1673950.1902704542,6.789477570025953
31500,"Madison, IN",94489.5652958725,252457.87633390652,0.9205300245437272
31540,"Madison, WI",56232487.1215392,130712943.4259983,523.0620273553019
31580,"Madisonville, KY",84460.11064199904,220984.63421609282,0.7813648389496961
31620,"Magnolia, AR",18313.304520849193,49514.265029124545,0.17420969363149436
31680,"Malvern, AR",87896.9845942221,236805.28316727077,0.8213286012718223
31700,"Manchester-Nashua, NH",5508960.649786623,12526408.272639336,44.25044988538635
31740,"Manhattan, KS",1392568.8204231781,3905481.03658235,11.71489864864741
31820,"Manitowoc, WI",197194.49687810882,473451.2396391947,1.8382564947020636
31860,"Mankato, MN",828285.498330556,2045717.9178381017,7.532290430324111
31900,"Mansfield, OH",234846.14536681067,610725.9410508352,2.383644796222932
31930,"Marietta, OH",120978.24626568193,315471.4771586005,1.2134861139096211
31940,"Marinette, WI-MI",173313.24628407301,420559.2038370527,1.6400349623649704
31980,"Marion, IN",146532.95275838487,393232.7154638574,1.430153179506306
32000,"Marion, NC",68168.9615635601,169203.51764817737,0.6730226824995278
32020,"Marion, OH",250396.6800771449,648948.2158366442,2.54166917868019
32060,"Marion-Herrin, IL",32858.479924496365,89957.23314431355,0.3256724778709831
32100,"Marquette, MI",98565.61093467411,251757.52786925103,0.9859180118835813
32140,"Marshall, MN",47380.445554624006,119844.06754870471,0.4286690781397718
32180,"Marshall, MO",257730.49372644734,616418.3261366609,2.311215460739755
32260,"Marshalltown, IA",99969.56120085817,240187.42347647995,0.8227049901573993
32280,"Martin, TN",83576.68918235137,225682.17464659398,0.8718497799582082
32300,"Martinsville, VA",213022.52751842333,580301.4869927303,1.903316234506704
32340,"Maryville, MO",27592.803966028394,68035.33909596362,0.2501291283666541
32380,"Mason City, IA",102188.1111414958,249259.4064686174,0.885977709735241
32390,"Massena-Ogdensburg, NY",460587.5537128324,1073809.6365662625,3.382831278711143
32420,"Mayagaez, PR",0,0,0
32460,"Mayfield, KY",70068.50262499331,184236.86372240854,0.6563529050127913
32540,"McAlester, OK",39081.286902083004,111437.43360425238,0.4164629559909282
32580,"McAllen-Edinburg-Mission, TX",2801008.3831769633,9028616.094302854,34.38761686533864
32620,"McComb, MS",52081.913642398344,151670.91265095718,0.518880792377301
32660,"McMinnville, TN",342078.91347184725,920299.9457871572,3.5615523675762017
32700,"McPherson, KS",41242.846328080675,114184.10605688031,0.3536399529340492
32740,"Meadville, PA",350551.47055596916,847488.0131987702,3.1207144155001725
32780,"Medford, OR",189660.23764492135,477598.70423051313,1.7526737345588097
32820,"Memphis, TN-MS-AR",34798421.89935598,93456643.18783803,361.2005175398365
32860,"Menomonie, WI",97858.94861913478,233188.8014209746,0.8985507971959115
32900,"Merced, CA",1592040.3861496036,4273070.968456282,14.51495002179302
32940,"Meridian, MS",77735.98351608009,226745.17933935492,0.7279220788663961
33020,"Mexico, MO",103817.8858741342,245489.19703416192,0.9204666229733669
33060,"Miami, OK",12183.760462815238,34616.980752964664,0.12898963891639648
33100,"Miami-Fort Lauderdale-West Palm Beach, FL",39483051.49192385,127554081.54951465,453.25386644604885
33140,"Michigan City-La Porte, IN",405653.81278488855,1106440.4340784932,4.007051627552744
33180,"Middlesborough, KY",72340.27757199817,187682.63788468283,0.6456324653970684
33220,"Midland, MI",199788.06299707247,506425.6134188027,1.993097367037999
33260,"Midland, TX",126232.82156175494,406415.13394693565,1.547078622341945
33300,"Milledgeville, GA",96543.1352096974,277166.85934397706,1.1204988483729177
33340,"Milwaukee-Waukesha, WI",26048542.737042315,60914907.12947406,242.53614743827853
33380,"Minden, LA",105448.27510491412,290790.5086560494,1.1072321071107096
33420,"Mineral Wells, TX",17495.69543883696,56491.41390302356,0.21519653340488668
33460,"Minneapolis-St. Paul-Bloomington, MN-WI",69329988.77843773,171154483.12721896,631.0568667323124
33500,"Minot, ND",55955.58080692608,188043.57318561373,0.4409902304284671
33540,"Missoula, MT",1809419.310515227,4750168.0593824275,16.815330025117255
33580,"Mitchell, SD",53791.53055823845,168024.50839401298,0.4645303636389013
33620,"Moberly, MO",152875.34375856875,361849.9764667975,1.3593561155232319
33660,"Mobile, AL",1476544.860794027,3583157.1878161007,13.949164721963298
33700,"Modesto, CA",2480771.801309477,6663094.155667176,22.571846663626246
33740,"Monroe, LA",146764.51010005677,407313.74572781514,1.5477972859584739
33780,"Monroe, MI",3157103.1373104285,8017917.732188792,31.597199464061266
33860,"Montgomery, AL",1108391.8192515918,2704392.669324099,10.563162005634371
33900,"Monticello, IN",345646.0930640171,932772.6181948951,3.3908258897476835
33910,"Monticello, NY",621899.161636657,1451020.5907169308,4.560806712900733
33940,"Montrose, CO",41408.524434480314,115685.75997870776,0.4160656402914334
33980,"Morehead City, NC",266244.84446829965,654647.8962493317,2.649379557630375
34020,"Morgan City, LA",49480.02768751796,137787.79133647282,0.5247598067457734
34060,"Morgantown, WV",4115430.0383291473,11125060.023398707,33.1647846175513
34100,"Morristown, TN",124529.02105587017,334012.54913077905,1.2952061700254678
34140,"Moscow, ID",1689850.684335062,6511211.086375624,15.076614889743016
34180,"Moses Lake, WA",263314.0386794595,656267.0915227794,2.187246002066989
34220,"Moultrie, GA",66126.24433306753,195416.87179303606,0.7771740378360622
34260,"Mountain Home, AR",40119.50181654716,109050.67812598226,0.3799608701059536
34300,"Mountain Home, ID",10516.520972168257,49827.8769277706,0.09813375879763768
34340,"Mount Airy, NC",720045.4875338116,1771790.35631129,7.20685262358577
34380,"Mount Pleasant, MI",294910.05132260657,750185.9215454778,2.951245195687573
34420,"Mount Pleasant, TX",57944.008327506264,183754.8239594032,0.6942654261983559
34460,"Mount Sterling, KY",444886.75931686675,1156753.444596521,4.009496920967253
34500,"Mount Vernon, IL",17153.16553016283,43470.7268863742,0.16335870284526782
34540,"Mount Vernon, OH",95812.8494210297,248236.07780133543,0.970553977167262
34580,"Mount Vernon-Anacortes, WA",1603662.9398476025,3935778.137592182,13.325688248348172
34620,"Muncie, IN",576747.1183404698,1550456.0013912083,5.654952588732731
34660,"Murray, KY",48438.6902012298,126447.84199729924,0.4410711921507193
34680,"Murrells Inlet, SC",177222.4365336843,503476.9102697617,1.8989991608637902
34700,"Muscatine, IA",881273.9028009903,2094518.7415204118,7.123092060241946
34740,"Muskegon-Norton Shores, MI",433237.0095521032,1107355.1940439949,4.33349314722521
34780,"Muskogee, OK",70118.90424532883,197802.8754693947,0.7293530586952208
34820,"Myrtle Beach-Conway-North Myrtle Beach, SC",348155.1434091171,958393.5378901894,3.662554156160113
34860,"Nacogdoches, TX",190158.0649590981,610696.4512376428,2.3270334130499557
34880,"Nantucket, MA",155617.72159984827,347810.60935410834,1.2716208229161785
34900,"Napa, CA",1460629.6703905468,3916878.620918469,13.291781763818763
34940,"Naples-Marco Island, FL",304267.95521567477,868250.5949623422,3.013635350331575
34980,"Nashville-Davidson--Murfreesboro--Franklin, TN",100633981.56960414,270304115.50692344,1046.396642794021
35020,"Natchez, MS-LA",46376.72093112138,135308.1682468151,0.4594105367655882
35060,"Natchitoches, LA",42783.245403525405,124756.0134772666,0.4740555711750784
35100,"New Bern, NC",610257.9118210368,1503444.1386033245,6.04921586549957
35140,"Newberry, SC",160924.88178676763,456306.91196914046,1.7263406107597599
35220,"New Castle, IN",163080.69558297438,436687.04043584014,1.5926765733807686
35300,"New Haven, CT",87344041.50075366,198226689.74729088,672.7344689200097
35340,"New Iberia, LA",48761.171131162366,135347.78116101425,0.5157168466085768
35380,"New Orleans-Metairie, LA",18077775.213729683,49692083.33345797,189.84489414341493
35420,"New Philadelphia-Dover, OH",187331.08830298416,480863.05143642146,1.8087393293974126
35440,"Newport, OR",105681.79974716327,262162.5613730174,0.9793836985758075
35460,"Newport, TN",37633.25879510542,98863.20533124544,0.3874549966617244
35580,"New Ulm, MN",42230.59669157009,107295.23935432319,0.37817782893275126
35620,"New York-Newark-Jersey City, NY-NJ",626066363.9809139,1513291841.5061917,4675.726233756352
35660,"Niles, MI",640965.2896272218,1679708.3149693958,6.360005803318637
35700,"Nogales, AZ",167777.74797961532,500254.43179919134,1.7242343809960936
35740,"Norfolk, NE",242761.44645794667,628542.157870542,2.2585292127608683
35820,"North Platte, NE",70730.00307464442,184538.59370165123,0.6672668795559789
35840,"North Port-Bradenton-Sarasota, FL",1456800.4483136549,4663513.727541816,16.651291516177412
35900,"North Wilkesboro, NC",716042.4163897388,1765054.948185382,7.138602863586425
35940,"Norwalk, OH",125396.88480471102,325060.94759427925,1.2696903279399003
35980,"Norwich-New London-Willimantic, CT",4900296.899476705,11092640.02325112,38.025709721878926
36020,"Oak Harbor, WA",713826.2322970269,1752832.0932267755,5.939850222541672
36100,"Ocala, FL",2551063.5449531474,8259318.561102206,29.30968250738948
36180,"Ocean Pines, MD",113052.8131253494,241260.9606829352,0.9170806396499416
36220,"Odessa, TX",167538.038650546,538224.8203361286,2.046330550580137
36260,"Ogden, UT",8526229.055771451,23216260.196229227,100.54145459066434
36340,"Oil City, PA",682499.2435449236,1645793.4535512743,6.083220057465396
36380,"Okeechobee, FL",31791.446136530598,101026.8909567444,0.35771778496187334
36420,"Oklahoma City, OK",18659085.206932765,53269271.17690061,199.68398850009402
36460,"Olean, NY",322323.8159385506,751034.3883346376,2.3573256102494646
36500,"Olympia-Lacey-Tumwater, WA",1568240.83084933,3853187.9418872376,13.052873055905119
36540,"Omaha, NE-IA",20058085.76714739,51759574.16207387,186.38847221259246
36580,"Oneonta, NY",210215.01049260295,490319.87267055927,1.5424255592783511
36620,"Ontario, OR-ID",49000.72253001054,135900.3239607396,0.4560900785826938
36660,"Opelousas, LA",86496.16197178722,239158.17656730863,0.909189240346028
36700,"Orangeburg, SC",166084.84363757924,479649.60255467886,1.82429553183081
36740,"Orlando-Kissimmee-Sanford, FL",4490582.16510392,14262607.068431845,50.90584075681816
36780,"Oshkosh-Neenah, WI",993035.5594302936,2319261.262863056,9.23019589958571
36820,"Oskaloosa, IA",59761.86803564051,143180.21029964526,0.49125149945156954
36830,"Othello, WA",97056.39277099773,241850.92541675578,0.8072853623528529
36837,"Ottawa, IL",256565.89397890394,710304.8470680463,2.550757314267457
36840,"Ottawa, KS",45528.91049891197,127010.54848220476,0.38424055689101827
36900,"Ottumwa, IA",45900.59907163289,110556.95280081821,0.37932359015807376
36940,"Owatonna, MN",607599.6287836937,1501066.3270768716,5.535731552980623
36980,"Owensboro, KY",102584.69823662913,268258.5542568007,0.9333216955357546
37020,"Owosso, MI",873411.2660563531,2214584.355859049,8.733994905846581
37060,"Oxford, MS",770940.2170793607,2336362.657539508,7.112192338496451
37100,"Oxnard-Thousand Oaks-Ventura, CA",5922003.502559637,15893471.097978977,53.973316875358016
37120,"Ozark, AL",102729.48464260998,262479.4528767268,0.9598985456974903
37140,"Paducah, KY-IL",129368.14045186853,339452.3291852479,1.203614726436362
37220,"Pahrump, NV",22468.116655145743,92021.96044149852,0.20460893775816066
37260,"Palatka, FL",446876.77652153437,1445080.9183234752,5.130979799080038
37300,"Palestine, TX",109815.38216414917,354118.9079500785,1.3477025899946855
37340,"Palm Bay-Melbourne-Titusville, FL",585502.9034795025,1857756.8567048989,6.675228126388467
37420,"Pampa, TX",25961.917694110292,83797.32913676603,0.3190965940852368
37460,"Panama City-Panama City Beach, FL",170842.96706047002,528850.0696368741,1.8949563911985778
37500,"Paragould, AR",54820.38876317328,147572.62216339173,0.5375297705169656
37540,"Paris, TN",87247.2449823606,233713.72307062673,0.9050662578567045
37580,"Paris, TX",66978.92842913902,209966.89343923316,0.7894029036356884
37620,"Parkersburg-Vienna, WV",112506.03028313351,294823.2729234234,0.9461901529417018
37740,"Payson, AZ",97736.67168708396,292724.3196667985,1.0114492792651681
37800,"Pella, IA",55735.426846470866,133111.10283722766,0.4559623767791425
37860,"Pensacola-Ferry Pass-Brent, FL",414637.32946028555,1259561.3894445691,4.566721008774254
37900,"Peoria, IL",612665.6899684247,1719292.9420135957,6.154497282426087
37940,"Peru, IN",96836.7807724325,264249.99236642214,0.9622451551928014
37950,"Petoskey, MI",42536.17008875579,107650.55454183249,0.42478635163960354
37980,"Philadelphia-Camden-Wilmington, PA-NJ-DE-MD",244268361.67875868,593855615.7387798,2136.494686239836
38060,"Phoenix-Mesa-Chandler, AZ",23864093.12671022,71213376.87804018,245.28535591143233
38100,"Picayune, MS",59465.53051199155,171810.48303873694,0.5868977577087506
38180,"Pierre, SD",35762.590460790016,108208.94855864478,0.3104873093315851
38210,"Pikeville, KY",184053.05729188118,477539.65984792326,1.6398465855062496
38220,"Pine Bluff, AR",367697.8299620672,994288.028356265,3.4578972124597676
38240,"Pinehurst-Southern Pines, NC",331832.71690031496,819462.9872419516,3.3172345396293283
38260,"Pittsburg, KS",15319.619493681788,43315.851456595374,0.13444427105263382
38300,"Pittsburgh, PA",114981486.90525167,277207654.74233586,1022.7154654318791
38340,"Pittsfield, MA",1458989.3296547022,3284826.2840798087,11.886308376854117
38380,"Plainview, TX",85200.92649074753,269058.0649976301,1.0228009775826739
38420,"Platteville, WI",460572.2629765751,1076869.715726379,4.281450713927631
38460,"Plattsburgh, NY",261035.13796672306,601396.7659424826,1.983458609274311
38500,"Plymouth, IN",97970.19988205485,262822.69631897076,0.9603729232127944
38540,"Pocatello, ID",192868.67979092986,784815.946945552,1.9578080080862665
38620,"Ponca City, OK",54760.65136293915,156215.46281847463,0.5851249280768884
38660,"Ponce, PR",2017239.9,5184306.543,17.953435109999997
38700,"Pontiac, IL",100837.61656157448,282416.8705568521,0.999836411548316
38740,"Poplar Bluff, MO",11117.529150123886,27872.78206379762,0.10078439486077809
38820,"Port Angeles, WA",753538.2975940503,1849976.6035702196,6.260633348378358
38860,"Portland-South Portland, ME",5450890.178711897,12472248.934002489,50.763323383203755
38900,"Portland-Vancouver-Hillsboro, OR-WA",49425722.73597745,122682737.97430496,457.5558180146745
38920,"Port Lavaca, TX",55508.940764454586,179230.09346608067,0.6827504943333907
38940,"Port St. Lucie, FL",752689.3003711549,2422131.129822799,8.63214993161861
39020,"Portsmouth, OH",112078.01481891892,292985.6673443018,1.1371057603690649
39040,"Port Townsend, WA",89319.81326771872,219960.96176667523,0.7469330063401085
39060,"Pottsville, PA",630727.0105044952,1520730.192597159,5.585293550431508
39150,"Prescott Valley-Prescott, AZ",307067.9406711703,915387.5488926561,3.156820696109065
39220,"Price, UT",86391.53764491885,235257.09438620345,1.0187926284504545
39300,"Providence-Warwick, RI-MA",54538682.61354473,116068331.06598167,430.24690771968915
39340,"Provo-Orem-Lehi, UT",4514574.8623976745,12296337.287696349,53.11716264254795
39380,"Pueblo, CO",220366.44802404236,617089.0999657895,2.20761527137196
39420,"Pullman, WA",2023743.858584099,5231356.550201491,16.915324798529237
39460,"Punta Gorda, FL",122363.71536354074,369100.0318985317,1.3170646808361206
39480,"Putnam, CT",2051357.0612591282,4626643.150991001,15.945234877499681
39500,"Quincy, IL-MO",41214.75678396346,106324.43694528035,0.3882696322472907
39540,"Racine-Mount Pleasant, WI",991603.7468789509,2368049.1059770114,9.316583849949346
39580,"Raleigh-Cary, NC",54310763.63099345,133453662.88639607,542.5522829888666
39660,"Rapid City, SD",323945.74590215686,823100.553221891,2.541104933405701
39700,"Raymondville, TX",29139.673226453495,92702.67932856714,0.35070574476644417
39740,"Reading, PA",1724715.3009671413,4173785.87629733,15.291214503920004
39780,"Red Bluff, CA",300387.42761893274,805598.9134164806,2.733607352467914
39820,"Redding, CA",182415.05223687674,488410.8299486263,1.6604579315340657
39860,"Red Wing, MN",1984362.1767541547,4896111.454110774,18.05576658790681
39900,"Reno, NV",2992775.0733974865,17619079.850253817,25.605637242999936
39940,"Rexburg, ID",38358.50925695592,131059.18779399189,0.3716665377121161
39960,"Rice Lake, WI",121185.22661664664,287460.06768164,1.1185777097424983
39980,"Richmond, IN",228852.46551782556,613862.0570515689,2.234666576263924
40060,"Richmond, VA",19524789.226269186,53482126.982567936,169.50248186839656
40080,"Richmond-Berea, KY",1321698.674527502,3430043.174694565,11.793680863685221
40090,"Rifle, CO",113974.30477999776,330785.1348616949,1.115306925907484
40100,"Rio Grande City-Roma, TX",60548.57021897297,194048.1361746136,0.735418714482636
40140,"Riverside-San Bernardino-Ontario, CA",31996034.889167167,85760629.27819131,291.2658360760357
40180,"Riverton, WY",17077.755586580257,61910.85689187616,0.1434875898196293
40220,"Roanoke, VA",1938208.7783513705,5305996.082621725,17.047271500843696
40260,"Roanoke Rapids, NC",338003.15089820995,836075.2749360355,3.3456305699684914
40300,"Rochelle, IL",81781.26855992897,226286.07501056374,0.8017570068549116
40340,"Rochester, MN",47434348.981815584,116997120.82948427,431.67899046538616
40380,"Rochester, NY",35701582.57377372,83194783.4890575,260.7607440270494
40420,"Rockford, IL",588547.0371795556,1614526.0680778634,5.811489226508872
40460,"Rockingham, NC",235232.85438392946,576889.8864508828,2.3337600975053503
40540,"Rock Springs, WY",13177.757958984968,37371.84002044915,0.13776669205821793
40580,"Rocky Mount, NC",719614.4758479411,1772024.3646506695,7.172492665970166
40620,"Rolla, MO",97314.49482138749,230631.31781420324,0.8675335803569569
40660,"Rome, GA",363869.95805317716,944920.1581998368,3.690552074660691
40700,"Roseburg, OR",222499.02909306154,554292.6402815821,2.0661052198706993
40740,"Roswell, NM",41263.64276096011,109135.87397497553,0.38751718006669444
40760,"Ruidoso, NM",30217.459969239688,71653.56531570778,0.24710917863166246
40770,"Russellville, AL",55112.57188581425,135757.31674243405,0.523323098569819
40780,"Russellville, AR",123647.43692773316,334212.90974434494,1.1572717118199263
40820,"Ruston, LA",26748.600582072617,74693.66275230156,0.28334639251159144
40860,"Rutland, VT",315910.22461212164,743090.5344355777,2.4339666827714392
40900,"Sacramento-Roseville-Folsom, CA",42319533.36803749,113559781.18927377,385.13346993011805
40940,"Safford, AZ",111345.8983866448,333239.20269862906,1.14850873674006
40980,"Saginaw, MI",407719.9793196908,1033879.3012294378,4.074800133875889
41060,"St. Cloud, MN",388478.94056412,965807.1701704799,3.5315004018012677
41100,"St. George, UT",240681.5656133458,657725.3426612137,2.8230943099838193
41140,"St. Joseph, MO-KS",145148.46856324558,370130.8125141276,1.2690906702967464
41180,"St. Louis, MO-IL",120279119.76448475,284194109.6672147,1071.6548118984492
41260,"St. Marys, PA",60715.82055165398,142971.931833256,0.5288812574603285
41400,"Salem, OH",136607.08604982178,352845.9951299134,1.3558552891205677
41420,"Salem, OR",1005761.4640954268,2501334.459625195,9.321631133500663
41460,"Salina, KS",115847.99950405046,323378.07486186153,0.9754371871388084
41500,"Salinas, CA",3723855.154198757,9980358.83075993,33.88715045782648
41540,"Salisbury, MD",950738.9931403622,2104331.61746626,8.159898296137078
41620,"Salt Lake City-Murray, UT",32895754.609895784,89547130.96426761,387.87652774472605
41660,"San Angelo, TX",78092.45604666995,251897.76631785466,0.9592258422143246
41700,"San Antonio-New Braunfels, TX",35269376.55807864,113824655.39201078,433.5451558644342
41740,"San Diego-Chula Vista-Carlsbad, CA",203020873.10418049,544438708.8693051,1847.762709700707
41760,"Sandpoint, ID",83380.49855555818,279843.3927934817,0.7257873849764173
41780,"Sandusky, OH",344207.2037846418,893977.5433119383,3.4914358643820336
41820,"Sanford, NC",744685.2268480435,1831322.8132783968,7.434061177077726
41860,"San Francisco-Oakland-Fremont, CA",246837944.45964992,661863233.7690607,2246.2792985729557
41940,"San Jose-Sunnyvale-Santa Clara, CA",59158752.23316883,158595824.13364837,538.3213138869718
41980,"San Juan-Bayaman-Caguas, PR",4645011.75,11937680.197499998,41.340604575
42020,"San Luis Obispo-Paso Robles, CA",807393.5687519246,2164210.828857905,7.347337384002049
42100,"Santa Cruz-Watsonville, CA",8798866.08496501,23586388.419418067,80.05777232508017
42140,"Santa Fe, NM",404489.4897015886,962201.8834721167,3.332386543286791
42200,"Santa Maria-Santa Barbara, CA",3505281.8464968433,9388266.421535052,31.854458606498522
42220,"Santa Rosa-Petaluma, CA",6619513.23437626,17757007.283833582,60.23345141060642
42300,"Sault Ste. Marie, MI",43668.90812444621,112775.28313982811,0.4375188766300043
42340,"Savannah, GA",560323.1793350121,1618193.9715626815,6.487181192302613
42380,"Sayre, PA",163587.92147015114,402984.86651741894,1.357681465648372
42420,"Scottsbluff, NE",9667.884434940896,25204.571895392222,0.08957133701729093
42460,"Scottsboro, AL",56440.926820346824,138525.0107175861,0.5395310544223434
42540,"Scranton--Wilkes-Barre, PA",1692686.0703777983,4024895.088482174,14.336143389857032
42580,"Seaford, DE",545055.9367058298,1262020.2115012736,3.7582619757600066
42620,"Searcy, AR",241086.38961312678,650674.0648242476,2.2540687356291134
42660,"Seattle-Tacoma-Bellevue, WA",177178191.98881567,434349905.190061,1471.0221457799487
42680,"Sebastian-Vero Beach-West Vero Corridor, FL",135180.3485178516,434606.7102857724,1.5503393826191594
42700,"Sebring, FL",59919.08246382094,185367.3969764194,0.6795812449086592
42740,"Sedalia, MO",69959.83841160506,168387.95186368583,0.6306785893048417
42780,"Selinsgrove, PA",307593.7222882085,741818.5236993743,2.7446878425074215
42820,"Selma, AL",111230.8065927585,272282.610735827,1.06246022575681
42860,"Seneca, SC",933733.7045805136,2696013.0085475943,10.172690311772985
42900,"Seneca Falls, NY",505582.88236206525,1178381.466880972,3.6964754992628595
42940,"Sevierville, TN",82282.32525641614,219505.56115977067,0.8503875288784181
42980,"Seymour, IN",284161.4341736307,763789.2305907613,2.7891321405257075
43020,"Shawano, WI",177911.2781340746,416209.10438342317,1.6554979863961825
43060,"Shawnee, OK",375664.0126032171,1072913.5154998328,4.019861810619099
43100,"Sheboygan, WI",332596.7173744208,794381.8429892755,3.0972466889554595
43140,"Shelby-Kings Mountain, NC",195135.64686870584,474840.69716391,1.9311674595081887
43180,"Shelbyville, TN",375204.86076412903,1006417.5706689132,3.8954293981246044
43220,"Shelton, WA",498985.63142052834,1223161.1021172046,4.146408189936999
43260,"Sheridan, WY",34620.068942774284,127439.45932343244,0.30938122153964925
43300,"Sherman-Denison, TX",188985.89264606396,600676.4574723337,2.2710045483557875
43320,"Show Low, AZ",98443.12597939631,291868.69498289394,1.0130208586838827
43340,"Shreveport-Bossier City, LA",2776965.4512280505,7639638.837837261,29.19211915100368
43380,"Sidney, OH",77916.7859825679,201173.13961247503,0.7706845727890084
43420,"Sierra Vista-Douglas, AZ",335694.4370924354,1002320.6990577709,3.451909223101974
43460,"Sikeston, MO",403415.9862973133,953453.779271408,3.597161305342393
43500,"Silver City, NM",19869.10410848293,51430.854425564,0.17938258668676454
43580,"Sioux City, IA-NE-SD",176173.31471064684,475405.0134415885,1.5145667040408606
43620,"Sioux Falls, SD-MN",3316838.525282446,10329152.098645339,28.615423041677424
43640,"Slidell-Mandeville-Covington, LA",1401085.5102867284,3861895.4682817343,14.747918159862897
43660,"Snyder, TX",9243.302933338478,27662.4730517266,0.10027757900654308
43700,"Somerset, KY",92124.95106663978,240188.8786391353,0.8318904743619682
43740,"Somerset, PA",651385.5423978477,1547713.4686488044,5.764164900776416
43760,"Sonora, CA",873377.4053164222,2345721.2714397875,7.947102489675058
43780,"South Bend-Mishawaka, IN-MI",4577242.300334454,12329373.460290007,44.903540520234905
43890,"Sparta, WI",72697.57579135027,177311.41686146145,0.6651891938019874
43900,"Spartanburg, SC",624774.2187602906,1755927.9712114325,6.692871125988263
43940,"Spearfish, SD",41560.06428480668,127810.92122572646,0.36384447358246663
43980,"Spencer, IA",5645.1292420778855,17671.474916232106,0.048554592912395875
44020,"Spirit Lake, IA",32509.851512036366,82635.93625087284,0.27736088725401153
44060,"Spokane-Spokane Valley, WA",1945387.0925655183,4830776.657776025,16.279426945778823
44100,"Springfield, IL",665799.5346030663,1887748.575832539,6.710391644819709
44140,"Springfield, MA",6629610.456835208,14896690.833317222,53.97078819957267
44180,"Springfield, MO",1452262.8768372112,3418188.5849910346,12.942582806957708
44220,"Springfield, OH",401828.25038228685,1046413.641983626,4.075091285359763
44260,"Starkville, MS",334207.86955750297,1020005.5920710308,3.05292052948476
44300,"State College, PA",11182805.466836639,26945646.695344787,99.49814795032538
44340,"Statesboro, GA",105414.07567992655,305694.6912152437,1.2402622083053894
44420,"Staunton-Stuarts Draft, VA",2173948.8122966504,6005774.763672639,19.003947246363285
44460,"Steamboat Springs, CO",119079.17881544681,354338.62755940337,1.1507664349069457
44500,"Stephenville, TX",85643.50772193084,276375.822577117,1.0526445460861227
44540,"Sterling, CO",273339.43603998557,768070.509358068,2.7345960713753343
44580,"Sterling, IL",94360.18200414376,255457.41744546476,0.8999958974062908
44620,"Stevens Point-Plover, WI",250172.25961033674,588119.5968203304,2.3129127860695005
44660,"Stillwater, OK",1163461.097526954,3323007.7696787845,12.45742395318857
44700,"Stockton-Lodi, CA",5858921.3789417,15719480.979015592,53.31378370446407
44740,"Storm Lake, IA",12726.264934573144,33490.08845895404,0.10754688095608306
44780,"Sturgis, MI",130431.85394578178,332278.8509653309,1.3007478290726198
44860,"Sulphur Springs, TX",33291.23831368329,105634.62883710788,0.39926609906775784
44900,"Summerville, GA",65265.54459912579,186752.9791780529,0.7539030763555842
44940,"Sumter, SC",236881.93990155647,668227.7808988646,2.56428370419168
44980,"Sunbury, PA",1056399.4272692355,2544573.339610396,9.394652557526555
45000,"Susanville, CA",11772.316167248475,29192.118755379837,0.09906490795385953
45020,"Sweetwater, TX",25445.914943355616,81674.46051957321,0.31124120693012114
45060,"Syracuse, NY",7135279.591732004,16630054.515402148,52.513522448005546
45140,"Tahlequah, OK",57959.282727579885,164557.19191269326,0.6118849630152161
45180,"Talladega-Sylacauga, AL",632612.8981096817,1530806.0855157091,5.972175085619467
45220,"Tallahassee, FL",9068890.665071547,29327849.17489358,104.27368103023616
45300,"Tampa-St. Petersburg-Clearwater, FL",26070291.83333304,84246737.70730078,299.4264779946777
45340,"Taos, NM",97306.32826546776,229629.5636764463,0.7906179399945
45380,"Taylorville, IL",47755.65589690238,134433.40437447745,0.47589234191765434
45460,"Terre Haute, IN",533462.0369006434,1446036.5424190292,5.262518279944827
45500,"Texarkana, TX-AR",120256.276695893,354739.922456322,1.2952176482216413
45520,"The Dalles, OR",47583.05684848167,120463.50765739915,0.4393469191949558
45580,"Thomaston, GA",20198.21094417177,57652.89996008715,0.2331350248470328
45620,"Thomasville, GA",178801.0278144141,553427.6040473424,2.0596420908505535
45660,"Tiffin, OH",85345.70799715,220524.72300126954,0.8619620489288536
45700,"Tifton, GA",78546.50342205717,230059.77678454446,0.9231284147566141
45740,"Toccoa, GA",145288.53368857698,421038.60877086874,1.7018158066321543
45780,"Toledo, OH",4210630.2516809935,10880749.637850754,42.68873677632241
45820,"Topeka, KS",714726.5611053293,1987345.6751545446,6.0632707688380725
45860,"Torrington, CT",2879036.134321022,6544084.323691386,22.18588473522174
45880,"Town of Pecos, TX",10284.477918891662,31923.510324183386,0.1212557879037157
45900,"Traverse City, MI",173292.10586438156,445468.8983494189,1.73150938752279
45940,"Trenton-Princeton, NJ",10389286.561249258,32862168.18445132,91.8101010000321
45980,"Troy, AL",64446.3670483892,159626.27547050428,0.6268333322040631
46020,"Truckee-Grass Valley, CA",251202.62717366603,718486.6588037711,2.2863483482770315
46060,"Tucson, AZ",24620462.268009808,73605741.92637381,253.43717553057814
46100,"Tullahoma-Manchester, TN",171508.9236579379,465863.4678185808,1.8016335542583517
46140,"Tulsa, OK",4427842.150115903,12639899.066669995,47.35518578665847
46180,"Tupelo, MS",108819.915575073,315022.76044116344,1.0564101791236793
46220,"Tuscaloosa, AL",2119701.9663639874,5124169.5044568535,19.989248992674625
46300,"Twin Falls, ID",13592.966515993248,56502.58869481705,0.13102559168410358
46340,"Tyler, TX",1090392.3178471152,3516898.4982234165,13.392016511658936
46380,"Ukiah, CA",210901.11004251085,567944.236009512,1.9221096241431535
46460,"Union City, TN",65935.54626764571,177407.6128569862,0.6843268807554914
46500,"Urbana, OH",75475.39837155768,196550.60453618283,0.7684007856179957
46520,"Urban Honolulu, HI",11117801.510105783,30886080.133190814,103.31118884885512
46540,"Utica-Rome, NY",1501047.4537300128,3491188.476932893,11.022883767233079
46620,"Uvalde, TX",29511.961209762478,95217.23027112028,0.3625682733199973
46660,"Valdosta, GA",205172.50857142895,598291.530911155,2.402499334642439
46700,"Vallejo, CA",12188063.725832969,32683183.595730882,110.90839465824341
46780,"Van Wert, OH",13446.547114361814,35223.815793844886,0.13581434083608115
46820,"Vermillion, SD",303638.7195753459,944268.7341261506,2.620865428692919
46860,"Vernal, UT",66534.40311393511,181194.09881929576,0.7847135720241145
46900,"Vernon, TX",12619.566937535821,40747.0686233963,0.15522067333169057
46980,"Vicksburg, MS",95375.01585363546,289900.24603285646,0.8739835505326985
47020,"Victoria, TX",192250.47027990056,620593.6910851721,2.3637744892687693
47080,"Vidalia, GA",30893.771920010982,89693.59998810252,0.36433919435845524
47180,"Vincennes, IN",144693.6149254336,389237.209293432,1.416533280085793
47220,"Vineland, NJ",672148.6450572046,1999783.5690269426,5.9056573332064355
47240,"Vineyard Haven, MA",211659.66510348726,475399.77726736566,1.7390381044737733
47260,"Virginia Beach-Chesapeake-Norfolk, VA-NC",5273301.609460517,14146057.528008414,46.0030159214802
47300,"Visalia, CA",611470.6049728451,1639136.482779363,5.564143636567211
47340,"Wabash, IN",100665.5560776874,275016.16751322895,0.9897534748919712
47380,"Waco, TX",1261821.4833465111,4071593.8728098017,15.511829197272785
47420,"Wahpeton, ND-MN",24324.037485221328,77754.46884582777,0.19701875681506528
47460,"Walla Walla, WA",758300.6664148399,1872518.0579055636,6.295737704489343
47540,"Wapakoneta, OH",47917.77870566833,125483.45644914437,0.48752517733416
47580,"Warner Robins, GA",201828.4530352836,585810.8503750912,2.374844991078884
47620,"Warren, PA",207370.32464301217,499017.964463839,1.8298681929358416
47660,"Warrensburg, MO",63708.576133033726,154087.99569236755,0.5752976681418684
47700,"Warsaw, IN",193816.96368137698,521408.7428404086,1.8996036655005581
47780,"Washington, IN",169137.42816231825,455225.0796720371,1.6596244762552446
47820,"Washington, NC",177725.83113264287,436457.23458013986,1.7747985045454384
47900,"Washington-Arlington-Alexandria, DC-VA-MD-WV",70190990.8524465,99306175.26370841,371.8536337252193
47920,"Washington Court House, OH",96174.31547393152,249948.40797579542,0.9585233572378522
47930,"Waterbury-Shelton, CT",17377172.701971173,39550388.80697608,133.90296250426067
47940,"Waterloo-Cedar Falls, IA",300391.3389453385,730194.9673343217,2.544004990717595
47980,"Watertown, SD",59583.63103585447,181013.94367123928,0.5192697167036154
48020,"Watertown-Fort Atkinson, WI",754842.6937102274,1763009.2732642707,7.0315167059144645
48060,"Watertown-Fort Drum, NY",399325.12739876914,929902.2131944526,2.9328569847085824
48140,"Wausau, WI",598185.4557407298,1397027.6126380516,5.550836571148768
48180,"Waycross, GA",33251.77420931521,97181.09141350928,0.3906690416591641
48200,"Waynesville, NC",88863.89735531816,226390.83332114524,0.8842538109972127
48220,"Weatherford, OK",41908.837548206175,121022.00924877808,0.45388644314094384
48260,"Weirton-Steubenville, WV-OH",428156.2440451273,1072194.311366593,3.8212764570619626
48300,"Wenatchee-East Wenatchee, WA",811259.7251394084,1991630.9158348967,6.72329523813897
48460,"West Plains, MO",25783.761665812355,61702.74351298103,0.23176021123215662
48540,"Wheeling, WV-OH",542666.2244717234,1372415.8634825696,4.827660805515096
48580,"Whitewater-Elkhorn, WI",871919.9594076202,2033620.1558654443,8.120784234850289
48620,"Wichita, KS",691355.9087532702,1944917.164733492,5.965391178628252
48660,"Wichita Falls, TX",169214.40309551253,540915.2449254091,2.049570649960951
48680,"Wildwood-The Villages, FL",130205.54974663205,420827.25211716036,1.4925638416797957
48700,"Williamsport, PA",396202.8575217721,948739.3681104215,3.3914128750654426
48780,"Williston, ND",12410.49470905006,37156.18118653808,0.10451571378945038
48820,"Willmar, MN",63755.911428021165,159062.94522110195,0.5713197415805348
48900,"Wilmington, NC",3410360.7381416983,8377663.379789112,34.0015431567963
48940,"Wilmington, OH",166435.99088408204,432431.6923645113,1.6629709364027168
48980,"Wilson, NC",350476.7282470216,857015.7198430343,3.487454489976934
49010,"Winchester, TN",125354.61856989216,334967.4172044034,1.2985556125301103
49020,"Winchester, VA-WV",441769.77699603233,1137249.4051204785,3.843591423391006
49080,"Winnemucca, NV",10523.985530008404,42008.531015378125,0.10727343989257322
49100,"Winona, MN",1534359.7977372168,3787186.056299534,13.968783872897166
49180,"Winston-Salem, NC",15834481.735643594,38936324.4073057,158.31575686099853
49220,"Wisconsin Rapids-Marshfield, WI",680816.6438271245,1585893.5126093314,6.3237757253925215
49260,"Woodward, OK",32304.022153261867,92338.7990887049,0.3462211832040358
49300,"Wooster, OH",326680.55408091604,850270.6374513579,3.3337304624281208
49340,"Worcester, MA",38568516.47385208,86517180.97723836,315.4846433677459
49380,"Worthington, MN",77186.0818001402,197397.34420207166,0.6934646365972419
49420,"Yakima, WA",935495.342790442,2302836.7414378338,7.774621064667981
49460,"Yankton, SD",56512.273123889754,175664.81057121098,0.4925885829480648
49620,"York-Hanover, PA",4953317.266221897,11287348.793328144,43.49654718865341
49660,"Youngstown-Warren, OH",1569643.4159379401,3962036.3481544433,15.096414815276503
49700,"Yuba City, CA",1352147.649780403,3629851.557999422,12.31855904032155
49740,"Yuma, AZ",272897.35553372226,811919.8593938394,2.812853002838977
49780,"Zanesville, OH",294245.877118762,762627.0513323195,2.9577031315885653
49820,"Zapata, TX",22457.873574242425,71088.76804209052,0.2679008063081923
NA,NA,78151629.28161521,199257926.2441837,744.6587825546048
