"state","state_name","budg_NIH_cuts","econ_budg_NIH_cuts","jobs_budg_NIH_cuts"
"AK","Alaska",3279614.37219305,12764786.1652168,25.7257171561106
"AL","Alabama",74939340.8189406,185044875.482878,691.224589854416
"AR","Arkansas",19825636.2859072,55547428.0961462,176.352215999485
"AS","American Samoa",265186.208621906,681528.556158299,2.36015725673497
"AZ","Arizona",61968260.5690765,181781428.103493,631.005762652
"CA","California",1004861302.06078,2696592683.96519,8843.69717427114
"CO","Colorado",103584799.12607,290095438.687822,993.9869986577
"CT","Connecticut",145267999.927823,331045762.167195,1103.49782420473
"DC","District of Columbia",21549319.5118326,45305494.2760742,94.849746026508
"DE","Delaware",15542336.7154777,36710597.5194287,98.310608914538
"FL","Florida",162931078.454386,521510971.463887,1820.12760562593
"GA","Georgia",146700858.346642,430114927.655596,1724.58345742769
"GU","Guam",365877.777248928,940305.887529746,3.25631221751546
"HI","Hawaii",12262305.5820834,34581243.9653321,111.45067155103
"IA","Iowa",41536897.3102947,102284185.897726,330.739435554031
"ID","Idaho",6079581.62552493,20852627.4357583,53.4154234676298
"IL","Illinois",233617554.721433,661913690.893355,2296.55034744666
"IN","Indiana",81395032.4729461,219512349.343812,723.984653558489
"KS","Kansas",22479083.8646298,61066305.8700861,183.940187609248
"KY","Kentucky",52736284.1933804,137881181.276679,464.107756649563
"LA","Louisiana",40725083.4997082,112873017.266435,399.960960253455
"MA","Massachusetts",629084580.797376,1409045027.29559,4965.42764165823
"MD","Maryland",447182865.67099,978993522.16048,3627.55522583788
"ME","Maine",23222889.4310524,54009197.6152273,213.276254273054
"MI","Michigan",179696298.401917,458231806.165123,1741.35526528
"MN","Minnesota",132183331.285499,327940962.037177,1201.39732868331
"MO","Missouri",148714097.102126,352329365.316371,1277.40958022902
"MS","Mississippi",15437529.5284038,47681862.8946834,141.70916209324
"MT","Montana",8823642.24549256,23284303.2764637,81.150382133705
"NC","North Carolina",417263642.361187,1044504601.14426,4045.94429911924
"ND","North Dakota",4091231.34675084,15072434.6397054,30.3332231073981
"NE","Nebraska",26975727.8000515,69853231.1347765,247.984914101788
"NH","New Hampshire",28815675.8839424,67325073.0254277,213.482204799207
"NJ","New Jersey",150115177.033717,416002579.543639,1228.04302513076
"NM","New Mexico",22386640.6539986,52481398.0582204,176.247231788683
"NV","Nevada",8016579.20338174,40605273.1033189,70.0792930730069
"NY","New York",628500896.894619,1483501314.45553,4482.85674907518
"OH","Ohio",189265507.421519,493452380.31211,1867.97674204165
"OK","Oklahoma",26599408.2568412,74937479.0507367,279.143183634177
"OR","Oregon",74429109.9067564,180818508.224198,654.41599258543
"PA","Pennsylvania",398149474.837343,956454095.787463,3370.36348650477
"PR","Puerto Rico",9830008.86204488,25263122.7754554,87.4870788721995
"RI","Rhode Island",45390470.920421,95849231.3578297,339.626606414458
"SC","South Carolina",49952836.3697708,143237450.438126,514.922317404043
"SD","South Dakota",5397141.61352557,16520616.9895212,44.8247162920284
"TN","Tennessee",136775275.125385,368234865.267944,1366.98188625969
"TX","Texas",335579048.526944,1090492104.59101,3949.73079973382
"UT","Utah",52947660.6928756,145447916.598063,608.080454154511
"VA","Virginia",141271958.168699,368696420.490967,1117.18895703637
"VI","Virgin Islands",103693.810934394,266493.094101394,0.922874917316111
"VT","Vermont",19802811.6719628,46342421.9191375,145.276995759048
"WA","Washington",274804679.307452,664887948.701154,2149.10235189967
"WI","Wisconsin",115845731.284497,275565735.017242,1088.10071873535
"WV","West Virginia",17618287.7596545,44259001.3681834,142.560503480876
"WY","Wyoming",2658085.42616682,9923075.7206645,21.5549132683971
