"GEOID","rep_name","pol_party","state_name","state","budg_NIH_cuts","econ_budg_NIH_cuts","jobs_budg_NIH_cuts"
"0101","Barry Moore","Republican","Alabama","AL",1675255.99086329,4201047.60858372,15.6027584757757
"0102","Shomari Figures","Democrat","Alabama","AL",3049046.91903533,7572484.93161405,28.2705631346748
"0103","Mike Rogers","Republican","Alabama","AL",6757226.5046373,16693864.6194415,62.3141133261708
"0104","Robert B. Aderholt","Republican","Alabama","AL",6244115.47007256,15445861.2098602,57.7083513884972
"0105","Dale W. Strong","Republican","Alabama","AL",3050610.80175499,7588655.16391259,28.3794776850178
"0106","Gary J. Palmer","Republican","Alabama","AL",26259282.1252041,64737232.2787839,241.877853144654
"0107","Terri A. Sewell","Democrat","Alabama","AL",27903803.0073731,68805729.670682,257.071472699626
"0200","Nicholas J. Begich III","Republican","Alaska","AK",3279614.37219305,12764786.1652168,25.7257171561106
"0401","David Schweikert","Republican","Arizona","AZ",6368589.16921185,18684887.5786204,64.8748970139104
"0402","Elijah Crane","Republican","Arizona","AZ",3536835.75986592,10372098.5785373,36.016998634855
"0403","Yassamin Ansari","Democrat","Arizona","AZ",3674559.65137128,10779164.8651898,37.421889958056
"0404","Greg Stanton","Democrat","Arizona","AZ",5853396.2654299,17133441.6734057,59.387538410596
"0405","Andy Biggs","Republican","Arizona","AZ",3972801.8323257,11622762.3262,40.3797720082287
"0406","Juan Ciscomani","Republican","Arizona","AZ",19763235.5696666,58008000.693097,201.410247978805
"0407","Adelita S. Grijalva","Democrat","Arizona","AZ",13681037.4517189,40161139.3209593,139.452696527537
"0408","Abraham J. Hamadeh","Republican","Arizona","AZ",3331053.05382894,9768013.03702699,33.9079199496115
"0409","Paul A. Gosar","Republican","Arizona","AZ",1786751.81565745,5251920.03045686,18.1538021704007
"0501","Eric A. “Rick” Crawford","Republican","Arkansas","AR",2696114.02040249,7460597.30863152,25.0914618459301
"0502","J. French Hill","Republican","Arkansas","AR",12883017.7258211,36155772.1551739,113.58115344163
"0503","Steve Womack","Republican","Arkansas","AR",2129745.27239766,5979902.68278917,18.8792568955317
"0504","Bruce Westerman","Republican","Arkansas","AR",2116759.26728602,5951155.94955157,18.8003438163935
"0601","Vacant","Republican","California","CA",2725092.39981854,7328372.43309189,23.988775649964
"0602","Jared Huffman","Democrat","California","CA",16217568.308175,43538145.1408728,142.70576547368
"0603","Kevin Kiley","Republican","California","CA",6317432.54013004,17096080.4159241,55.6168429395549
"0604","Mike Thompson","Democrat","California","CA",27137338.9469442,72824943.5689948,238.825043997903
"0605","Tom McClintock","Republican","California","CA",5117809.85030648,13778962.1801084,45.0412576322407
"0606","Ami Bera","Democrat","California","CA",9285985.89175764,24949637.7204396,81.7042567296802
"0607","Doris O. Matsui","Democrat","California","CA",10773468.1170665,28915792.9639602,94.7793040977501
"0608","John Garamendi","Democrat","California","CA",28007585.1301259,75163351.1234774,246.484840315835
"0609","Josh Harder","Democrat","California","CA",6705400.19024221,18003319.5406461,59.0047892845831
"0610","Mark DeSaulnier","Democrat","California","CA",20699345.7451556,55572432.3093434,182.252185121827
"0611","Nancy Pelosi","Democrat","California","CA",75460314.3947774,202460551.932767,663.888566281199
"0612","Lateefah Simon","Democrat","California","CA",48247356.0758607,129442199.44265,424.566071371384
"0613","Adam Gray","Democrat","California","CA",4130683.56196176,11091166.9350987,36.3778970976662
"0614","Eric Swalwell","Democrat","California","CA",26025240.6453807,69820647.5737505,228.995257661826
"0615","Kevin Mullin","Democrat","California","CA",74619803.0372966,200235129.016631,656.686395894161
"0616","Sam T. Liccardo","Democrat","California","CA",44543835.756244,119511566.600299,391.957591286981
"0617","Ro Khanna","Democrat","California","CA",27889357.7254166,74803697.2051666,245.396879697604
"0618","Zoe Lofgren","Democrat","California","CA",12025709.9245179,32274749.0884561,105.879106031129
"0619","Jimmy Panetta","Democrat","California","CA",16639137.0430369,44641202.5774503,146.410580916582
"0620","Vince Fong","Republican","California","CA",1511741.95944052,4059262.6525961,13.2988330626747
"0621","Jim Costa","Democrat","California","CA",2228600.18782407,5990273.06154894,19.6519849783695
"0622","David G. Valadao","Republican","California","CA",1261937.88316093,3385708.75566283,11.1000606242973
"0623","Jay Obernolte","Republican","California","CA",4357912.26373633,11714057.596189,38.465796729429
"0624","Salud O. Carbajal","Democrat","California","CA",6143356.53573456,16489461.3584911,54.0557459794142
"0625","Raul Ruiz","Democrat","California","CA",2292881.22201852,6160328.24828133,20.2274580723273
"0626","Julia Brownley","Democrat","California","CA",8097843.08338067,21726287.0739963,71.3027977929786
"0627","George Whitesides","Democrat","California","CA",9645184.56258126,25880335.8706572,84.9115874704154
"0628","Judy Chu","Democrat","California","CA",18799785.2302556,50430912.0113608,165.502433203887
"0629","Luz M. Rivas","Democrat","California","CA",14663768.186023,39341826.6338389,129.080200776763
"0630","Laura Friedman","Democrat","California","CA",23276123.4813287,62427549.9818454,204.752828135567
"0631","Gilbert Ray Cisneros, Jr.","Democrat","California","CA",13841790.7927162,37148315.6379421,121.817373578822
"0632","Brad Sherman","Democrat","California","CA",25064896.0051639,67255061.3321261,220.587217651892
"0633","Pete Aguilar","Democrat","California","CA",5154313.27791568,13808079.8485389,45.2491498773974
"0634","Jimmy Gomez","Democrat","California","CA",20937248.0128794,56173952.7355016,184.225833483416
"0635","Norma J. Torres","Democrat","California","CA",7784959.51660501,20895486.0413629,68.5401944166564
"0636","Ted Lieu","Democrat","California","CA",34676216.2139675,93036472.9333197,305.130416924739
"0637","Sydney Kamlager-Dove","Democrat","California","CA",34907768.8987919,93675118.5106524,307.233095006498
"0638","Linda T. Sánchez","Democrat","California","CA",9375166.65711012,25156961.5005862,82.5140180036971
"0639","Mark Takano","Democrat","California","CA",7696473.03290245,20623243.2427181,67.6114344181425
"0640","Young Kim","Republican","California","CA",8060610.16409082,21634540.9725104,70.9772052705001
"0641","Ken Calvert","Republican","California","CA",5214074.39191756,13972813.1408278,45.9933082446837
"0642","Robert Garcia","Democrat","California","CA",8712042.48205198,23379400.810999,76.6902571594208
"0643","Maxine Waters","Democrat","California","CA",17177234.6006628,46107240.7027412,151.316203331183
"0644","Nanette Diaz Barragan","Democrat","California","CA",9714466.16939411,26064573.0706905,85.5434031914349
"0645","Derek Tran","Democrat","California","CA",6640848.78935848,17822044.9019243,58.4353895044999
"0646","J. Luis Correa","Democrat","California","CA",6933781.02542008,18609958.1702137,61.0537918665107
"0647","Dave Min","Democrat","California","CA",20343159.195286,54593138.7555614,179.043155077257
"0648","Darrell Issa","Republican","California","CA",20032602.6304095,53770150.2522589,176.383410880606
"0649","Mike Levin","Democrat","California","CA",26672528.8293694,71579830.6576452,234.846930585081
"0650","Scott H. Peters","Democrat","California","CA",73930868.5678824,198387625.30631,650.610470326812
"0651","Sara Jacobs","Democrat","California","CA",58436032.3560766,156808222.743914,514.288656807577
"0652","Juan Vargas","Democrat","California","CA",28706620.5711044,77032501.6832504,252.695124356634
"0801","Diana DeGette","Democrat","Colorado","CO",25622202.5936898,71752866.3612941,245.955501144262
"0802","Joe Neguse","Democrat","Colorado","CO",20030375.3344088,56121747.4145425,192.018731191209
"0803","Jeff Hurd","Republican","Colorado","CO",979577.493850048,2768966.29268906,9.36680737835633
"0804","Lauren Boebert","Republican","Colorado","CO",10563598.4783221,29599816.855143,101.417013712567
"0805","Jeff Crank","Republican","Colorado","CO",4335562.97567486,12133607.5740165,41.6311495476321
"0806","Jason A. Crow","Democrat","Colorado","CO",20803753.8906416,58233184.8669242,199.624940664825
"0807","Brittany Pettersen","Democrat","Colorado","CO",11004584.8717176,30793597.7679078,105.630235921656
"0808","Gabe Evans","Republican","Colorado","CO",10245143.487765,28691651.5553052,98.3426190971929
"0901","John B. Larson","Democrat","Connecticut","CT",17517901.5335225,39917697.7021205,133.453641755452
"0902","Joe Courtney","Democrat","Connecticut","CT",18942796.985785,43007696.4308574,144.226069308438
"0903","Rosa L. DeLauro","Democrat","Connecticut","CT",75670299.3364233,172251002.638595,575.051503379474
"0904","James A. Himes","Democrat","Connecticut","CT",16048455.7376988,36925756.0618322,120.928571596661
"0905","Jahana Hayes","Democrat","Connecticut","CT",17088546.334393,38943609.3337892,129.838038164703
"1000","Sarah McBride","Democrat","Delaware","DE",15542336.7154777,36710597.5194287,98.310608914538
"1198","Eleanor Holmes Norton","Democrat","District of Columbia","DC",21549319.5118326,45305494.2760742,94.849746026508
"1201","Jimmy Patronis","Republican","Florida","FL",663430.087702052,2008665.9522684,7.1139379866585
"1202","Neal P. Dunn","Republican","Florida","FL",9883832.51115603,31635185.823687,110.511750440636
"1203","Kat Cammack","Republican","Florida","FL",41503053.1615808,133277883.907544,464.700548356249
"1204","Aaron Bean","Republican","Florida","FL",4114068.22686825,13066652.2362015,45.7476253476675
"1205","John H. Rutherford","Republican","Florida","FL",7798513.53129761,24917287.5358098,87.0252208208819
"1206","Randy Fine","Republican","Florida","FL",2376685.48073834,7602790.7469311,26.5029279256445
"1207","Cory Mills","Republican","Florida","FL",1979559.1251443,6318242.34674706,22.063265511414
"1208","Mike Haridopolos","Republican","Florida","FL",1077121.26039956,3409202.94189658,11.9897454009398
"1209","Darren Soto","Democrat","Florida","FL",1078934.31530111,3382811.22345501,11.8755219394363
"1210","Maxwell Frost","Democrat","Florida","FL",2340847.85385566,7404792.82075029,25.9183004128332
"1211","Daniel Webster","Republican","Florida","FL",974710.219746515,3066894.0526006,10.7359352762977
"1212","Gus M. Bilirakis","Republican","Florida","FL",3068027.10925752,9840981.19407094,34.2992954182787
"1213","Anna Paulina Luna","Republican","Florida","FL",2418196.77190881,7690254.64785927,26.9228394248319
"1214","Kathy Castor","Democrat","Florida","FL",8304483.94016405,26601711.1594066,92.8693216941292
"1215","Laurel M. Lee","Republican","Florida","FL",14229099.4384613,45669864.2282958,159.322668624896
"1216","Vern Buchanan","Republican","Florida","FL",3606305.48179468,11533806.4912692,40.2914669946366
"1217","W. Gregory Steube","Republican","Florida","FL",931194.346320465,2914521.63128143,10.2121394668787
"1218","C. Scott Franklin","Republican","Florida","FL",910097.179770837,2891702.50308703,10.1322882020797
"1219","Byron Donalds","Republican","Florida","FL",734349.486484463,2282159.33400659,8.0023807789144
"1220","Sheila Cherfilus-McCormick","Democrat","Florida","FL",2142716.53194464,6848960.70195173,23.9335265892162
"1221","Brian J. Mast","Republican","Florida","FL",3807588.64903338,12208095.3999956,42.6053062133616
"1222","Lois Frankel","Democrat","Florida","FL",2126973.08812817,6756351.36454642,23.6168115624759
"1223","Jared Moskowitz","Democrat","Florida","FL",2305480.17179978,7336954.74738975,25.6657311192595
"1224","Frederica S. Wilson","Democrat","Florida","FL",6890607.73932897,22096383.0889321,77.057852775122
"1225","Debbie Wasserman Schultz","Democrat","Florida","FL",4512746.76590457,14456479.7809673,50.4044597566727
"1226","Mario Diaz-Balart","Republican","Florida","FL",4558976.8725153,14510648.0570664,50.5008578585016
"1227","Maria Elvira Salazar","Republican","Florida","FL",19429786.7577896,62379534.4463795,217.520811191653
"1228","Carlos A. Gimenez","Republican","Florida","FL",9163692.34998942,29402153.09949,102.58506853636
"1301","Earl L. “Buddy” Carter","Republican","Georgia","GA",1208871.98624565,3542819.93100565,13.8672724796763
"1302","Sanford D. Bishop Jr.","Democrat","Georgia","GA",1281206.12778453,3773953.98011488,14.7132180142833
"1303","Brian Jack","Republican","Georgia","GA",4151851.38011075,12145261.730532,48.6518276176752
"1304","Henry C. “Hank” Johnson Jr.","Democrat","Georgia","GA",21204465.2223054,62230155.7272465,249.810096643616
"1305","Nikema Williams","Democrat","Georgia","GA",40352109.7186847,118465225.515691,475.719263134834
"1306","Lucy McBath","Democrat","Georgia","GA",14458304.1473624,42390184.3022961,170.047640800535
"1307","Richard McCormick","Republican","Georgia","GA",7756186.1097441,22722039.4287387,91.0295974829113
"1308","Austin Scott","Republican","Georgia","GA",1329669.09871054,3897426.77991469,15.5071811244076
"1309","Andrew S. Clyde","Republican","Georgia","GA",5411882.81023942,15831698.4608379,63.4057774376255
"1310","Mike Collins","Republican","Georgia","GA",15327358.069502,44977410.4672357,180.568389092906
"1311","Barry Loudermilk","Republican","Georgia","GA",6400216.46323511,18748760.5117143,75.1015217171848
"1312","Rick W. Allen","Republican","Georgia","GA",9602967.41692868,28162922.1831585,112.953452932999
"1313","David Scott","Democrat","Georgia","GA",15085187.4797299,44238735.6519611,177.527124775795
"1314","Vacant","Republican","Georgia","GA",3130582.3160586,8988332.98514929,35.6810941732432
"1501","Ed Case","Democrat","Hawaii","HI",10076185.3692086,28410807.6244226,91.5781383793027
"1502","Jill N. Tokuda","Democrat","Hawaii","HI",2186120.21287482,6170436.34090944,19.8725331717272
"1601","Russ Fulcher","Republican","Idaho","ID",4267105.75927351,14117162.8312041,36.6236920508513
"1602","Michael K. Simpson","Republican","Idaho","ID",1812475.86625142,6735464.60455424,16.7917314167785
"1701","Jonathan L. Jackson","Democrat","Illinois","IL",23697415.3234669,67697761.9489099,234.349120914019
"1702","Robin L. Kelly","Democrat","Illinois","IL",18461677.4350058,52714498.5859598,182.396526293365
"1703","Delia C. Ramirez","Democrat","Illinois","IL",11486359.1817609,32695918.0054511,113.350722108361
"1704","Jesús G. “Chuy” García","Democrat","Illinois","IL",11267009.1204035,32161442.836335,111.44081816895
"1705","Mike Quigley","Democrat","Illinois","IL",28156065.9001405,80338462.5187272,278.356700834133
"1706","Sean Casten","Democrat","Illinois","IL",12708034.6955674,36208981.8657382,125.433717307259
"1707","Danny K. Davis","Democrat","Illinois","IL",27916937.9044151,79729153.1512247,276.165482727682
"1708","Raja Krishnamoorthi","Democrat","Illinois","IL",5518307.64525584,15585689.3810949,54.1638231481154
"1709","Janice D. Schakowsky","Democrat","Illinois","IL",45287253.4396741,129297233.79357,447.814693336745
"1710","Bradley Scott Schneider","Democrat","Illinois","IL",10415855.8866917,29508431.8046089,102.46869241785
"1711","Bill Foster","Democrat","Illinois","IL",5720091.5985228,16155640.409846,55.9772831184459
"1712","Mike Bost","Republican","Illinois","IL",3074985.6205697,7785480.03721982,27.8431296688098
"1713","Nikki Budzinski","Democrat","Illinois","IL",14253512.1416899,38378940.6761304,134.970130805388
"1714","Lauren Underwood","Democrat","Illinois","IL",4240375.21588168,12025080.1621264,41.6722067902835
"1715","Mary E. Miller","Republican","Illinois","IL",7343663.71548001,20278097.707914,70.8057193973099
"1716","Darin LaHood","Republican","Illinois","IL",2122634.29304049,5979076.35740054,20.7694192837295
"1717","Eric Sorensen","Democrat","Illinois","IL",1947375.6038673,5373801.65109863,18.5721611262163
"1801","Frank J. Mrvan","Democrat","Indiana","IN",5827577.21456911,16364483.174442,55.8651779954777
"1802","Rudy Yakym III","Republican","Indiana","IN",5731124.11986045,15447767.7394755,50.758486455585
"1803","Marlin A. Stutzman","Republican","Indiana","IN",1821664.52455543,4861987.73873553,16.332632152018
"1804","James R. Baird","Republican","Indiana","IN",17063563.7342727,45929007.3647791,150.433440784073
"1805","Victoria Spartz","Republican","Indiana","IN",7890491.70695502,21229245.9702649,69.7870114599759
"1806","Jefferson Shreve","Republican","Indiana","IN",10116786.8122627,27222916.3938752,89.4184957914395
"1807","André Carson","Democrat","Indiana","IN",19711396.9976245,53040515.5030385,173.772887207695
"1808","Mark B. Messmer","Republican","Indiana","IN",2948267.28371756,7942401.42646043,26.111841358172
"1809","Erin Houchin","Republican","Indiana","IN",10284160.0791286,27474024.032741,91.5046803540526
"1901","Mariannette Miller-Meeks","Republican","Iowa","IA",30641270.0062923,75271510.2332316,242.247192150602
"1902","Ashley Hinson","Republican","Iowa","IA",4940569.41461197,12151127.6665556,39.5758658565678
"1903","Zachary Nunn","Republican","Iowa","IA",2145877.16252631,5330164.28588639,17.4548633530181
"1904","Randy Feenstra","Republican","Iowa","IA",3809180.72686412,9531383.7120525,31.4615141938435
"2001","Tracey Mann","Republican","Kansas","KS",5681073.78062596,15588637.5008884,46.2602310640511
"2002","Derek Schmidt","Republican","Kansas","KS",2949817.4304558,8045356.44396366,24.158309028902
"2003","Sharice Davids","Democrat","Kansas","KS",12551350.726446,33844091.4707941,102.842219861489
"2004","Ron Estes","Republican","Kansas","KS",1296841.92710208,3588220.45444004,10.6794276548066
"2101","James Comer","Republican","Kentucky","KY",2034891.67240833,5359200.64108657,18.1490946291824
"2102","Brett Guthrie","Republican","Kentucky","KY",2934700.21027194,7699197.93037504,25.760669231612
"2103","Morgan McGarvey","Democrat","Kentucky","KY",12314651.7519654,32208496.103594,106.112536467085
"2104","Thomas Massie","Republican","Kentucky","KY",9567960.63833617,24997234.9396294,90.9027329615373
"2105","Harold Rogers","Republican","Kentucky","KY",1935615.38042475,5077842.07106167,16.7023349706719
"2106","Andy Barr","Republican","Kentucky","KY",23948464.5399738,62539209.5909328,206.480388389474
"2201","Steve Scalise","Republican","Louisiana","LA",12424152.2280949,34399551.5172844,121.883654914957
"2202","Troy A. Carter","Democrat","Louisiana","LA",14156668.7960114,39195823.5818527,138.896257137778
"2203","Clay Higgins","Republican","Louisiana","LA",1989755.91697341,5534622.46976155,19.6011898013198
"2204","Mike Johnson","Republican","Louisiana","LA",2240605.8045176,6237967.62613297,22.0904019617632
"2205","Julia Letlow","Republican","Louisiana","LA",4587583.23660267,12718995.8076451,45.0584729036838
"2206","Cleo Fields","Democrat","Louisiana","LA",5326317.51750826,14786056.2637585,52.4309835339541
"2301","Chellie Pingree","Democrat","Maine","ME",5846925.57867672,13535815.3700066,52.4598329969852
"2302","Jared F. Golden","Democrat","Maine","ME",17375963.8523757,40473382.2452207,160.816421276069
"2401","Andy Harris","Republican","Maryland","MD",23251197.3523024,51293862.5422753,191.372678717355
"2402","Johnny Olszewski, Jr.","Democrat","Maryland","MD",72510314.5192462,158997391.104005,607.210617354437
"2403","Sarah Elfreth","Democrat","Maryland","MD",38843212.3068386,85129620.5815109,318.377975020559
"2404","Glenn Ivey","Democrat","Maryland","MD",27066988.2990264,58348827.9364906,180.283789855326
"2405","Steny H. Hoyer","Democrat","Maryland","MD",17385506.4155159,37864061.5951121,122.192292041312
"2406","April McClain Delaney","Democrat","Maryland","MD",124484976.771362,272909600.547091,1039.29787793255
"2407","Kweisi Mfume","Democrat","Maryland","MD",88283319.3566739,193474828.697456,739.403613398352
"2408","Jamie Raskin","Democrat","Maryland","MD",55357350.6500253,120975329.156539,429.416381517995
"2501","Richard E. Neal","Democrat","Massachusetts","MA",15896142.0323771,35644900.949875,125.088613207325
"2502","James P. McGovern","Democrat","Massachusetts","MA",39634663.622173,88793024.5742576,312.637036252874
"2503","Lori Trahan","Democrat","Massachusetts","MA",34105062.4574876,76452623.9230302,269.069380430969
"2504","Jake Auchincloss","Democrat","Massachusetts","MA",74782022.7515189,167084792.859296,589.022831899443
"2505","Katherine M. Clark","Democrat","Massachusetts","MA",118233476.087641,264942683.622449,934.042499165655
"2506","Seth Moulton","Democrat","Massachusetts","MA",50879703.2928472,114048318.185066,401.853523048304
"2507","Ayanna Pressley","Democrat","Massachusetts","MA",164212962.931152,367913619.742695,1296.84507712393
"2508","Stephen F. Lynch","Democrat","Massachusetts","MA",105220767.955316,235712898.254513,830.969366232087
"2509","William R. Keating","Democrat","Massachusetts","MA",26119779.6668633,58452165.1844077,205.899314297649
"2601","Jack Bergman","Republican","Michigan","MI",1672541.48801291,4279571.37731706,16.2159520799667
"2602","John R. Moolenaar","Republican","Michigan","MI",2938885.56334407,7529146.44381714,28.5159989486884
"2603","Hillary J. Scholten","Democrat","Michigan","MI",4884010.58752783,12519397.4069479,47.3462134167896
"2604","Bill Huizenga","Republican","Michigan","MI",2834150.30873575,7295557.61617454,27.4438816886657
"2605","Tim Walberg","Republican","Michigan","MI",9976221.47849727,25545395.624642,96.426290701608
"2606","Debbie Dingell","Democrat","Michigan","MI",84293520.2517439,214770740.863874,817.419413220542
"2607","Tom Barrett","Republican","Michigan","MI",26573840.5379612,67708699.1861459,257.56374335356
"2608","Kristen McDonald Rivet","Democrat","Michigan","MI",5165333.73825185,13163590.4970398,50.0892965674406
"2609","Lisa C. McClain","Republican","Michigan","MI",3526055.28185821,8995025.11718998,34.1830899554018
"2610","John James","Republican","Michigan","MI",5363701.56323197,13672277.2996919,51.804638060549
"2611","Haley M. Stevens","Democrat","Michigan","MI",10423247.3915282,26576394.4860959,100.73071935261
"2612","Rashida Tlaib","Democrat","Michigan","MI",11369383.5134521,28966674.7857574,110.1372805653
"2613","Shri Thanedar","Democrat","Michigan","MI",10675406.6977713,27209335.4604299,103.478747368882
"2701","Brad Finstad","Republican","Minnesota","MN",50094650.5754109,123863644.030795,455.845062057982
"2702","Angie Craig","Democrat","Minnesota","MN",8796779.46424594,21799015.8791664,80.0656107051155
"2703","Kelly Morrison","Democrat","Minnesota","MN",12369820.4402716,30599677.2021709,112.555057917397
"2704","Betty McCollum","Democrat","Minnesota","MN",20536321.7594543,50787334.3165567,186.930353638986
"2705","Ilhan Omar","Democrat","Minnesota","MN",29457085.0924549,72860106.8357039,267.889110773429
"2706","Tom Emmer","Republican","Minnesota","MN",6367979.12173626,15795619.3111225,57.9273672773277
"2707","Michelle Fischbach","Republican","Minnesota","MN",1926929.30255571,5634983.26067585,16.301771215897
"2708","Pete Stauber","Republican","Minnesota","MN",2633765.52936922,6600581.20098639,23.8829950971727
"2801","Trent Kelly","Republican","Mississippi","MS",4659113.89711442,13416061.2099358,44.7127947030234
"2802","Bennie G. Thompson","Democrat","Mississippi","MS",4297556.95168399,13685210.8385237,38.5781832461577
"2803","Michael Guest","Republican","Mississippi","MS",5028824.97319534,16068831.5829209,45.0324961894242
"2804","Mike Ezell","Republican","Mississippi","MS",1452033.70641002,4511759.26330298,13.3856879546346
"2901","Wesley Bell","Democrat","Missouri","MO",84785477.2851446,199475802.182661,729.517343237291
"2902","Ann Wagner","Republican","Missouri","MO",19390358.1738133,45745327.3973046,167.221892603143
"2903","Robert F. Onder, Jr.","Republican","Missouri","MO",16950370.9645827,39914938.9794831,145.735421228608
"2904","Mark Alford","Republican","Missouri","MO",7218851.83506365,17305255.5380317,61.8491464333264
"2905","Emanuel Cleaver","Democrat","Missouri","MO",7820330.26778908,19938187.2891583,65.4363105425531
"2906","Sam Graves","Republican","Missouri","MO",3678419.54524728,9040968.66697921,31.2370614348075
"2907","Eric Burlison","Republican","Missouri","MO",2670626.78329429,6305290.18096136,23.0431303553526
"2908","Jason Smith","Republican","Missouri","MO",6199662.24719142,14603595.0817919,53.3692743939434
"3001","Ryan K. Zinke","Republican","Montana","MT",7331715.05568875,19340730.4711164,67.3594856692215
"3002","Troy Downing","Republican","Montana","MT",1491927.18980381,3943572.80534738,13.7908964644835
"3101","Mike Flood","Republican","Nebraska","NE",7551380.09818097,19550914.0327487,69.4029653318246
"3102","Don Bacon","Republican","Nebraska","NE",17626857.4257829,45612805.3166702,162.093395898125
"3103","Adrian Smith","Republican","Nebraska","NE",1797490.27608762,4689511.78535763,16.488552871838
"3201","Dina Titus","Democrat","Nevada","NV",1057853.19344211,5280968.82246757,9.29169385022699
"3202","Mark E. Amodei","Republican","Nevada","NV",5339943.19256927,27458456.4348301,46.6018596337545
"3203","Susie Lee","Democrat","Nevada","NV",939387.789550124,4672086.18550561,8.24328065308485
"3204","Steven Horsford","Democrat","Nevada","NV",679395.027820231,3193761.66051561,5.94245893594051
"3301","Chris Pappas","Democrat","New Hampshire","NH",8581778.29386487,19524277.2904522,66.2843076819786
"3302","Maggie Goodlander","Democrat","New Hampshire","NH",20233897.5900776,47800795.7349755,147.197897117229
"3401","Donald Norcross","Democrat","New Jersey","NJ",21627087.5598831,54480113.7209307,183.887236023292
"3402","Jeff Van Drew","Republican","New Jersey","NJ",6052446.95030194,16044178.4352421,50.4904084051598
"3403","Herbert C. Conaway, Jr.","Democrat","New Jersey","NJ",14742374.579226,41060375.562153,125.135578945873
"3404","Christopher H. Smith","Republican","New Jersey","NJ",5334309.37233489,15352934.8333029,43.970106010268
"3405","Josh S. Gottheimer","Democrat","New Jersey","NJ",18339787.144405,46481048.4471666,137.675152260076
"3406","Frank Pallone Jr.","Democrat","New Jersey","NJ",14947977.7629424,45575437.3064954,126.590071470865
"3407","Thomas H. Kean, Jr.","Republican","New Jersey","NJ",7249794.21118359,21328850.2094226,60.3536875338606
"3408","Robert Menendez","Democrat","New Jersey","NJ",12301713.8460269,31539173.48177,92.486056944307
"3409","Nellie Pou","Democrat","New Jersey","NJ",10881232.471276,28688901.6325115,83.6450166203549
"3410","LaMonica McIver","Democrat","New Jersey","NJ",9133586.02694087,25675250.9677212,73.128139086233
"3411","Vacant","Democrat","New Jersey","NJ",6915377.37602658,19251743.076672,55.4844140407858
"3412","Bonnie Watson Coleman","Democrat","New Jersey","NJ",22589489.7331693,70524571.8702514,195.197157789687
"3501","Melanie A. Stansbury","Democrat","New Mexico","NM",14796409.5147783,34526938.8082112,115.801553227351
"3502","Gabe Vasquez","Democrat","New Mexico","NM",6364865.21002278,15023817.2093208,50.5444178712277
"3503","Teresa Leger Fernandez","Democrat","New Mexico","NM",1225365.92919751,2930642.04068846,9.90126069010488
"3601","Nick LaLota","Republican","New York","NY",16454698.7055738,38762947.6116788,117.993251372821
"3602","Andrew R. Garbarino","Republican","New York","NY",11792127.3402406,27800863.3675873,84.0750547596163
"3603","Thomas R. Suozzi","Democrat","New York","NY",20767905.928867,49040483.7259804,148.482834808858
"3604","Laura Gillen","Democrat","New York","NY",16071300.455008,37917822.432767,114.619461116146
"3605","Gregory W. Meeks","Democrat","New York","NY",21141934.9284101,49876828.2941265,150.616009703364
"3606","Grace Meng","Democrat","New York","NY",25139757.9474806,59313115.4374449,178.982442592023
"3607","Nydia M. Velázquez","Democrat","New York","NY",30742083.7468835,72577168.8227971,219.117191614457
"3608","Hakeem S. Jeffries","Democrat","New York","NY",29875075.9230382,70525454.0136706,212.681838867827
"3609","Yvette D. Clarke","Democrat","New York","NY",36416948.8831483,85883944.3104247,259.307190633946
"3610","Daniel S. Goldman","Democrat","New York","NY",47501093.1473764,112266591.243579,339.143555135911
"3611","Nicole Malliotakis","Republican","New York","NY",22153677.7963815,52491950.4129553,158.167294457599
"3612","Jerrold Nadler","Democrat","New York","NY",35828755.9139412,84735792.7467759,256.723212416702
"3613","Adriano Espaillat","Democrat","New York","NY",68406228.3186479,161427139.074765,486.727103149479
"3614","Alexandria Ocasio-Cortez","Democrat","New York","NY",40698344.5204702,95962329.6923039,289.360488496104
"3615","Ritchie Torres","Democrat","New York","NY",45940125.1406866,108346623.286497,326.641433871843
"3616","George Latimer","Democrat","New York","NY",24338354.7160464,57370448.7680217,173.842093623953
"3617","Michael Lawler","Republican","New York","NY",15619017.0950686,37051345.7760848,112.614272766442
"3618","Patrick Ryan","Democrat","New York","NY",9345746.70281673,22144358.272656,67.6818187445058
"3619","Josh Riley","Democrat","New York","NY",21254604.8997198,50116913.7824319,151.331802030086
"3620","Paul Tonko","Democrat","New York","NY",12423076.3718377,29278239.3013147,88.8254305185419
"3621","Elise M. Stefanik","Republican","New York","NY",3045337.45731177,7172069.22235898,21.8907653954455
"3622","John W. Mannion","Democrat","New York","NY",8581991.1243576,20216573.5790875,61.398109646683
"3623","Nicholas A. Langworthy","Republican","New York","NY",9032187.3508263,21317770.1773527,64.5555972320886
"3624","Claudia Tenney","Republican","New York","NY",10760183.3958329,25364170.8319678,76.6879582475652
"3625","Joseph D. Morelle","Democrat","New York","NY",30151637.9606046,71083646.6214521,214.202002502292
"3626","Timothy M. Kennedy","Democrat","New York","NY",15018701.1240429,35456723.6494467,107.188535370877
"3701","Donald G. Davis","Democrat","North Carolina","NC",7017829.54687749,17584175.0426822,67.8984468909051
"3702","Deborah K. Ross","Democrat","North Carolina","NC",59732847.5158039,149480345.11746,579.270467135403
"3703","Gregory F. Murphy","Republican","North Carolina","NC",6664546.40785304,16695507.4065586,64.4624603484548
"3704","Valerie P. Foushee","Democrat","North Carolina","NC",200696695.924549,502135624.649978,1946.6189915646
"3705","Virginia Foxx","Republican","North Carolina","NC",10085379.035554,25277633.7982447,97.7044125169768
"3706","Addison P. McDowell","Republican","North Carolina","NC",12561694.7159024,31469729.0726638,121.813114061523
"3707","David Rouzer","Republican","North Carolina","NC",31501042.852712,78816936.2053377,305.37837351651
"3708","Mark Harris","Republican","North Carolina","NC",5411034.9654596,13586158.0328139,52.4318472049425
"3709","Richard Hudson","Republican","North Carolina","NC",19625055.4369507,49129937.5381884,190.284995758555
"3710","Pat Harrigan","Republican","North Carolina","NC",14944141.1178783,37433844.5392107,144.969293664479
"3711","Chuck Edwards","Republican","North Carolina","NC",2980689.42939536,7553441.5818561,28.9822771724562
"3712","Alma S. Adams","Democrat","North Carolina","NC",6324153.83437873,15896003.154761,61.3719409171861
"3713","Brad Knott","Republican","North Carolina","NC",34693729.1976782,86808462.2817145,336.010584093335
"3714","Tim Moore","Republican","North Carolina","NC",5024802.38019414,12636802.7227904,48.74709427391
"3800","Julie Fedorchak","Republican","North Dakota","ND",4091231.34675084,15072434.6397054,30.3332231073981
"3901","Greg Landsman","Democrat","Ohio","OH",25707942.6762146,67074508.1119355,254.073757348132
"3902","David J. Taylor","Republican","Ohio","OH",6487847.72863098,16959565.9139043,63.4768608701558
"3903","Joyce Beatty","Democrat","Ohio","OH",29554175.5756098,77069450.0688304,292.183291359194
"3904","Jim Jordan","Republican","Ohio","OH",6878608.23162944,17940280.1450338,67.9567621672845
"3905","Robert E. Latta","Republican","Ohio","OH",4765179.49756844,12428481.7657792,47.0111801806582
"3906","Michael A. Rulli","Republican","Ohio","OH",1989222.35488581,5095087.84059433,18.7067691965609
"3907","Max L. Miller","Republican","Ohio","OH",16236496.2142039,42324640.8700895,160.39014315631
"3908","Warren Davidson","Republican","Ohio","OH",13635962.5868196,35582946.0824553,134.776402704137
"3909","Marcy Kaptur","Democrat","Ohio","OH",4588538.27460645,11912881.3917074,45.103936247282
"3910","Michael R. Turner","Republican","Ohio","OH",2799402.84663531,7309355.2190402,27.5382266405697
"3911","Shontel M. Brown","Democrat","Ohio","OH",33961932.6717508,88593134.0668686,335.94598657382
"3912","Troy Balderson","Republican","Ohio","OH",7406590.91491072,19298626.9788696,72.983723786192
"3913","Emilia Strong Sykes","Democrat","Ohio","OH",5738581.9403143,14957439.6414821,56.5985208260622
"3914","David P. Joyce","Republican","Ohio","OH",10178637.8448355,26449799.472711,99.9934884767202
"3915","Mike Carey","Republican","Ohio","OH",19336388.0629035,50456182.7428083,191.237692508575
"4001","Kevin Hern","Republican","Oklahoma","OK",2831861.82872059,7977099.23854568,29.6930627984608
"4002","Josh Brecheen","Republican","Oklahoma","OK",1396290.12599555,3934202.24284216,14.5464169239095
"4003","Frank D. Lucas","Republican","Oklahoma","OK",4622540.09374715,13026771.9090631,48.5282673044018
"4004","Tom Cole","Republican","Oklahoma","OK",6888227.75324316,19407001.7649426,72.3379049030772
"4005","Stephanie I. Bice","Republican","Oklahoma","OK",10860488.4551348,30592403.8953431,114.037531704328
"4101","Suzanne Bonamici","Democrat","Oregon","OR",22090755.0369311,53646039.4535342,194.296989378626
"4102","Cliff Bentz","Republican","Oregon","OR",1155069.57634019,2841512.73693902,10.1369572150754
"4103","Maxine Dexter","Democrat","Oregon","OR",19059124.7002239,46262831.9528789,167.453115592764
"4104","Val T. Hoyle","Democrat","Oregon","OR",13680326.7617175,33232385.3488619,120.368481912014
"4105","Janelle S. Bynum","Democrat","Oregon","OR",10801819.5559537,26271127.2813044,95.0094160557444
"4106","Andrea Salinas","Democrat","Oregon","OR",7642014.27558993,18564611.4506792,67.1510324312065
"4201","Brian K. Fitzpatrick","Republican","Pennsylvania","PA",15539051.3702338,38517946.0303847,131.785748901664
"4202","Brendan F. Boyle","Democrat","Pennsylvania","PA",32718946.7424987,78819868.8164354,277.775887301189
"4203","Dwight Evans","Democrat","Pennsylvania","PA",73226039.4470807,176141146.276191,621.325255744024
"4204","Madeleine Dean","Democrat","Pennsylvania","PA",24095238.3307792,57979153.6254765,204.150380094747
"4205","Mary Gay Scanlon","Democrat","Pennsylvania","PA",46206903.2824322,111105248.741244,390.752943792762
"4206","Chrissy Houlahan","Democrat","Pennsylvania","PA",13315861.8322027,31920678.7374496,109.874186306687
"4207","Ryan Mackenzie","Republican","Pennsylvania","PA",4722159.05399616,11519996.725792,39.3194369122914
"4208","Robert P. Bresnahan, Jr.","Republican","Pennsylvania","PA",2623804.16706137,6339533.30069092,20.8030875561647
"4209","Daniel Meuser","Republican","Pennsylvania","PA",5565918.18201143,13339320.4233988,46.8080792081877
"4210","Scott Perry","Republican","Pennsylvania","PA",11333245.468516,26985403.4867414,95.8142631525055
"4211","Lloyd Smucker","Republican","Pennsylvania","PA",7437706.76560451,17301211.3804006,62.4979167426235
"4212","Summer L. Lee","Democrat","Pennsylvania","PA",66821371.7892722,160736107.587223,567.840985892072
"4213","John Joyce","Republican","Pennsylvania","PA",14083115.3752688,31930065.4966083,118.324631917019
"4214","Guy Reschenthaler","Republican","Pennsylvania","PA",13485156.968901,32673012.422002,114.068407069973
"4215","Glenn Thompson","Republican","Pennsylvania","PA",16143355.673792,38834374.3296228,137.111803415981
"4216","Mike Kelly","Republican","Pennsylvania","PA",7674344.10865269,18477638.5344081,65.3218339344541
"4217","Christopher R. Deluzio","Democrat","Pennsylvania","PA",43157256.2790399,103833389.873393,366.788638562426
"4401","Gabe Amo","Democrat","Rhode Island","RI",25671763.0548714,54223318.4316776,192.185618033601
"4402","Seth Magaziner","Democrat","Rhode Island","RI",19718707.8655496,41625912.9261521,147.440988380857
"4501","Nancy Mace","Republican","South Carolina","SC",16334663.0742283,47159847.1349087,168.060992871315
"4502","Joe Wilson","Republican","South Carolina","SC",7470143.26258252,21639790.0310578,79.3400312254898
"4503","Sheri Biggs","Republican","South Carolina","SC",5258333.08703752,15005279.1930296,54.24503446524
"4504","William R. Timmons IV","Republican","South Carolina","SC",2118747.65807902,6021346.48285209,21.7334031893204
"4505","Ralph Norman","Republican","South Carolina","SC",2184283.40564437,5854308.88038858,21.6041039073058
"4506","James E. Clyburn","Democrat","South Carolina","SC",15021342.3321311,43378434.0036641,154.646555631198
"4507","Russell Fry","Republican","South Carolina","SC",1565323.55006792,4178444.71222497,15.2921961141733
"4600","Dusty Johnson","Republican","South Dakota","SD",5397141.61352557,16520616.9895212,44.8247162920284
"4701","Diana Harshbarger","Republican","Tennessee","TN",1677105.38202797,4497954.5663623,16.6812579782399
"4702","Tim Burchett","Republican","Tennessee","TN",2581500.70673472,6968657.5425689,25.9232590040229
"4703","Charles J. “Chuck” Fleischmann","Republican","Tennessee","TN",1290300.63639349,3469915.60457221,12.7776701804659
"4704","Scott DesJarlais","Republican","Tennessee","TN",9224502.59669333,24849257.4683867,92.2664931985466
"4705","Andrew Ogles","Republican","Tennessee","TN",41543732.7178653,111850696.273999,415.427436031544
"4706","John W. Rose","Republican","Tennessee","TN",19776151.0065484,53251089.971486,197.755809379505
"4707","Matt Van Epps","Republican","Tennessee","TN",29667117.7985804,79865799.8200776,296.523233416736
"4708","David Kustoff","Republican","Tennessee","TN",9169586.77791838,24698348.4505978,91.6335747569784
"4709","Steve Cohen","Democrat","Tennessee","TN",21845277.5026228,58783145.5698928,217.99315231365
"4801","Nathaniel Moran","Republican","Texas","TX",2036122.77123919,6593825.67088022,23.8380793667306
"4802","Daniel Crenshaw","Republican","Texas","TX",9577900.34127695,31148034.0669471,112.837036458024
"4803","Keith Self","Republican","Texas","TX",4713890.24076138,15254942.1926683,55.1885742583255
"4804","Pat Fallon","Republican","Texas","TX",4009671.44121843,12991281.3974011,47.000677372298
"4805","Lance Gooden","Republican","Texas","TX",5429360.45569928,17652874.1874274,63.9363392795334
"4806","Jake Ellzey","Republican","Texas","TX",5763337.99965254,18719675.506794,67.7852227170471
"4807","Lizzie Fletcher","Democrat","Texas","TX",30097002.5556853,97947938.7406442,354.766429285833
"4808","Morgan Luttrell","Republican","Texas","TX",6992638.51128903,22754215.5725443,82.4267170450941
"4809","Al Green","Democrat","Texas","TX",38358196.8741658,124875845.380161,452.244491498382
"4810","Michael T. McCaul","Republican","Texas","TX",14644194.0641825,47667267.0223842,172.65211054322
"4811","August Pfluger","Republican","Texas","TX",854626.024371216,2767610.16558877,10.0093288508743
"4812","Craig A. Goldman","Republican","Texas","TX",9000381.43232666,29245033.7717704,105.962110107113
"4813","Ronny Jackson","Republican","Texas","TX",1579399.07079778,5122795.37368542,18.5404022500343
"4814","Randy K. Weber Sr.","Republican","Texas","TX",22736630.6892994,73916009.4254058,267.787980265468
"4815","Monica De La Cruz","Republican","Texas","TX",2312284.24580953,7508107.02076343,27.1857584406672
"4816","Veronica Escobar","Democrat","Texas","TX",3681619.96368809,11858138.1216918,42.8580232395132
"4817","Pete Sessions","Republican","Texas","TX",4797346.09016195,15612003.6287422,56.5511073381063
"4818","Christian D. Menefee","Democrat","Texas","TX",15648576.0822907,50932449.775134,184.494003569654
"4819","Jodey C. Arrington","Republican","Texas","TX",3856718.4016952,12066726.4507678,43.8785923600319
"4820","Joaquin Castro","Democrat","Texas","TX",14514527.7255525,47250920.2015721,171.144974348087
"4821","Chip Roy","Republican","Texas","TX",6906491.92613749,22475081.0240292,81.4028474285286
"4822","Troy Nehls","Republican","Texas","TX",16022725.2383744,52155241.5906699,188.90577087107
"4823","Tony Gonzales","Republican","Texas","TX",5733723.36906558,18650012.3045354,67.5006903886208
"4824","Beth Van Duyne","Republican","Texas","TX",8467112.07379647,27516585.4466198,99.7161230849306
"4825","Roger Williams","Republican","Texas","TX",5363762.83580657,17222649.5098062,62.4655215538531
"4826","Brandon Gill","Republican","Texas","TX",5210219.89820503,16941394.7118085,61.364381916229
"4827","Michael Cloud","Republican","Texas","TX",1506045.68387069,4871566.87970839,17.5971002134234
"4828","Henry Cuellar","Democrat","Texas","TX",3655543.93062472,11891678.6312558,43.0717554884062
"4829","Sylvia R. Garcia","Democrat","Texas","TX",12475284.4750061,40627681.8398592,147.170022757967
"4830","Jasmine Crockett","Democrat","Texas","TX",11244211.4180657,36579653.2676716,132.51399036489
"4831","John R. Carter","Republican","Texas","TX",2751190.68107524,8955001.17590896,32.4332181665868
"4832","Julie Johnson","Democrat","Texas","TX",8969855.63528343,29165941.3995947,105.65951302829
"4833","Marc A. Veasey","Democrat","Texas","TX",7482228.64053495,24306339.3714732,88.0745391570408
"4834","Vicente Gonzalez","Democrat","Texas","TX",1090847.6228146,3540065.92833367,12.8198922942424
"4835","Greg Casar","Democrat","Texas","TX",6475328.00718654,21065191.1193431,76.2747329803456
"4836","Brian Babin","Republican","Texas","TX",10245890.9208438,33336879.8367679,120.723408685673
"4837","Lloyd Doggett","Democrat","Texas","TX",9345408.49289414,30184779.3951541,109.278319436409
"4838","Wesley Hunt","Republican","Texas","TX",12028752.6961953,39120667.4854941,141.671013323283
"4901","Blake Moore","Republican","Utah","UT",15245731.495303,41873642.6195558,175.08341952431
"4902","Celeste Maloy","Republican","Utah","UT",15441282.7366765,42415630.1274266,177.385317045328
"4903","Mike Kennedy","Republican","Utah","UT",11515346.6379411,31637891.3925685,132.189531116746
"4904","Burgess Owens","Republican","Utah","UT",10745299.822955,29520752.4585126,123.422186468127
"5000","Becca Balint","Democrat","Vermont","VT",19802811.6719628,46342421.9191375,145.276995759048
"5101","Robert J. Wittman","Republican","Virginia","VA",9070824.9761865,24782723.868566,76.5930560716327
"5102","Jennifer A. Kiggans","Republican","Virginia","VA",2920022.8869361,7830111.14510483,24.7134357776107
"5103","Robert C. “Bobby” Scott","Democrat","Virginia","VA",3391546.54888171,9209200.95868612,28.815894277697
"5104","Jennifer McClellan","Democrat","Virginia","VA",12298290.7862685,33540423.9327157,104.259500781179
"5105","John J. McGuire III","Republican","Virginia","VA",27655271.9326676,76122318.8490459,235.663948256977
"5106","Ben Cline","Republican","Virginia","VA",7833816.25094904,20928838.7640233,66.5611719784568
"5107","Eugene Simon Vindman","Democrat","Virginia","VA",10422518.1005355,27239040.3904594,80.524869983732
"5108","Donald S. Beyer, Jr.","Democrat","Virginia","VA",18483608.0508399,43106246.8894863,112.680713773582
"5109","H. Morgan Griffith","Republican","Virginia","VA",8722995.5349999,23973825.9918425,74.7407552840477
"5110","Suhas Subramanyam","Democrat","Virginia","VA",18738138.0075887,47558166.2908286,149.836952651547
"5111","James R. Walkinshaw","Democrat","Virginia","VA",21734925.0928454,54405523.4102079,162.798658199904
"5301","Suzan K. DelBene","Democrat","Washington","WA",36339896.7146957,87854838.4717799,283.529467235266
"5302","Rick Larsen","Democrat","Washington","WA",20399429.5783897,49335504.9435215,159.222589675676
"5303","Marie Gluesenkamp Perez","Democrat","Washington","WA",8419156.75417915,20417454.0171655,69.9526099618528
"5304","Dan Newhouse","Republican","Washington","WA",6585834.7013914,15954787.6837055,51.458153223924
"5305","Michael Baumgartner","Republican","Washington","WA",8285972.50785951,20403978.5356681,65.0536773137512
"5306","Emily Randall","Democrat","Washington","WA",11741953.6173865,28415137.6962248,91.7298601460727
"5307","Pramila Jayapal","Democrat","Washington","WA",117133203.128407,283139641.212111,913.821520582433
"5308","Kim Schrier ","Democrat","Washington","WA",19232633.6870172,46518919.0544989,150.080554965754
"5309","Adam Smith","Democrat","Washington","WA",39999470.3292807,96705649.0987625,312.119382398927
"5310","Marilyn Strickland","Democrat","Washington","WA",6667128.28884466,16142037.9877163,52.1345363960128
"5401","Carol D. Miller","Republican","West Virginia","WV",2300052.41916684,6285170.72286474,18.4048200230729
"5402","Riley M. Moore","Republican","West Virginia","WV",15318235.3404876,37973830.6453187,124.155683457803
"5501","Bryan Steil","Republican","Wisconsin","WI",6928207.76193697,16687618.7418723,65.2626804779598
"5502","Mark Pocan","Democrat","Wisconsin","WI",61887437.1196581,146709344.783934,581.683872976141
"5503","Derrick Van Orden","Republican","Wisconsin","WI",3454624.93320528,8302562.88385262,32.1411267179641
"5504","Gwen Moore","Democrat","Wisconsin","WI",15028211.3040569,35722103.3799406,141.252732055679
"5505","Scott Fitzgerald","Republican","Wisconsin","WI",14519669.6080988,34573965.0271166,136.444449497216
"5506","Glenn Grothman","Republican","Wisconsin","WI",6505243.36431794,15522988.2843729,61.0526944999922
"5507","Thomas P. Tiffany","Republican","Wisconsin","WI",4577355.38314479,10967963.6207506,42.6666055294746
"5508","Tony Wied","Republican","Wisconsin","WI",2944981.8100782,7079188.29540275,27.5965569809244
"5600","Harriet M. Hageman","Republican","Wyoming","WY",2658085.42616682,9923075.7206645,21.5549132683971
"6098","Aumua Amata Coleman Radewagen","Republican","American Samoa","AS",265186.208621906,681528.556158299,2.36015725673497
"6698","James C. Moylan","Republican","Guam","GU",365877.777248928,940305.887529746,3.25631221751546
"7298","Pablo José Hernández","Democrat","Puerto Rico","PR",9830008.86204488,25263122.7754554,87.4870788721995
"7898","Stacey E. Plaskett","Democrat","Virgin Islands","VI",103693.810934394,266493.094101394,0.922874917316111
