"GEOID","rep_name","pol_party","state_name","state","budg_NIH_cuts","econ_budg_NIH_cuts","jobs_budg_NIH_cuts"
"0101","Barry Moore","Republican","Alabama","AL",1759174.741711,4331892.75134637,16.1844076237412
"0102","Shomari Figures","Democrat","Alabama","AL",3212203.06451503,7909913.00698837,29.5522681935382
"0103","Mike Rogers","Republican","Alabama","AL",7054202.25464428,17370672.1048664,64.8986607427274
"0104","Robert B. Aderholt","Republican","Alabama","AL",6498107.52860768,16001312.566179,59.7825892631906
"0105","Dale W. Strong","Republican","Alabama","AL",3122518.13547987,7689067.69538815,28.7271668464148
"0106","Gary J. Palmer","Republican","Alabama","AL",27209612.174433,67002509.1599092,250.328432004784
"0107","Terri A. Sewell","Democrat","Alabama","AL",28962402.1707825,71318679.7481896,266.454099971199
"0200","Nicholas J. Begich III","Republican","Alaska","AK",3369831.14228395,13396629.3263804,26.2846829098148
"0401","David Schweikert","Republican","Arizona","AZ",6398249.76192117,18793549.5399266,65.2621475715959
"0402","Elijah Crane","Republican","Arizona","AZ",3706967.28959327,10888457.9364936,37.8110663538514
"0403","Yassamin Ansari","Democrat","Arizona","AZ",3727789.39803265,10949618.6196557,38.023451859933
"0404","Greg Stanton","Democrat","Arizona","AZ",6054466.23379901,17783755.7670692,61.7555555847499
"0405","Andy Biggs","Republican","Arizona","AZ",4115721.63415023,12089090.1890527,41.9803606683324
"0406","Juan Ciscomani","Republican","Arizona","AZ",20947318.1928852,61528461.1941106,213.662645567429
"0407","Adelita S. Grijalva","Democrat","Arizona","AZ",14486610.5062383,42551454.2797188,147.76342716363
"0408","Abraham J. Hamadeh","Republican","Arizona","AZ",3359123.9245776,9866739.2234382,34.2630640306915
"0409","Paul A. Gosar","Republican","Arizona","AZ",1784212.09642454,5240757.96844519,18.1989633835303
"0501","Eric A. “Rick” Crawford","Republican","Arkansas","AR",2753821.1153675,7729770.70682904,24.233625815234
"0502","J. French Hill","Republican","Arkansas","AR",13785011.9057885,38693501.4144642,121.308104770939
"0503","Steve Womack","Republican","Arkansas","AR",2240276.46827418,6288289.14232259,19.7144329208128
"0504","Bruce Westerman","Republican","Arkansas","AR",2260019.04177293,6343705.07528077,19.8881675676017
"0601","Vacant","Republican","California","CA",2862310.78663108,7680407.49205882,25.1883349223535
"0602","Jared Huffman","Democrat","California","CA",17026709.6050779,45687585.2289499,149.835044524685
"0603","Kevin Kiley","Republican","California","CA",6662555.53961324,17877563.0241507,58.6304887485965
"0604","Mike Thompson","Democrat","California","CA",28905509.6597268,77561840.590219,254.368485005596
"0605","Tom McClintock","Republican","California","CA",5334119.87429269,14312986.0102567,46.9402548937757
"0606","Ami Bera","Democrat","California","CA",9826343.19467814,26366920.1277669,86.4718201131676
"0607","Doris O. Matsui","Democrat","California","CA",11451858.6614187,30728648.1509862,100.776356220485
"0608","John Garamendi","Democrat","California","CA",29556339.0039167,79308203.9112515,260.095783234467
"0609","Josh Harder","Democrat","California","CA",6970727.0508992,18704476.2982699,61.3423980479129
"0610","Mark DeSaulnier","Democrat","California","CA",21598974.291305,57956293.4753759,190.070973763484
"0611","Nancy Pelosi","Democrat","California","CA",79102632.6013574,212255236.192612,696.103166891945
"0612","Lateefah Simon","Democrat","California","CA",50733075.5302313,136131511.370989,446.451064666035
"0613","Adam Gray","Democrat","California","CA",4329287.69260117,11616730.7145105,38.0977316948903
"0614","Eric Swalwell","Democrat","California","CA",26378405.1671267,70780888.5116273,232.129965470715
"0615","Kevin Mullin","Democrat","California","CA",75491495.8337,202565512.06667,664.32516333656
"0616","Sam T. Liccardo","Democrat","California","CA",44350726.057713,119005822.247845,390.286389307874
"0617","Ro Khanna","Democrat","California","CA",27951683.8235037,75002450.0681055,245.974817646833
"0618","Zoe Lofgren","Democrat","California","CA",12317713.2013715,33051986.2478649,108.395876172069
"0619","Jimmy Panetta","Democrat","California","CA",17247959.8635424,46281263.6480328,151.782046799173
"0620","Vince Fong","Republican","California","CA",1595548.98626783,4281319.29115276,14.0408310791569
"0621","Jim Costa","Democrat","California","CA",2337611.25880016,6272486.93938694,20.5709790774414
"0622","David G. Valadao","Republican","California","CA",1325204.84023554,3555907.77598166,11.6618025940727
"0623","Jay Obernolte","Republican","California","CA",4608127.52681543,12364938.6176447,40.5515222359757
"0624","Salud O. Carbajal","Democrat","California","CA",6483150.91714688,17396168.5463266,57.0517280708926
"0625","Raul Ruiz","Democrat","California","CA",2395389.95776723,6427523.89571634,21.0794316283516
"0626","Julia Brownley","Democrat","California","CA",8560861.59661757,22971267.0798158,75.3355820502346
"0627","George Whitesides","Democrat","California","CA",10201649.4843423,27373975.4246328,89.7745154622122
"0628","Judy Chu","Democrat","California","CA",19927619.8501777,53471566.2293075,175.363054681564
"0629","Luz M. Rivas","Democrat","California","CA",15540735.9573532,41700288.2553673,136.758476424708
"0630","Laura Friedman","Democrat","California","CA",24712331.1740472,66310330.2345394,217.468514331615
"0631","Gilbert Ray Cisneros, Jr.","Democrat","California","CA",14571787.0070744,39100318.0453181,128.231725662255
"0632","Brad Sherman","Democrat","California","CA",26613217.0761051,71410956.7604584,234.196310269725
"0633","Pete Aguilar","Democrat","California","CA",5455340.50120418,14638256.0038128,48.0069964105968
"0634","Jimmy Gomez","Democrat","California","CA",22158079.0406588,59456533.185836,194.991095557797
"0635","Norma J. Torres","Democrat","California","CA",8223499.19922661,22066026.2175857,72.3667929531941
"0636","Ted Lieu","Democrat","California","CA",36799894.7830689,98744758.5772202,323.839074091007
"0637","Sydney Kamlager-Dove","Democrat","California","CA",36979728.6959064,99227304.9652415,325.421612523977
"0638","Linda T. Sánchez","Democrat","California","CA",9870221.74545638,26484658.967208,86.8579513600161
"0639","Mark Takano","Democrat","California","CA",8158795.42878093,21892407.29206,71.7973997732722
"0640","Young Kim","Republican","California","CA",8482968.31425237,22762256.8799965,74.6501211654208
"0641","Ken Calvert","Republican","California","CA",5478259.822461,14699755.1699816,48.2086864376568
"0642","Robert Garcia","Democrat","California","CA",9079104.7481164,24361863.3078951,79.8961217834244
"0643","Maxine Waters","Democrat","California","CA",18089955.668585,48540581.8602743,159.191609883548
"0644","Nanette Diaz Barragan","Democrat","California","CA",10050517.844212,26968445.533691,88.4445570290653
"0645","Derek Tran","Democrat","California","CA",6946968.36367206,18640724.8704958,61.1333216003141
"0646","J. Luis Correa","Democrat","California","CA",7292312.42992026,19567382.8582095,64.1723493832983
"0647","Dave Min","Democrat","California","CA",21514611.1214779,57729922.6966958,189.328577869005
"0648","Darrell Issa","Republican","California","CA",21034712.3639586,56442215.5651376,185.105468802836
"0649","Mike Levin","Democrat","California","CA",27916079.1929678,74906912.54912,245.661496898117
"0650","Scott H. Peters","Democrat","California","CA",77856899.1340814,208912573.089827,685.140712379917
"0651","Sara Jacobs","Democrat","California","CA",61323860.9786016,164549651.107726,539.649976611694
"0652","Juan Vargas","Democrat","California","CA",29966177.3800265,80407918.7811772,263.702360944233
"0801","Diana DeGette","Democrat","Colorado","CO",25930201.1330301,72626936.0811408,248.929930877089
"0802","Joe Neguse","Democrat","Colorado","CO",19698326.6865881,55172310.6902522,189.103936191246
"0803","Jeff Hurd","Republican","Colorado","CO",992444.755110616,2779701.60831759,9.52746964906191
"0804","Lauren Boebert","Republican","Colorado","CO",10784136.0267058,30204885.5650496,103.527705856376
"0805","Jeff Crank","Republican","Colorado","CO",4531326.07519405,12691622.6965444,43.5007303218629
"0806","Jason A. Crow","Democrat","Colorado","CO",21495147.1966702,60204958.4381628,206.353413088034
"0807","Brittany Pettersen","Democrat","Colorado","CO",10880550.7992403,30474930.1160431,104.453287672707
"0808","Gabe Evans","Republican","Colorado","CO",10181546.8740269,28517116.0159327,97.7428499906578
"0901","John B. Larson","Democrat","Connecticut","CT",18331982.8339777,41697101.8051272,139.32306953823
"0902","Joe Courtney","Democrat","Connecticut","CT",20065944.8121621,45641093.559067,152.501180572432
"0903","Rosa L. DeLauro","Democrat","Connecticut","CT",80850312.8529356,183898477.133461,614.462377682311
"0904","James A. Himes","Democrat","Connecticut","CT",16981558.4002744,38625487.2611787,129.059843842085
"0905","Jahana Hayes","Democrat","Connecticut","CT",18094218.9627367,41156294.8212616,137.516064116799
"1000","Sarah McBride","Democrat","Delaware","DE",15776887.1964236,37119138.2026025,86.7728795803297
"1198","Eleanor Holmes Norton","Democrat","District of Columbia","DC",18656724.8602898,36770049.9673674,29.8507597764638
"1201","Jimmy Patronis","Republican","Florida","FL",687245.883431175,2207508.10644735,7.69715389442916
"1202","Neal P. Dunn","Republican","Florida","FL",10515034.3817574,33775427.6845032,117.768385075683
"1203","Kat Cammack","Republican","Florida","FL",43858092.7123063,140876937.250409,491.21063837783
"1204","Aaron Bean","Republican","Florida","FL",4358487.68851042,13999933.8463863,48.8150621113167
"1205","John H. Rutherford","Republican","Florida","FL",8320255.08708067,26725559.2143242,93.1868569753035
"1206","Randy Fine","Republican","Florida","FL",2517251.49021037,8085684.03911374,28.1932166903561
"1207","Cory Mills","Republican","Florida","FL",2099160.74143459,6742731.33557002,23.5106003040674
"1208","Mike Haridopolos","Republican","Florida","FL",1139365.87968275,3659766.43330607,12.7608978524468
"1209","Darren Soto","Democrat","Florida","FL",1122287.7765701,3604909.71903126,12.5696230975851
"1210","Maxwell Frost","Democrat","Florida","FL",2476185.18215207,7953774.6161166,27.7332740401032
"1211","Daniel Webster","Republican","Florida","FL",1015376.62684828,3261499.54318237,11.3722182207007
"1212","Gus M. Bilirakis","Republican","Florida","FL",3264606.62583853,10486269.5647154,36.5635942093915
"1213","Anna Paulina Luna","Republican","Florida","FL",2561419.91699883,8227557.80298083,28.6879030703869
"1214","Kathy Castor","Democrat","Florida","FL",8817394.89499437,28322426.0453455,98.7548228239369
"1215","Laurel M. Lee","Republican","Florida","FL",15165577.5256336,48713475.240692,169.854468287097
"1216","Vern Buchanan","Republican","Florida","FL",3812625.02057095,12246563.9193563,42.7014002303946
"1217","W. Gregory Steube","Republican","Florida","FL",970269.690908646,3116611.18641754,10.8670205381768
"1218","C. Scott Franklin","Republican","Florida","FL",965611.079708078,3101647.22339066,10.8148440927305
"1219","Byron Donalds","Republican","Florida","FL",777450.5189451,2497255.1517726,8.70744581218512
"1220","Sheila Cherfilus-McCormick","Democrat","Florida","FL",2260518.89921811,7261031.19001244,25.3178116712428
"1221","Brian J. Mast","Republican","Florida","FL",4066574.05366721,13062275.6794408,45.5456294010728
"1222","Lois Frankel","Democrat","Florida","FL",2235573.14763239,7180902.73791906,25.0384192534828
"1223","Jared Moskowitz","Democrat","Florida","FL",2416915.38072708,7763393.60363245,27.0694522641433
"1224","Frederica S. Wilson","Democrat","Florida","FL",7215296.62730764,23176313.135092,80.8113222258456
"1225","Debbie Wasserman Schultz","Democrat","Florida","FL",4743528.32470799,15236726.013804,53.1275172367295
"1226","Mario Diaz-Balart","Republican","Florida","FL",4782840.69508554,15363001.599274,53.5678157849581
"1227","Maria Elvira Salazar","Republican","Florida","FL",20366928.9771327,65420778.653468,228.109604543886
"1228","Carlos A. Gimenez","Republican","Florida","FL",9640886.53309989,30967570.2514244,107.977929170719
"1301","Earl L. “Buddy” Carter","Republican","Georgia","GA",1213585.111242,3564425.35462683,14.3203043126556
"1302","Sanford D. Bishop Jr.","Democrat","Georgia","GA",1322469.04274019,3884228.75576317,15.6051347043343
"1303","Brian Jack","Republican","Georgia","GA",4272605.66696631,12549086.0332581,50.4167468702024
"1304","Henry C. “Hank” Johnson Jr.","Democrat","Georgia","GA",22052087.6377683,64769268.8138461,260.214634125667
"1305","Nikema Williams","Democrat","Georgia","GA",41914435.3809804,123107044.419765,494.590337495569
"1306","Lucy McBath","Democrat","Georgia","GA",15090845.3736778,44323378.2075988,178.071975409398
"1307","Richard McCormick","Republican","Georgia","GA",8057556.02268449,23665877.833809,95.079161067677
"1308","Austin Scott","Republican","Georgia","GA",1311342.18772136,3851548.02840504,15.473837815112
"1309","Andrew S. Clyde","Republican","Georgia","GA",5416620.79668596,15909177.13579,63.9161254008944
"1310","Mike Collins","Republican","Georgia","GA",13654427.0995721,40104468.7395752,161.122239774951
"1311","Barry Loudermilk","Republican","Georgia","GA",6637706.22416252,19495631.6971915,78.3249334451177
"1312","Rick W. Allen","Republican","Georgia","GA",10141638.0493714,29787042.9241112,119.671328982583
"1313","David Scott","Democrat","Georgia","GA",15660446.4191047,45996355.5616665,184.793267745435
"1314","Vacant","Republican","Georgia","GA",3229030.60740512,9483997.83524187,38.1025611673804
"1501","Ed Case","Democrat","Hawaii","HI",9991712.34279272,28267408.0822337,90.9245823194138
"1502","Jill N. Tokuda","Democrat","Hawaii","HI",2178948.18099402,6164430.61099807,19.8284284470456
"1601","Russ Fulcher","Republican","Idaho","ID",4516406.86154259,18815861.144101,41.5509431261918
"1602","Michael K. Simpson","Republican","Idaho","ID",1841108.75810263,7670267.05202891,16.9382005745442
"1701","Jonathan L. Jackson","Democrat","Illinois","IL",24429366.0481456,69883782.9203364,241.850723876642
"1702","Robin L. Kelly","Democrat","Illinois","IL",19158722.8095485,54806335.2612058,189.671355814531
"1703","Delia C. Ramirez","Democrat","Illinois","IL",11950525.4779448,34186230.0740315,118.310202231653
"1704","Jesús G. “Chuy” García","Democrat","Illinois","IL",11745873.1113966,33600791.9775291,116.284143802826
"1705","Mike Quigley","Democrat","Illinois","IL",29370535.8228025,84018723.4351295,290.768304645745
"1706","Sean Casten","Democrat","Illinois","IL",13184252.194755,37715486.2115289,130.524096728075
"1707","Danny K. Davis","Democrat","Illinois","IL",29062118.7969157,83136451.3187132,287.714976089466
"1708","Raja Krishnamoorthi","Democrat","Illinois","IL",5721638.83326225,16367586.6735239,56.6442244492963
"1709","Janice D. Schakowsky","Democrat","Illinois","IL",47354746.5567359,135465194.72083,468.811990911686
"1710","Bradley Scott Schneider","Democrat","Illinois","IL",10910655.3078253,31211529.0076698,108.015487547471
"1711","Bill Foster","Democrat","Illinois","IL",5873424.48362314,16801791.7781237,58.146902387869
"1712","Mike Bost","Republican","Illinois","IL",3160286.08969804,9040461.65681736,31.2868322880106
"1713","Nikki Budzinski","Democrat","Illinois","IL",14836702.6036046,42442562.8549047,146.883355775686
"1714","Lauren Underwood","Democrat","Illinois","IL",4326914.57838433,12377773.4761808,42.8364543260048
"1715","Mary E. Miller","Republican","Illinois","IL",7623380.90301283,21807798.6590088,75.471470939827
"1716","Darin LaHood","Republican","Illinois","IL",2199355.66970452,6291579.31824059,21.7736211300748
"1717","Eric Sorensen","Democrat","Illinois","IL",2021847.13947952,5783790.14482102,20.0162866808473
"1801","Frank J. Mrvan","Democrat","Indiana","IN",6060338.56397834,16304561.8892565,53.3309793630094
"1802","Rudy Yakym III","Republican","Indiana","IN",6090868.43849676,16386698.5922314,53.5996422587715
"1803","Marlin A. Stutzman","Republican","Indiana","IN",1920271.50340204,5166243.64148413,16.8983892299379
"1804","James R. Baird","Republican","Indiana","IN",18178236.3113537,48906208.1015867,159.968479539912
"1805","Victoria Spartz","Republican","Indiana","IN",8362937.42717119,22499408.146561,73.5938493591065
"1806","Jefferson Shreve","Republican","Indiana","IN",10722368.1818914,28847153.3026496,94.3568400006439
"1807","André Carson","Democrat","Indiana","IN",20920969.7574488,56285179.8777501,184.104533865549
"1808","Mark B. Messmer","Republican","Indiana","IN",3121000.6357081,8396651.02602896,27.4648055942313
"1809","Erin Houchin","Republican","Indiana","IN",10902652.2707915,29332184.4694876,95.943339982965
"1901","Mariannette Miller-Meeks","Republican","Iowa","IA",31829099.5950446,78169946.7258238,251.449886800852
"1902","Ashley Hinson","Republican","Iowa","IA",5140026.49559585,12623530.1168433,40.6062093152072
"1903","Zachary Nunn","Republican","Iowa","IA",2242664.44817271,5507820.28608982,17.7170491405644
"1904","Randy Feenstra","Republican","Iowa","IA",3973132.89297318,9757724.5517396,31.3877498544881
"2001","Tracey Mann","Republican","Kansas","KS",5841025.93058075,16136242.0261016,47.312310037704
"2002","Derek Schmidt","Republican","Kansas","KS",2988549.52395211,8256076.75751017,24.2072511440121
"2003","Sharice Davids","Democrat","Kansas","KS",12615292.1312512,34850625.4687358,102.183866263135
"2004","Ron Estes","Republican","Kansas","KS",1370236.66620163,3785374.47730005,11.0989169962332
"2101","James Comer","Republican","Kentucky","KY",2135010.28467251,5581105.10457391,18.3610884481836
"2102","Brett Guthrie","Republican","Kentucky","KY",3099733.82480309,8102977.48756866,26.6577108933066
"2103","Morgan McGarvey","Democrat","Kentucky","KY",13111451.6248154,34274490.4401505,112.758483973412
"2104","Thomas Massie","Republican","Kentucky","KY",10127844.0670052,26475077.2520806,87.0994589762449
"2105","Harold Rogers","Republican","Kentucky","KY",2027846.41305817,5300969.29671083,17.4394791523003
"2106","Andy Barr","Republican","Kentucky","KY",25028077.2509786,65425600.3851207,215.241464358416
"2201","Steve Scalise","Republican","Louisiana","LA",12214580.0399858,33795907.4296563,119.702884391861
"2202","Troy A. Carter","Democrat","Louisiana","LA",13971829.1253068,38657951.5788568,136.923925428006
"2203","Clay Higgins","Republican","Louisiana","LA",1723267.15103317,4768021.24364745,16.8880180801251
"2204","Mike Johnson","Republican","Louisiana","LA",2369307.06292159,6555516.59646104,23.2192092166316
"2205","Julia Letlow","Republican","Louisiana","LA",4829362.70732745,13362120.8806833,47.327754531809
"2206","Cleo Fields","Democrat","Louisiana","LA",5539946.99209224,15328200.8138668,54.291480522504
"2301","Chellie Pingree","Democrat","Maine","ME",6197056.79474333,14444345.180765,57.632628191113
"2302","Jared F. Golden","Democrat","Maine","ME",18471657.9373783,43054471.2023348,171.786418817618
"2401","Andy Harris","Republican","Maryland","MD",21210832.65007,46449817.6257663,178.170994260588
"2402","Johnny Olszewski, Jr.","Democrat","Maryland","MD",68182621.2731376,149313814.107787,572.734018694356
"2403","Sarah Elfreth","Democrat","Maryland","MD",33545551.44021,73461743.4525077,281.782632097764
"2404","Glenn Ivey","Democrat","Maryland","MD",18987208.7746042,41580281.1399676,159.492553706675
"2405","Steny H. Hoyer","Democrat","Maryland","MD",12582731.4972439,27555051.3703683,105.694944576848
"2406","April McClain Delaney","Democrat","Maryland","MD",15988823.8131995,35014087.4913355,134.306120030876
"2407","Kweisi Mfume","Democrat","Maryland","MD",90030798.5081556,197159359.106638,756.258707468507
"2408","Jamie Raskin","Democrat","Maryland","MD",26698866.8755744,58468119.4578635,224.270481754825
"2501","Richard E. Neal","Democrat","Massachusetts","MA",15479267.2396108,34673358.919385,122.286211192925
"2502","James P. McGovern","Democrat","Massachusetts","MA",40210565.8708135,90071148.7958874,317.663470379426
"2503","Lori Trahan","Democrat","Massachusetts","MA",34777753.1599518,77901718.4120342,274.744249963619
"2504","Jake Auchincloss","Democrat","Massachusetts","MA",78723096.5362283,176338720.637959,621.912462636204
"2505","Katherine M. Clark","Democrat","Massachusetts","MA",123892135.546217,277516785.296557,978.747870815117
"2506","Seth Moulton","Democrat","Massachusetts","MA",52698978.6531179,118045032.315787,416.321931359631
"2507","Ayanna Pressley","Democrat","Massachusetts","MA",173077944.570376,387692362.966721,1367.31576210597
"2508","Stephen F. Lynch","Democrat","Massachusetts","MA",110936579.452582,248496506.785872,876.398977675401
"2509","William R. Keating","Democrat","Massachusetts","MA",27428742.9681277,61440030.3916042,216.687069448209
"2601","Jack Bergman","Republican","Michigan","MI",1779458.75056791,4533425.32468394,17.2607498805087
"2602","John R. Moolenaar","Republican","Michigan","MI",3087152.08511229,7864960.87045138,29.9453752255892
"2603","Hillary J. Scholten","Democrat","Michigan","MI",5010837.68463644,12765824.6925711,48.6051255409734
"2604","Bill Huizenga","Republican","Michigan","MI",2973784.24377745,7576140.10248017,28.8457071646413
"2605","Tim Walberg","Republican","Michigan","MI",10593943.6776779,26989584.6370885,102.761253673476
"2606","Debbie Dingell","Democrat","Michigan","MI",89605099.3323375,228281788.720529,869.169463523674
"2607","Tom Barrett","Republican","Michigan","MI",28287335.6938441,72066027.9207831,274.387156230288
"2608","Kristen McDonald Rivet","Democrat","Michigan","MI",5488391.70365104,13982461.7643854,53.2373995254151
"2609","Lisa C. McClain","Republican","Michigan","MI",3737520.94785026,9521868.43955418,36.2539531941475
"2610","John James","Republican","Michigan","MI",5672646.51860982,14451877.2223512,55.0246712305152
"2611","Haley M. Stevens","Democrat","Michigan","MI",11053029.3300805,28159170.9071478,107.214384501781
"2612","Rashida Tlaib","Democrat","Michigan","MI",12027057.6168118,30640647.0866979,116.662458883075
"2613","Shri Thanedar","Democrat","Michigan","MI",11278097.3282006,28732563.7785071,109.397544083546
"2701","Brad Finstad","Republican","Minnesota","MN",53436397.9319434,132065293.537181,486.271221180685
"2702","Angie Craig","Democrat","Minnesota","MN",9217544.88466555,22780685.4128879,83.8796584504565
"2703","Kelly Morrison","Democrat","Minnesota","MN",12889909.9592609,31856745.7448328,117.298180629275
"2704","Betty McCollum","Democrat","Minnesota","MN",21588733.1230951,53355437.2551197,196.457471420165
"2705","Ilhan Omar","Democrat","Minnesota","MN",30880673.805043,76319988.0329325,281.014131625891
"2706","Tom Emmer","Republican","Minnesota","MN",6632691.88258294,16392354.9175339,60.3574961315047
"2707","Michelle Fischbach","Republican","Minnesota","MN",2035472.69332445,5030565.47848103,18.5228015092525
"2708","Pete Stauber","Republican","Minnesota","MN",2765662.4332233,6835191.65220621,25.167528142332
"2801","Trent Kelly","Republican","Mississippi","MS",4324195.39524685,13924358.8290618,38.485339017697
"2802","Bennie G. Thompson","Democrat","Mississippi","MS",3670022.15125995,11817852.9584766,32.6631971462135
"2803","Michael Guest","Republican","Mississippi","MS",4349964.08320424,14007336.6838708,38.7146803405177
"2804","Mike Ezell","Republican","Mississippi","MS",1460421.8960337,4702710.36885722,12.9977548746999
"2901","Wesley Bell","Democrat","Missouri","MO",90200462.4062005,212079989.831606,775.723976693324
"2902","Ann Wagner","Republican","Missouri","MO",20480283.4635891,48153392.9299215,176.130437786866
"2903","Robert F. Onder, Jr.","Republican","Missouri","MO",17922737.5178624,42140072.1143256,154.135542653616
"2904","Mark Alford","Republican","Missouri","MO",7494459.62142627,17621028.5169914,64.4523527442659
"2905","Emanuel Cleaver","Democrat","Missouri","MO",6995867.58967935,16448735.2692381,60.1644612712424
"2906","Sam Graves","Republican","Missouri","MO",3669882.27143247,8628654.15593577,31.5609875343192
"2907","Eric Burlison","Republican","Missouri","MO",2810955.7959975,6609139.91712824,24.1742198455785
"2908","Jason Smith","Republican","Missouri","MO",6569429.68137153,15446091.3265668,56.4970952597951
"3001","Ryan K. Zinke","Republican","Montana","MT",6132054.17806976,16189598.3071106,56.4148984382418
"3002","Troy Downing","Republican","Montana","MT",1474831.5669597,3893789.90243038,13.5684504160292
"3101","Mike Flood","Republican","Nebraska","NE",7887001.0547439,20408804.7165339,72.5604097036439
"3102","Don Bacon","Republican","Nebraska","NE",18789021.3272745,48619426.372777,172.858996210925
"3103","Adrian Smith","Republican","Nebraska","NE",1902630.46447199,4923343.27428309,17.5042002731423
"3201","Dina Titus","Democrat","Nevada","NV",1120745.2911675,5935402.86658872,9.75048403315721
"3202","Mark E. Amodei","Republican","Nevada","NV",5648191.59984833,29912499.1886956,49.1392669186804
"3203","Susie Lee","Democrat","Nevada","NV",989546.903698244,5240583.72149499,8.60905806217472
"3204","Steven Horsford","Democrat","Nevada","NV",720908.576504728,3817890.52807635,6.27190461559114
"3301","Chris Pappas","Democrat","New Hampshire","NH",8865624.58443742,21404850.5160174,62.0593720910619
"3302","Maggie Goodlander","Democrat","New Hampshire","NH",21193356.625401,51168490.8580123,148.353496377807
"3401","Donald Norcross","Democrat","New Jersey","NJ",22322890.7911333,72594961.7799317,196.441438961973
"3402","Jeff Van Drew","Republican","New Jersey","NJ",6243702.07543278,20304776.7322035,54.9445782638085
"3403","Herbert C. Conaway, Jr.","Democrat","New Jersey","NJ",15042657.8540841,48919343.9238424,132.37538911594
"3404","Christopher H. Smith","Republican","New Jersey","NJ",5461850.42774211,17762162.9187531,48.0642837641306
"3405","Josh S. Gottheimer","Democrat","New Jersey","NJ",18998574.3487757,61784147.5652602,167.187454269227
"3406","Frank Pallone Jr.","Democrat","New Jersey","NJ",15432866.9692876,50188320.0644967,135.809229329731
"3407","Thomas H. Kean, Jr.","Republican","New Jersey","NJ",7452093.65265931,24234515.9933388,65.5784241434019
"3408","Robert Menendez","Democrat","New Jersey","NJ",12777857.5930413,41554120.0409712,112.445146818764
"3409","Nellie Pou","Democrat","New Jersey","NJ",11382813.7140777,37017379.7942771,100.168760683884
"3410","LaMonica McIver","Democrat","New Jersey","NJ",9567269.48832458,31113155.0721514,84.1919714972563
"3411","Vacant","Democrat","New Jersey","NJ",7195007.35041753,23398460.7323956,63.3160646836743
"3412","Bonnie Watson Coleman","Democrat","New Jersey","NJ",23025572.5344392,74880111.7981816,202.625038303065
"3501","Melanie A. Stansbury","Democrat","New Mexico","NM",15166091.9988909,35303925.4350121,118.295517591349
"3502","Gabe Vasquez","Democrat","New Mexico","NM",6616328.10833915,15401617.9123444,51.6073592450454
"3503","Teresa Leger Fernandez","Democrat","New Mexico","NM",1265851.94716811,2946674.90859584,9.87364518791125
"3601","Nick LaLota","Republican","New York","NY",17305373.0781842,40793637.6917867,122.868148855108
"3602","Andrew R. Garbarino","Republican","New York","NY",12302772.1667006,29001098.5666448,87.3496823835744
"3603","Thomas R. Suozzi","Democrat","New York","NY",21745311.9130386,51259823.8516835,154.391714582574
"3604","Laura Gillen","Democrat","New York","NY",16777917.9556285,39550277.4318833,119.123217484962
"3605","Gregory W. Meeks","Democrat","New York","NY",22108970.4045952,52117069.3257381,156.973689872626
"3606","Grace Meng","Democrat","New York","NY",26270671.1281996,61927369.9030995,186.521765010217
"3607","Nydia M. Velázquez","Democrat","New York","NY",32236933.2258568,75991529.8195874,228.882225903583
"3608","Hakeem S. Jeffries","Democrat","New York","NY",31496414.3385581,74245918.2655395,223.624541803763
"3609","Yvette D. Clarke","Democrat","New York","NY",38380431.4298811,90473485.1500416,272.501063152155
"3610","Daniel S. Goldman","Democrat","New York","NY",50276038.7863783,118514781.597816,356.959875383286
"3611","Nicole Malliotakis","Republican","New York","NY",23193083.5171982,54672629.2280088,164.670892972107
"3612","Jerrold Nadler","Democrat","New York","NY",37717147.5182928,88909938.1837972,267.791747379879
"3613","Adriano Espaillat","Democrat","New York","NY",71670733.8338747,168948102.760598,508.86221022051
"3614","Alexandria Ocasio-Cortez","Democrat","New York","NY",42479083.0080225,100135161.136348,301.60148935696
"3615","Ritchie Torres","Democrat","New York","NY",48124568.1847647,113443159.516614,341.684434111829
"3616","George Latimer","Democrat","New York","NY",25082821.4328229,59127273.6620898,178.088032173043
"3617","Michael Lawler","Republican","New York","NY",15824707.7123423,37303292.456001,112.35542475763
"3618","Patrick Ryan","Democrat","New York","NY",9661724.93475389,22775406.4986276,68.5982470367527
"3619","Josh Riley","Democrat","New York","NY",22298886.6963827,52564755.5075932,158.322095544318
"3620","Paul Tonko","Democrat","New York","NY",11043258.4900407,26032070.1405378,78.4071352792889
"3621","Elise M. Stefanik","Republican","New York","NY",2977554.9206293,7018935.45379105,21.1406399364681
"3622","John W. Mannion","Democrat","New York","NY",9019218.35390347,21260837.5520128,64.0364503127146
"3623","Nicholas A. Langworthy","Republican","New York","NY",9378043.03783762,22106688.3802583,66.5841055686471
"3624","Claudia Tenney","Republican","New York","NY",11289943.6131307,26613576.4443791,80.1585996532282
"3625","Joseph D. Morelle","Democrat","New York","NY",31909612.2024775,75219941.9909799,226.55824663759
"3626","Timothy M. Kennedy","Democrat","New York","NY",15418067.1480389,36344726.1323493,109.468276751076
"3701","Donald G. Davis","Democrat","North Carolina","NC",6797065.54833138,17004169.5269633,65.9315358188143
"3702","Deborah K. Ross","Democrat","North Carolina","NC",58435959.6832823,146188816.020651,566.828808927838
"3703","Gregory F. Murphy","Republican","North Carolina","NC",5905217.12552123,14773038.8035673,57.2806061175559
"3704","Valerie P. Foushee","Democrat","North Carolina","NC",201241165.954101,503443563.601845,1952.03930975478
"3705","Virginia Foxx","Republican","North Carolina","NC",10060863.5800669,25169189.363652,97.5903767266486
"3706","Addison P. McDowell","Republican","North Carolina","NC",12756606.5245031,31913109.9132429,123.73908328768
"3707","David Rouzer","Republican","North Carolina","NC",4488376.25333123,11228538.2816672,43.5372496573129
"3708","Mark Harris","Republican","North Carolina","NC",5218362.7761964,13054740.2652931,50.618118929105
"3709","Richard Hudson","Republican","North Carolina","NC",19840967.818826,49636005.1218226,192.457387842613
"3710","Pat Harrigan","Republican","North Carolina","NC",15284414.214228,38236908.055545,148.258817878011
"3711","Chuck Edwards","Republican","North Carolina","NC",2882838.40272515,7211975.89904256,27.9635325064339
"3712","Alma S. Adams","Democrat","North Carolina","NC",6139300.97281813,15358644.664605,59.5512194363359
"3713","Brad Knott","Republican","North Carolina","NC",34013925.2632273,85092389.8468747,329.935075053305
"3714","Tim Moore","Republican","North Carolina","NC",4882134.15817863,12213599.5730433,47.3567013343327
"3800","Julie Fedorchak","Republican","North Dakota","ND",4381110.40749386,16182857.5817477,32.4202170154546
"3901","Greg Landsman","Democrat","Ohio","OH",27285044.3625987,71158832.4494211,270.121939189727
"3902","David J. Taylor","Republican","Ohio","OH",6694681.24391471,17459590.4850725,66.2773443147556
"3903","Joyce Beatty","Democrat","Ohio","OH",28251095.2049524,73678273.1039836,279.685842529028
"3904","Jim Jordan","Republican","Ohio","OH",6576364.20247969,17151022.083442,65.1060056045489
"3905","Robert E. Latta","Republican","Ohio","OH",4938491.18959283,12879483.0766297,48.891062776969
"3906","Michael A. Rulli","Republican","Ohio","OH",2046772.6641998,5337940.85647502,20.263049375578
"3907","Max L. Miller","Republican","Ohio","OH",16890567.1145618,44050250.3609025,167.216614434161
"3908","Warren Davidson","Republican","Ohio","OH",14435239.4908823,37646806.6039506,142.908870959735
"3909","Marcy Kaptur","Democrat","Ohio","OH",4819256.96232534,12568522.6732816,47.7106439270209
"3910","Michael R. Turner","Republican","Ohio","OH",2885757.70964574,7525996.53573547,28.5690013254928
"3911","Shontel M. Brown","Democrat","Ohio","OH",35889572.6562931,93599264.615132,355.306769297302
"3912","Troy Balderson","Republican","Ohio","OH",7213445.06239604,18812515.8147721,71.4131061177208
"3913","Emilia Strong Sykes","Democrat","Ohio","OH",5959751.59297955,15542909.126669,59.0015407704976
"3914","David P. Joyce","Republican","Ohio","OH",10727088.6904378,27976025.8641647,106.198178035334
"3915","Mike Carey","Republican","Ohio","OH",18433447.1316357,48074049.5955859,182.491126603194
"4001","Kevin Hern","Republican","Oklahoma","OK",2960496.12630404,8337029.32120102,31.0852093261924
"4002","Josh Brecheen","Republican","Oklahoma","OK",1458205.61873118,4106441.11021999,15.3111589966774
"4003","Frank D. Lucas","Republican","Oklahoma","OK",4749016.48507751,13373667.1131493,49.8646730933138
"4004","Tom Cole","Republican","Oklahoma","OK",7019269.00733451,19766906.9746776,73.7023245770124
"4005","Stephanie I. Bice","Republican","Oklahoma","OK",11071494.6580425,31178347.025522,116.250693909446
"4101","Suzanne Bonamici","Democrat","Oregon","OR",23418279.4149337,56829248.2642273,206.080858851417
"4102","Cliff Bentz","Republican","Oregon","OR",1228347.41315008,2980836.41670585,10.8094572357207
"4103","Maxine Dexter","Democrat","Oregon","OR",20187125.1405253,48988191.0632752,177.646701236622
"4104","Val T. Hoyle","Democrat","Oregon","OR",14650059.1817414,35551367.1851524,128.920520799324
"4105","Janelle S. Bynum","Democrat","Oregon","OR",11471590.9211199,27838163.380451,100.950000105855
"4106","Andrea Salinas","Democrat","Oregon","OR",8109942.70952062,19680435.931348,71.3674958437815
"4201","Brian K. Fitzpatrick","Republican","Pennsylvania","PA",15818173.9948615,38036418.5647908,134.454478956323
"4202","Brendan F. Boyle","Democrat","Pennsylvania","PA",34282307.350376,82435317.2603426,291.399612478196
"4203","Dwight Evans","Democrat","Pennsylvania","PA",76998061.7899463,185149721.318745,654.483525214543
"4204","Madeleine Dean","Democrat","Pennsylvania","PA",24905915.8763983,59888824.16655,211.700284949385
"4205","Mary Gay Scanlon","Democrat","Pennsylvania","PA",48339580.4707003,116237469.42139,410.886434000953
"4206","Chrissy Houlahan","Democrat","Pennsylvania","PA",13328643.9433334,32050088.7203785,113.293473518334
"4207","Ryan Mackenzie","Republican","Pennsylvania","PA",4923039.18449593,11837951.6556831,41.8458330682154
"4208","Robert P. Bresnahan, Jr.","Republican","Pennsylvania","PA",2731400.11526286,6567931.17118357,23.2169009797343
"4209","Daniel Meuser","Republican","Pennsylvania","PA",5668754.48695272,13631100.4340206,48.1844131390981
"4210","Scott Perry","Republican","Pennsylvania","PA",11556424.0097703,27788604.4805558,98.2296040830472
"4211","Lloyd Smucker","Republican","Pennsylvania","PA",7429858.26932646,17865854.7504268,63.1537952892749
"4212","Summer L. Lee","Democrat","Pennsylvania","PA",71325631.3821281,171509781.756725,606.267866748089
"4213","John Joyce","Republican","Pennsylvania","PA",5773918.35780856,13883977.7263722,49.0783060413728
"4214","Guy Reschenthaler","Republican","Pennsylvania","PA",14349625.6397496,34505143.7200574,121.971817937871
"4215","Glenn Thompson","Republican","Pennsylvania","PA",17242708.2406233,41461856.9781801,146.563020045298
"4216","Mike Kelly","Republican","Pennsylvania","PA",8175267.67365617,19658267.9654051,69.4897752260774
"4217","Christopher R. Deluzio","Democrat","Pennsylvania","PA",46041592.9758401,110711723.261337,391.353540294641
"4401","Gabe Amo","Democrat","Rhode Island","RI",27294266.0573755,56800970.5544722,201.977568824579
"4402","Seth Magaziner","Democrat","Rhode Island","RI",20994949.5658112,43691723.0004805,155.362626787003
"4501","Nancy Mace","Republican","South Carolina","SC",16599363.5760231,47998545.5255762,170.973444833038
"4502","Joe Wilson","Republican","South Carolina","SC",7953263.69066723,22997573.8277588,81.9186160138725
"4503","Sheri Biggs","Republican","South Carolina","SC",5326708.01311171,15402652.9931606,54.8650925350506
"4504","William R. Timmons IV","Republican","South Carolina","SC",2161883.64020237,6251280.04757591,22.2674014940844
"4505","Ralph Norman","Republican","South Carolina","SC",1920413.16299496,5553046.54963243,19.7802555788481
"4506","James E. Clyburn","Democrat","South Carolina","SC",15451981.4730606,44680787.477079,159.155409172524
"4507","Russell Fry","Republican","South Carolina","SC",1273512.59799422,3682475.66433901,13.1171797593405
"4600","Dusty Johnson","Republican","South Dakota","SD",5495670.05363887,17154886.7299352,45.6140614452026
"4701","Diana Harshbarger","Republican","Tennessee","TN",1724537.8607231,4642456.75589066,17.245378607231
"4702","Tim Burchett","Republican","Tennessee","TN",2703852.85481814,7278773.19406689,27.0385285481814
"4703","Charles J. “Chuck” Fleischmann","Republican","Tennessee","TN",1322064.30557313,3558997.75059527,13.2206430557313
"4704","Scott DesJarlais","Republican","Tennessee","TN",9799042.13095759,26379026.1601138,97.9904213095759
"4705","Andrew Ogles","Republican","Tennessee","TN",44249709.8474571,119120240.330006,442.497098474571
"4706","John W. Rose","Republican","Tennessee","TN",21053171.0246708,56675146.5899524,210.531710246708
"4707","Matt Van Epps","Republican","Tennessee","TN",31581184.636686,85016564.329958,315.81184636686
"4708","David Kustoff","Republican","Tennessee","TN",8846723.96423193,23815385.1942848,88.4672396423193
"4709","Steve Cohen","Democrat","Tennessee","TN",20973986.5835392,56461982.036094,209.739865835392
"4801","Nathaniel Moran","Republican","Texas","TX",2157627.91902042,7028459.80527,25.460009444441
"4802","Daniel Crenshaw","Republican","Texas","TX",10020467.7396987,32641612.6328456,118.241519328445
"4803","Keith Self","Republican","Texas","TX",5013892.52874281,16332724.3754853,59.1639318391652
"4804","Pat Fallon","Republican","Texas","TX",4266686.71379962,13898705.9841324,50.3469032228355
"4805","Lance Gooden","Republican","Texas","TX",5785485.35006656,18846183.2915948,68.2687271307854
"4806","Jake Ellzey","Republican","Texas","TX",6134576.86259536,19983346.7675307,72.3880069786253
"4807","Lizzie Fletcher","Democrat","Texas","TX",31599827.7796174,102936246.534727,372.877967799485
"4808","Morgan Luttrell","Republican","Texas","TX",7295403.63605068,23764732.9120965,86.085762905398
"4809","Al Green","Democrat","Texas","TX",40345573.3180511,131425459.360591,476.077765153003
"4810","Michael T. McCaul","Republican","Texas","TX",15473833.7418166,50405919.1712559,182.591238153436
"4811","August Pfluger","Republican","Texas","TX",886165.487945368,2886678.67982966,10.4567527577553
"4812","Craig A. Goldman","Republican","Texas","TX",9606588.00252267,31293401.9097111,113.357738429768
"4813","Ronny Jackson","Republican","Texas","TX",1686606.00905101,5494108.80228309,19.9019509068019
"4814","Randy K. Weber Sr.","Republican","Texas","TX",23556042.8957306,76733666.2657876,277.961306169622
"4815","Monica De La Cruz","Republican","Texas","TX",2455603.45575036,7999113.30136072,28.9761207778543
"4816","Veronica Escobar","Democrat","Texas","TX",3946263.93677716,12854930.7395027,46.5659144539704
"4817","Pete Sessions","Republican","Texas","TX",5020246.03986649,16353420.8992749,59.2389032704246
"4818","Christian D. Menefee","Democrat","Texas","TX",16401170.4034442,53426712.6986044,193.533810760642
"4819","Jodey C. Arrington","Republican","Texas","TX",3669121.97595367,11952142.4900412,43.2956393162533
"4820","Joaquin Castro","Democrat","Texas","TX",15466934.8509716,50383446.0763457,182.509831241465
"4821","Chip Roy","Republican","Texas","TX",7329503.03008723,23875811.4804896,86.4881357550294
"4822","Troy Nehls","Republican","Texas","TX",16764654.9270301,54610761.3203986,197.822928138955
"4823","Tony Gonzales","Republican","Texas","TX",6100826.68400069,19873405.7663126,71.9897548712081
"4824","Beth Van Duyne","Republican","Texas","TX",9028080.56835601,29408917.4662875,106.531350706601
"4825","Roger Williams","Republican","Texas","TX",5493262.7944125,17894270.0963205,64.8205009740675
"4826","Brandon Gill","Republican","Texas","TX",5548871.66314065,18075415.6475191,65.4766856250596
"4827","Michael Cloud","Republican","Texas","TX",1532179.32488044,4991064.81912647,18.0797160335892
"4828","Henry Cuellar","Democrat","Texas","TX",3883661.54039729,12651003.8145724,45.827206176688
"4829","Sylvia R. Garcia","Democrat","Texas","TX",13092919.1905458,42650104.521348,154.496446448441
"4830","Jasmine Crockett","Democrat","Texas","TX",11998262.2669669,39084266.2597499,141.579494750209
"4831","John R. Carter","Republican","Texas","TX",2784100.29867181,9069189.76648162,32.8523835243274
"4832","Julie Johnson","Democrat","Texas","TX",9568397.38660986,31168996.2109734,112.907089161996
"4833","Marc A. Veasey","Democrat","Texas","TX",7981630.43403821,26000112.5271064,94.1832391216509
"4834","Vicente Gonzalez","Democrat","Texas","TX",1160034.87082398,3778806.52656719,13.688411475723
"4835","Greg Casar","Democrat","Texas","TX",6853173.2267246,22324170.0471018,80.8674440753503
"4836","Brian Babin","Republican","Texas","TX",10737905.4081517,34978661.4683083,126.707283816191
"4837","Lloyd Doggett","Democrat","Texas","TX",9768658.18822201,31821344.5525453,115.27016662102
"4838","Wesley Hunt","Republican","Texas","TX",12514871.1365338,40767116.5059805,147.675479411099
"4901","Blake Moore","Republican","Utah","UT",15102113.9583789,41480338.4057345,173.674310521357
"4902","Celeste Maloy","Republican","Utah","UT",16021889.5679915,44006647.215827,184.251730031903
"4903","Mike Kennedy","Republican","Utah","UT",11911719.1905323,32717415.8782734,136.984770691121
"4904","Burgess Owens","Republican","Utah","UT",11072084.2934808,30411226.177749,127.328969375029
"5000","Becca Balint","Democrat","Vermont","VT",21135816.0549645,48604309.8210538,158.518620412234
"5101","Robert J. Wittman","Republican","Virginia","VA",9124061.22912798,25213292.7146985,77.5545204475878
"5102","Jennifer A. Kiggans","Republican","Virginia","VA",2816462.38070515,7782969.51777934,23.9399302359937
"5103","Robert C. “Bobby” Scott","Democrat","Virginia","VA",3335595.5966536,9217534.39003658,28.3525625715556
"5104","Jennifer McClellan","Democrat","Virginia","VA",12546068.6066822,34669616.1122979,106.641583156799
"5105","John J. McGuire III","Republican","Virginia","VA",29108886.2295222,80439055.6653405,247.425532950939
"5106","Ben Cline","Republican","Virginia","VA",6954140.30953643,19216966.0856368,59.1101926310597
"5107","Eugene Simon Vindman","Democrat","Virginia","VA",8109115.78175699,22408607.8258772,68.9274841449344
"5108","Donald S. Beyer, Jr.","Democrat","Virginia","VA",13230617.8206071,36561289.0499152,112.46025147516
"5109","H. Morgan Griffith","Republican","Virginia","VA",9178276.55354086,25363110.5216725,78.0153507050973
"5110","Suhas Subramanyam","Democrat","Virginia","VA",9848999.83917808,27216577.0983048,83.7164986330137
"5111","James R. Walkinshaw","Democrat","Virginia","VA",14029427.9246724,38768708.8020931,119.250137359715
"5301","Suzan K. DelBene","Democrat","Washington","WA",37037360.0303851,89524774.3833401,288.891408237004
"5302","Rick Larsen","Democrat","Washington","WA",20755475.1628588,50169051.726407,161.892706270298
"5303","Marie Gluesenkamp Perez","Democrat","Washington","WA",8651711.52959209,20912465.739487,67.4833499308183
"5304","Dan Newhouse","Republican","Washington","WA",6945932.19552853,16789344.9256784,54.1782711251225
"5305","Michael Baumgartner","Republican","Washington","WA",8781697.81487092,21226661.8067275,68.4972429559931
"5306","Emily Randall","Democrat","Washington","WA",12077334.6352508,29192703.1917475,94.2032101549559
"5307","Pramila Jayapal","Democrat","Washington","WA",119527087.971601,288914641.177895,932.311286178487
"5308","Kim Schrier ","Democrat","Washington","WA",19666846.8658395,47537676.2018551,153.401405553548
"5309","Adam Smith","Democrat","Washington","WA",40958886.3611026,99003683.2393654,319.4793136166
"5310","Marilyn Strickland","Democrat","Washington","WA",6837457.93781355,16527146.6091578,53.3321719149457
"5401","Carol D. Miller","Republican","West Virginia","WV",2391723.41255141,6680658.83625195,18.4162702766459
"5402","Riley M. Moore","Republican","West Virginia","WV",9077031.37911911,25354332.1822313,69.8931416192171
"5501","Bryan Steil","Republican","Wisconsin","WI",7299204.22573865,17282125.5792203,68.6125197219433
"5502","Mark Pocan","Democrat","Wisconsin","WI",64841421.6204455,153523254.936233,609.509363232188
"5503","Derrick Van Orden","Republican","Wisconsin","WI",3655352.34921985,8654677.46644978,34.3603120826666
"5504","Gwen Moore","Democrat","Wisconsin","WI",15893281.6717256,37630086.9549772,149.396847714221
"5505","Scott Fitzgerald","Republican","Wisconsin","WI",15343103.5823525,36327445.3878383,144.225173674113
"5506","Glenn Grothman","Republican","Wisconsin","WI",6843508.97520649,16203188.4373082,64.328984366941
"5507","Thomas P. Tiffany","Republican","Wisconsin","WI",4853410.3604463,11491286.5488749,45.6220573881952
"5508","Tony Wied","Republican","Wisconsin","WI",3117026.83082318,7380098.90641658,29.3000522097379
"5600","Harriet M. Hageman","Republican","Wyoming","WY",2826924.18184116,11039626.3308107,22.050008618361
