"GEOID","rep_name","pol_party","state_name","state","raw_funding","econ_impact","jobs"
"0101","Barry Moore","Republican","Alabama","AL",8685495.29907684,21780658.8691851,80.893717815715
"0102","Shomari Figures","Democrat","Alabama","AL",15808021.4763472,39260138.5308112,146.570938738706
"0103","Mike Rogers","Republican","Alabama","AL",35033367.6530121,86550642.6876685,323.072378975164
"0104","Robert B. Aderholt","Republican","Alabama","AL",32373103.4886561,80080271.7077893,299.193447112508
"0105","Dale W. Strong","Republican","Alabama","AL",15816129.5482382,39343974.3609052,147.135614716685
"0106","Gary J. Palmer","Republican","Alabama","AL",136143295.531844,335635228.107958,1254.03458808471
"0107","Terri A. Sewell","Democrat","Alabama","AL",144669442.263575,356728670.044213,1332.80709326625
"0200","Nicholas J. Begich III","Republican","Alaska","AK",17003416.4138633,66180029.1038382,133.376986349195
"0401","David Schweikert","Republican","Arizona","AZ",33018447.0866669,96873256.453336,336.348961660509
"0402","Elijah Crane","Republican","Arizona","AZ",18337000.7529967,53774953.7603649,186.732937554628
"0403","Yassamin Ansari","Democrat","Arizona","AZ",19051041.0064053,55885420.6611942,194.016706154726
"0404","Greg Stanton","Democrat","Arizona","AZ",30347389.3090374,88829664.196388,307.899323149515
"0405","Andy Biggs","Republican","Arizona","AZ",20597300.8465693,60259117.4704449,209.352076260617
"0406","Juan Ciscomani","Republican","Arizona","AZ",102464035.68832,300747002.294921,1044.22713397034
"0407","Adelita S. Grijalva","Democrat","Arizona","AZ",70930405.3359422,208218558.047365,723.003377835617
"0408","Abraham J. Hamadeh","Republican","Arizona","AZ",17270104.2693169,50643025.1717529,175.798254672744
"0409","Paul A. Gosar","Republican","Arizona","AZ",9263554.09570132,27228988.8736074,94.1198027473602
"0501","Eric A. “Rick” Crawford","Republican","Arkansas","AR",13978213.346316,38680048.4259319,130.08864024267
"0502","J. French Hill","Republican","Arkansas","AR",66793009.8479342,187452419.690457,588.870345583806
"0503","Steve Womack","Republican","Arkansas","AR",11041830.4142931,31003271.6931444,97.8809793312277
"0504","Bruce Westerman","Republican","Arkansas","AR",10974503.4583138,30854232.0133816,97.4718483198309
"0601","Vacant","Republican","California","CA",14128454.0137517,37994518.2495385,124.371677686706
"0602","Jared Huffman","Democrat","California","CA",84081247.3265802,225726908.015239,739.869167418461
"0603","Kevin Kiley","Republican","California","CA",32753221.5546706,88635961.8440344,288.349858490624
"0604","Mike Thompson","Democrat","California","CA",140695649.583487,377566597.865495,1238.20706104545
"0605","Tom McClintock","Republican","California","CA",26533684.1884684,71438103.725161,233.519911919694
"0606","Ami Bera","Democrat","California","CA",48143917.8549618,129353342.006483,423.602089239218
"0607","Doris O. Matsui","Democrat","California","CA",55855885.4263915,149916183.095178,491.390691739339
"0608","John Garamendi","Democrat","California","CA",145207508.770553,389690254.150001,1277.91987226602
"0609","Josh Harder","Democrat","California","CA",34764670.0852959,93339613.82074,305.914930463955
"0610","Mark DeSaulnier","Democrat","California","CA",107317371.878712,288119608.115735,944.900663394371
"0611","Nancy Pelosi","Democrat","California","CA",391229883.383348,1049672516.70855,3441.98203319052
"0612","Lateefah Simon","Democrat","California","CA",250142179.270065,671103175.212017,2201.19589910758
"0613","Adam Gray","Democrat","California","CA",21415850.9834099,57503019.7184578,188.604043773192
"0614","Eric Swalwell","Democrat","California","CA",134929889.232221,361990591.042632,1187.2437673885
"0615","Kevin Mullin","Democrat","California","CA",386872186.718459,1038134638.09062,3404.64181928833
"0616","Sam T. Liccardo","Democrat","California","CA",230940989.421169,619617034.980603,2032.13469172926
"0617","Ro Khanna","Democrat","California","CA",144594549.573019,387825600.369432,1272.27925561593
"0618","Zoe Lofgren","Democrat","California","CA",62348230.7104822,167330953.009883,548.938480279624
"0619","Jimmy Panetta","Democrat","California","CA",86266903.3008617,231445795.297098,759.077071935007
"0620","Vince Fong","Republican","California","CA",7837744.05449021,21045563.7103398,68.9488368816672
"0621","Jim Costa","Democrat","California","CA",11554351.4307285,31057037.7303703,101.887248323881
"0622","David G. Valadao","Republican","California","CA",6542615.34457971,17553471.0168081,57.5491297435212
"0623","Jay Obernolte","Republican","California","CA",22593935.9040681,60732444.9157082,199.42892220104
"0624","Salud O. Carbajal","Democrat","California","CA",31850710.9377232,85490898.044591,280.256229586949
"0625","Raul Ruiz","Democrat","California","CA",11887621.4642999,31938702.104653,104.870833447334
"0626","Julia Brownley","Democrat","California","CA",41983898.8291698,112641629.265475,369.674914412815
"0627","George Whitesides","Democrat","California","CA",50006211.3694387,134178619.129897,440.23074553006
"0628","Judy Chu","Democrat","California","CA",97468952.2864476,261462995.262661,858.060268650276
"0629","Luz M. Rivas","Democrat","California","CA",76025449.4483696,203970767.541752,669.226364904824
"0630","Laura Friedman","Democrat","California","CA",120676876.955166,323660500.160808,1061.55700140355
"0631","Gilbert Ray Cisneros, Jr.","Democrat","California","CA",71763843.565776,192598338.762365,631.571671037284
"0632","Brad Sherman","Democrat","California","CA",129950907.569963,348689109.142231,1143.65162840853
"0633","Pete Aguilar","Democrat","California","CA",26722939.0549659,71589066.547352,234.597745473415
"0634","Jimmy Gomez","Democrat","California","CA",108550794.734219,291238237.663811,955.133197204188
"0635","Norma J. Torres","Democrat","California","CA",40361729.5826727,108334276.536841,355.351981816768
"0636","Ted Lieu","Democrat","California","CA",179781546.556944,482354847.684281,1581.97243660623
"0637","Sydney Kamlager-Dove","Democrat","California","CA",180982049.504851,485665955.47315,1592.87393506031
"0638","Linda T. Sánchez","Democrat","California","CA",48606282.4860758,130428228.309037,427.800359698901
"0639","Mark Takano","Democrat","California","CA",39902964.5089037,106922812.521351,350.536753191973
"0640","Young Kim","Republican","California","CA",41790861.8561777,112165964.449166,367.9868545946
"0641","Ken Calvert","Republican","California","CA",27032775.2098949,72443139.1449612,238.455892548301
"0642","Robert Garcia","Democrat","California","CA",45168263.4987784,121212326.32305,397.606617541414
"0643","Maxine Waters","Democrat","California","CA",89056712.042149,239046584.260056,784.510653819471
"0644","Nanette Diaz Barragan","Democrat","California","CA",50365407.2616291,135133811.257865,443.506443396372
"0645","Derek Tran","Democrat","California","CA",34429998.3145442,92399781.3228727,302.962832909801
"0646","J. Luis Correa","Democrat","California","CA",35948728.3314118,96484779.0934408,316.538144104252
"0647","Dave Min","Democrat","California","CA",105470694.940167,283042384.333711,928.263196930306
"0648","Darrell Issa","Republican","California","CA",103860590.216445,278775536.272511,914.473545770871
"0649","Mike Levin","Democrat","California","CA",138285805.289136,371111212.899061,1217.58222189567
"0650","Scott H. Peters","Democrat","California","CA",383300352.247726,1028556111.0604,3373.14070946358
"0651","Sara Jacobs","Democrat","California","CA",302966165.823923,812984456.660276,2666.36963868961
"0652","Juan Vargas","Democrat","California","CA",148831712.515903,399381010.95894,1310.11757407187
"0801","Diana DeGette","Democrat","Colorado","CO",132840307.029619,372008329.995679,1275.17547206008
"0802","Joe Neguse","Democrat","Colorado","CO",103849042.626674,290967575.107013,995.53608295799
"0803","Jeff Hurd","Republican","Colorado","CO",5078695.89144504,14355921.6320485,48.5629431536302
"0804","Lauren Boebert","Republican","Colorado","CO",54767799.9214446,153462558.29021,525.80441475872
"0805","Jeff Crank","Republican","Colorado","CO",22478064.2776096,62907634.4867488,215.839940679628
"0806","Jason A. Crow","Democrat","Colorado","CO",107858684.049359,301914487.20103,1034.97106900621
"0807","Brittany Pettersen","Democrat","Colorado","CO",57054128.2603273,159651808.507786,547.648193793441
"0808","Gabe Evans","Republican","Colorado","CO",53116745.1939663,148754104.486406,509.864976174426
"0901","John B. Larson","Democrat","Connecticut","CT",90822926.3162904,206956415.994116,691.90081064229
"0902","Joe Courtney","Democrat","Connecticut","CT",98210407.8831671,222976755.320745,747.751301183076
"0903","Rosa L. DeLauro","Democrat","Connecticut","CT",392318566.685177,893048753.04928,2981.39935422985
"0904","James A. Himes","Democrat","Connecticut","CT",83204470.0197709,191444461.287753,626.963607863669
"0905","Jahana Hayes","Democrat","Connecticut","CT",88596900.8109275,201906178.901893,673.155431928798
"1000","Sarah McBride","Democrat","Delaware","DE",80580456.4885555,190328955.049427,509.699016886717
"1198","Eleanor Holmes Norton","Democrat","District of Columbia","DC",111724127.141833,234889867.401351,491.75590341112
"1201","Jimmy Patronis","Republican","Florida","FL",3439605.0152508,10414085.2389088,36.8827661432246
"1202","Neal P. Dunn","Republican","Florida","FL",51243500.2654554,164015087.39895,572.956786413443
"1203","Kat Cammack","Republican","Florida","FL",215175814.978873,690989580.376523,2409.27622419469
"1204","Aaron Bean","Republican","Florida","FL",21329707.4831721,67745077.2844076,237.182130413596
"1205","John H. Rutherford","Republican","Florida","FL",40432001.4286105,129185619.952028,451.189042428906
"1206","Randy Fine","Republican","Florida","FL",12322111.1775876,39417261.3931717,137.406496180525
"1207","Cory Mills","Republican","Florida","FL",10263178.6243161,32757420.0602147,114.388720247418
"1208","Mike Haridopolos","Republican","Florida","FL",5584419.15430197,17675278.4571049,62.161769833951
"1209","Darren Soto","Democrat","Florida","FL",5593819.07879726,17538448.5351652,61.5695693921413
"1210","Maxwell Frost","Democrat","Florida","FL",12136308.2068671,38390725.707611,134.375449258784
"1211","Daniel Webster","Republican","Florida","FL",5053461.1293692,15900551.3318013,55.6612934871078
"1212","Gus M. Bilirakis","Republican","Florida","FL",15906425.7523799,51021334.2710452,177.827371304365
"1213","Anna Paulina Luna","Republican","Florida","FL",12537329.7031658,39870724.8068193,139.583560087242
"1214","Kathy Castor","Democrat","Florida","FL",43055244.4623015,137918645.557783,481.48823905244
"1215","Laurel M. Lee","Republican","Florida","FL",73771875.4368796,236778971.827424,826.020797373673
"1216","Vern Buchanan","Republican","Florida","FL",18697171.9426723,59797919.0086392,208.894252032783
"1217","W. Gregory Steube","Republican","Florida","FL",4827849.69079593,15110564.633473,52.9456332744613
"1218","C. Scott Franklin","Republican","Florida","FL",4718469.78593958,14992257.0842134,52.5316381663586
"1219","Byron Donalds","Republican","Florida","FL",3807292.16760091,11832032.9999502,41.4889670687685
"1220","Sheila Cherfilus-McCormick","Democrat","Florida","FL",11109080.9207428,35508970.751216,124.085234623663
"1221","Brian J. Mast","Republican","Florida","FL",19740740.2166374,63293822.4281189,220.890531865037
"1222","Lois Frankel","Democrat","Florida","FL",11027457.8088095,35028830.4209791,122.443200874252
"1223","Jared Moskowitz","Democrat","Florida","FL",11952941.7017414,38039013.9271519,133.065984064218
"1224","Frederica S. Wilson","Democrat","Florida","FL",35724893.0635869,114560420.910133,399.512445671293
"1225","Debbie Wasserman Schultz","Democrat","Florida","FL",23396687.452519,74950746.550733,261.325851485831
"1226","Mario Diaz-Balart","Republican","Florida","FL",23636371.0446585,75231586.2014987,261.825634960621
"1227","Maria Elvira Salazar","Republican","Florida","FL",100735244.325188,323411559.873566,1127.75360503734
"1228","Carlos A. Gimenez","Republican","Florida","FL",47509877.4528213,152437755.137805,531.860286062242
"1301","Earl L. “Buddy” Carter","Republican","Georgia","GA",6267491.06464118,18368026.1548377,71.8959553585475
"1302","Sanford D. Bishop Jr.","Democrat","Georgia","GA",6642513.06111527,19566358.6532401,76.2818259384332
"1303","Brian Jack","Republican","Georgia","GA",21525597.1869916,62968056.3698413,252.239193513978
"1304","Henry C. “Hank” Johnson Jr.","Democrat","Georgia","GA",109936203.190574,322637094.257632,1295.15992295719
"1305","Nikema Williams","Democrat","Georgia","GA",209208658.963734,614192198.047529,2466.40361005883
"1306","Lucy McBath","Democrat","Georgia","GA",74960205.1205481,219775215.544739,881.625251810657
"1307","Richard McCormick","Republican","Georgia","GA",40212551.6114302,117804184.98432,471.950045441864
"1308","Austin Scott","Republican","Georgia","GA",6893773.11238673,20206513.0105884,80.3981895856816
"1309","Andrew S. Clyde","Republican","Georgia","GA",28058328.3771854,82080675.0180018,328.732196674622
"1310","Mike Collins","Republican","Georgia","GA",79465882.9372846,233188891.314763,936.170891602143
"1311","Barry Loudermilk","Republican","Georgia","GA",33182421.2584113,97204410.6549332,389.369694772432
"1312","Rick W. Allen","Republican","Georgia","GA",49787333.2862647,146012865.833143,585.615983356969
"1313","David Scott","Democrat","Georgia","GA",78210330.6333317,229359174.142818,920.403219632258
"1314","Vacant","Republican","Georgia","GA",16230748.0992731,46600713.153589,184.991414683986
"1501","Ed Case","Democrat","Hawaii","HI",52240768.6551768,147298047.230226,474.793998487215
"1502","Jill N. Tokuda","Democrat","Hawaii","HI",11334110.688574,31991108.2989796,103.030697627794
"1601","Russ Fulcher","Republican","Idaho","ID",22123142.5017828,73191531.3692089,189.87838687184
"1602","Michael K. Simpson","Republican","Idaho","ID",9396922.44162918,34920541.3853246,87.0580407288289
"1701","Jonathan L. Jackson","Democrat","Illinois","IL",122861097.357532,350984325.005924,1215.00128884339
"1702","Robin L. Kelly","Democrat","Illinois","IL",95716006.0607723,273302427.90274,945.649011452034
"1703","Delia C. Ramirez","Democrat","Illinois","IL",59551924.7331758,169514536.097261,587.675656370464
"1704","Jesús G. “Chuy” García","Democrat","Illinois","IL",58414687.238033,166743507.911629,577.773610487378
"1705","Mike Quigley","Democrat","Illinois","IL",145977318.899274,416521022.665849,1443.16201807196
"1706","Sean Casten","Democrat","Illinois","IL",65885796.6847072,187728289.583471,650.32088705232
"1707","Danny K. Davis","Democrat","Illinois","IL",144737541.161377,413362010.744096,1431.80147695668
"1708","Raja Krishnamoorthi","Democrat","Illinois","IL",28610096.2319381,80805221.763519,280.816564094518
"1709","Janice D. Schakowsky","Democrat","Illinois","IL",234795296.362853,670351589.501845,2321.730192309
"1710","Bradley Scott Schneider","Democrat","Illinois","IL",54001816.936111,152988765.37071,531.256925002344
"1711","Bill Foster","Democrat","Illinois","IL",29656260.8701114,83760177.3093699,290.218588700474
"1712","Mike Bost","Republican","Illinois","IL",15942502.6968112,40364428.2623835,144.354876609285
"1713","Nikki Budzinski","Democrat","Illinois","IL",73898445.00015,198978610.22082,699.763166357571
"1714","Lauren Underwood","Democrat","Illinois","IL",21984555.9154714,62344965.6582629,216.052805155259
"1715","Mary E. Miller","Republican","Illinois","IL",38073797.095293,105133378.586247,367.09777271483
"1716","Darin LaHood","Republican","Illinois","IL",11004962.9873952,30998987.5447411,107.680673602862
"1717","Eric Sorensen","Democrat","Illinois","IL",10096320.6490074,27860893.6385517,96.2888173719198
"1801","Frank J. Mrvan","Democrat","Indiana","IN",30213528.4268193,84842938.9052322,289.63737094996
"1802","Rudy Yakym III","Republican","Indiana","IN",29713459.8371575,80090156.2592261,263.161330508692
"1803","Marlin A. Stutzman","Republican","Indiana","IN",9444561.75701716,25207354.5053825,84.6778047961506
"1804","James R. Baird","Republican","Indiana","IN",88467376.5727894,238122519.623098,779.93390256776
"1805","Victoria Spartz","Republican","Indiana","IN",40908869.4515556,110064680.910447,361.816201988266
"1806","Jefferson Shreve","Republican","Indiana","IN",52451270.002258,141139332.529306,463.597163109892
"1807","André Carson","Democrat","Indiana","IN",102195274.569877,274992688.027849,900.939082254338
"1808","Mark B. Messmer","Republican","Indiana","IN",15285521.5995707,41177999.4395691,135.378877379673
"1809","Erin Houchin","Republican","Indiana","IN",53319029.7538918,142441219.661079,474.413149628015
"1901","Mariannette Miller-Meeks","Republican","Iowa","IA",158862053.351173,390251013.487347,1255.94945495725
"1902","Ashley Hinson","Republican","Iowa","IA",25614767.3307303,62998468.7725044,205.184162139294
"1903","Zachary Nunn","Republican","Iowa","IA",11125467.4564179,27634652.3163405,90.4960999545764
"1904","Randy Feenstra","Republican","Iowa","IA",19748994.4682803,49416201.9871776,163.114673293395
"2001","Tracey Mann","Republican","Kansas","KS",29453969.9511286,80820506.520444,239.839774716444
"2002","Derek Schmidt","Republican","Kansas","KS",15293558.4561951,41711777.7548939,125.250636707795
"2003","Sharice Davids","Democrat","Kansas","KS",65073456.4306403,175467330.947809,533.193507156651
"2004","Ron Estes","Republican","Kansas","KS",6723578.08175124,18603408.7083194,55.3683253177654
"2101","James Comer","Republican","Kentucky","KY",10550054.5297113,27785193.5637493,94.0953961328819
"2102","Brett Guthrie","Republican","Kentucky","KY",15215182.0495098,39917091.952302,133.558198109735
"2103","Morgan McGarvey","Democrat","Kentucky","KY",63846272.1427703,166987459.244329,550.148718574679
"2104","Thomas Massie","Republican","Kentucky","KY",49605837.9132834,129600113.500378,471.292306439572
"2105","Harold Rogers","Republican","Kentucky","KY",10035348.8536619,26326468.1208115,86.5945578840294
"2106","Andy Barr","Republican","Kentucky","KY",124162681.594031,324239408.109871,1070.51367223237
"2201","Steve Scalise","Republican","Louisiana","LA",64413985.8986717,178347156.866313,631.915311792221
"2202","Troy A. Carter","Democrat","Louisiana","LA",73396353.1239085,203213803.335331,720.118474435582
"2203","Clay Higgins","Republican","Louisiana","LA",10316044.6865659,28694681.7116035,101.623896768127
"2204","Mike Johnson","Republican","Louisiana","LA",11616595.4865163,32341229.5124232,114.529411289997
"2205","Julia Letlow","Republican","Louisiana","LA",23784682.9696178,65942625.4248773,233.609165836712
"2206","Cleo Fields","Democrat","Louisiana","LA",27614708.4457637,76659461.5218064,271.832522010839
"2301","Chellie Pingree","Democrat","Maine","ME",30313841.5290664,70177490.1307956,271.982094301225
"2302","Jared F. Golden","Democrat","Maine","ME",90087039.3419501,209837405.832798,833.76527445688
"2401","Andy Harris","Republican","Maryland","MD",120547645.495816,265937029.571729,992.186573536616
"2402","Johnny Olszewski, Jr.","Democrat","Maryland","MD",375935379.026435,824334370.705745,3148.13078797812
"2403","Sarah Elfreth","Democrat","Maryland","MD",201385662.688027,441361155.193892,1650.65543442449
"2404","Glenn Ivey","Democrat","Maryland","MD",140330911.164338,302514047.711523,934.6953646656
"2405","Steny H. Hoyer","Democrat","Maryland","MD",90136513.5045542,196309179.481776,633.515465037277
"2406","April McClain Delaney","Democrat","Maryland","MD",645402067.773645,1414921101.9405,5388.32087893146
"2407","Kweisi Mfume","Democrat","Maryland","MD",457711752.37771,1003085334.00648,3833.49568264036
"2408","Jamie Raskin","Democrat","Maryland","MD",287004500.483759,627206026.078401,2226.34271022613
"2501","Richard E. Neal","Democrat","Massachusetts","MA",82414787.7391095,184803768.095561,648.531667939534
"2502","James P. McGovern","Democrat","Massachusetts","MA",205489003.73935,460354358.818386,1620.89108978047
"2503","Lori Trahan","Democrat","Massachusetts","MA",176820355.37541,396374589.499831,1395.01118133856
"2504","Jake Auchincloss","Democrat","Massachusetts","MA",387713227.474606,866264135.655355,3053.83479624222
"2505","Katherine M. Clark","Democrat","Massachusetts","MA",612990675.069027,1373615999.98921,4842.61616128333
"2506","Seth Moulton","Democrat","Massachusetts","MA",263789788.652374,591292397.619518,2083.44092150055
"2507","Ayanna Pressley","Democrat","Massachusetts","MA",851374909.485335,1907476846.62498,6723.59441328511
"2508","Stephen F. Lynch","Democrat","Massachusetts","MA",545525275.197023,1222071898.79462,4308.22546730092
"2509","William R. Keating","Democrat","Massachusetts","MA",135420034.160008,303049807.730231,1067.50104829878
"2601","Jack Bergman","Republican","Michigan","MI",8671421.74740783,22187771.4704346,84.0728678654224
"2602","John R. Moolenaar","Republican","Michigan","MI",15236881.338831,39035446.7618624,147.843419852319
"2603","Hillary J. Scholten","Democrat","Michigan","MI",25321533.6819985,64907791.9544027,245.470134894849
"2604","Bill Huizenga","Republican","Michigan","MI",14693873.2454355,37824387.2727624,142.284944328117
"2605","Tim Walberg","Republican","Michigan","MI",51722498.0699135,132442095.310192,499.929622197411
"2606","Debbie Dingell","Democrat","Michigan","MI",437026327.846099,1113495651.00863,4237.9746794653
"2607","Tom Barrett","Republican","Michigan","MI",137774148.147914,351041029.965116,1335.35930885236
"2608","Kristen McDonald Rivet","Democrat","Michigan","MI",26780075.4908094,68247661.2556954,259.691863358974
"2609","Lisa C. McClain","Republican","Michigan","MI",18281108.5242457,46635409.0339184,177.224895021905
"2610","John James","Republican","Michigan","MI",27808528.9455349,70884987.6447569,268.585185069781
"2611","Haley M. Stevens","Democrat","Michigan","MI",54040138.7692285,137787389.291142,522.246268141309
"2612","Rashida Tlaib","Democrat","Michigan","MI",58945455.2606036,150179983.867382,571.015318148524
"2613","Shri Thanedar","Democrat","Michigan","MI",55347478.3525144,141068921.120996,536.49363364678
"2701","Brad Finstad","Republican","Minnesota","MN",259719621.630731,642180719.736814,2363.36426504688
"2702","Angie Craig","Democrat","Minnesota","MN",45607588.9896393,113018697.426316,415.106401164781
"2703","Kelly Morrison","Democrat","Minnesota","MN",64132298.5086231,158646412.215345,583.550473336974
"2704","Betty McCollum","Democrat","Minnesota","MN",106472161.314375,263310894.493076,969.154992813682
"2705","Ilhan Omar","Democrat","Minnesota","MN",152722554.338206,377748904.563318,1388.89198127713
"2706","Tom Emmer","Republican","Minnesota","MN",33015284.2479662,81893619.853324,300.328952064131
"2707","Michelle Fischbach","Republican","Minnesota","MN",9990315.20572361,29215010.0569142,84.5178038667015
"2708","Pete Stauber","Republican","Minnesota","MN",13654962.7334381,34221227.8630918,123.823250163382
"2801","Trent Kelly","Republican","Mississippi","MS",24155539.2560618,69556615.3510528,231.816970253945
"2802","Bennie G. Thompson","Democrat","Mississippi","MS",22281019.0830187,70952042.5852179,200.011598859444
"2803","Michael Guest","Republican","Mississippi","MS",26072335.1552144,83310110.1779655,233.47448753631
"2804","Mike Ezell","Republican","Mississippi","MS",7528181.96138869,23391567.6682886,69.3991428408366
"2901","Wesley Bell","Democrat","Missouri","MO",439576917.442109,1034197848.91757,3782.23954418892
"2902","Ann Wagner","Republican","Missouri","MO",100530823.757439,237170216.510776,866.974939966569
"2903","Robert F. Onder, Jr.","Republican","Missouri","MO",87880519.833047,206942113.181514,755.576653892626
"2904","Mark Alford","Republican","Missouri","MO",37426700.1700842,89720446.5733281,320.661721867204
"2905","Emanuel Cleaver","Democrat","Missouri","MO",40545111.9999329,103371086.51846,339.259653871406
"2906","Sam Graves","Republican","Missouri","MO",19071052.9271493,46873606.949875,161.950980464296
"2907","Eric Burlison","Republican","Missouri","MO",13846072.7783687,32690268.5468591,119.4689059278
"2908","Jason Smith","Republican","Missouri","MO",32142632.2887507,75713477.2979759,276.697164130044
"3001","Ryan K. Zinke","Republican","Montana","MT",38011848.3370057,100273525.063491,349.23050525954
"3002","Troy Downing","Republican","Montana","MT",7735012.83641337,20445760.6773048,71.4999779529825
"3101","Mike Flood","Republican","Nebraska","NE",39150718.8763999,101363238.126126,359.825084893994
"3102","Don Bacon","Republican","Nebraska","NE",91387816.6346633,236483145.451397,840.385848946628
"3103","Adrian Smith","Republican","Nebraska","NE",9319228.48104558,24313139.4776866,85.4861879247063
"3201","Dina Titus","Democrat","Nevada","NV",5484522.35889047,27379594.60063,48.1735112106778
"3202","Mark E. Amodei","Republican","Nevada","NV",27685351.8204686,142360508.235954,241.610974671778
"3203","Susie Lee","Democrat","Nevada","NV",4870329.23603712,24222795.0966345,42.7379312486114
"3204","Steven Horsford","Democrat","Nevada","NV",3522376.49202972,16558306.3365054,30.8091416682362
"3301","Chris Pappas","Democrat","New Hampshire","NH",44492898.658833,101225137.858907,343.656161156429
"3302","Maggie Goodlander","Democrat","New Hampshire","NH",104904219.62918,247826952.365839,763.158974161829
"3401","Donald Norcross","Democrat","New Jersey","NJ",112127321.650281,282456397.229461,953.377712272794
"3402","Jeff Van Drew","Republican","New Jersey","NJ",31379383.104113,83182294.0116963,261.771458955059
"3403","Herbert C. Conaway, Jr.","Democrat","New Jersey","NJ",76432990.4226244,212880718.450457,648.775165472804
"3404","Christopher H. Smith","Republican","New Jersey","NJ",27656142.8402122,79598487.6633508,227.966442821251
"3405","Josh S. Gottheimer","Democrat","New Jersey","NJ",95084056.3457496,240984619.655644,713.787560991425
"3406","Frank Pallone Jr.","Democrat","New Jersey","NJ",77498956.1588362,236289408.089179,656.316095370838
"3407","Thomas H. Kean, Jr.","Republican","New Jersey","NJ",37587123.3315579,110581086.854189,312.908398606693
"3408","Robert Menendez","Democrat","New Jersey","NJ",63779194.5607044,163517303.9265,479.501173075038
"3409","Nellie Pou","Democrat","New Jersey","NJ",56414598.1228388,148739847.297279,433.664110207372
"3410","LaMonica McIver","Democrat","New Jersey","NJ",47353788.8736807,133115340.460799,379.138538663819
"3411","Vacant","Democrat","New Jersey","NJ",35853313.1762565,99812162.9789266,287.663270539891
"3412","Bonnie Watson Coleman","Democrat","New Jersey","NJ",117116970.753157,365640141.440606,1012.01488346973
"3501","Melanie A. Stansbury","Democrat","New Mexico","NM",76713138.7589292,179007606.20811,600.382181390469
"3502","Gabe Vasquez","Democrat","New Mexico","NM",32999139.9299058,77892151.6815483,262.051475242836
"3503","Teresa Leger Fernandez","Democrat","New Mexico","NM",6353005.197856,15194142.1529015,51.3338580180361
"3601","Nick LaLota","Republican","New York","NY",85310668.3602066,200969524.117985,611.745211305476
"3602","Andrew R. Garbarino","Republican","New York","NY",61137203.5905966,144135743.675226,435.893676469095
"3603","Thomas R. Suozzi","Democrat","New York","NY",107672827.496586,254254211.409781,769.820833806636
"3604","Laura Gillen","Democrat","New York","NY",83322910.2377913,196587906.736162,594.25353267592
"3605","Gregory W. Meeks","Democrat","New York","NY",109612010.006583,258590305.030493,780.88044536415
"3606","Grace Meng","Democrat","New York","NY",130339035.146654,307513471.442689,927.94842831705
"3607","Nydia M. Velázquez","Democrat","New York","NY",159384730.049399,376281990.375615,1136.03016380414
"3608","Hakeem S. Jeffries","Democrat","New York","NY",154889660.388797,365644714.981941,1102.665575745
"3609","Yvette D. Clarke","Democrat","New York","NY",188806510.799769,445272005.378697,1344.39834720863
"3610","Daniel S. Goldman","Democrat","New York","NY",246273120.933562,582054895.375726,1758.31620355957
"3611","Nicole Malliotakis","Republican","New York","NY",114857469.787993,272148609.548417,820.030669922426
"3612","Jerrold Nadler","Democrat","New York","NY",185756978.491356,439319324.079189,1331.00151067667
"3613","Adriano Espaillat","Democrat","New York","NY",354657424.136727,836931588.499964,2523.47461486146
"3614","Alexandria Ocasio-Cortez","Democrat","New York","NY",211003740.28843,497524180.171092,1500.2120131362
"3615","Ritchie Torres","Democrat","New York","NY",238180160.599108,561731515.87465,1693.4979811149
"3616","George Latimer","Democrat","New York","NY",126184097.610391,297441564.631447,901.297888315231
"3617","Michael Lawler","Republican","New York","NY",80978011.8950729,192095590.953131,583.857477338642
"3618","Patrick Ryan","Democrat","New York","NY",48453752.4392605,114809151.990624,350.901666219649
"3619","Josh Riley","Democrat","New York","NY",110196156.257362,259835046.963324,784.591526490119
"3620","Paul Tonko","Democrat","New York","NY",64408408.0380253,151795314.389995,460.522369963118
"3621","Elise M. Stefanik","Republican","New York","NY",15788789.4828263,37184152.0670235,113.494379946886
"3622","John W. Mannion","Democrat","New York","NY",44494002.0951163,104814401.943503,318.323286480931
"3623","Nicholas A. Langworthy","Republican","New York","NY",46828079.5316286,110523641.564048,334.693527046853
"3624","Claudia Tenney","Republican","New York","NY",55787009.7533875,131502521.243045,397.594698653661
"3625","Joseph D. Morelle","Democrat","New York","NY",156323517.835233,368538708.077509,1110.54698263027
"3626","Timothy M. Kennedy","Democrat","New York","NY",77865626.9385397,183828148.209898,555.72731878364
"3701","Donald G. Davis","Democrat","North Carolina","NC",36384484.4439068,91166526.4916665,352.024791734472
"3702","Deborah K. Ross","Democrat","North Carolina","NC",309689605.128132,774992503.774327,3003.27290076181
"3703","Gregory F. Murphy","Republican","North Carolina","NC",34552860.4652582,86559159.8455601,334.210651612063
"3704","Valerie P. Foushee","Democrat","North Carolina","NC",1040527667.71164,2603361295.93481,10092.3979335334
"3705","Virginia Foxx","Republican","North Carolina","NC",52288433.9351458,131053863.244687,506.556144400333
"3706","Addison P. McDowell","Republican","North Carolina","NC",65127085.6504652,163157263.973127,631.549587237745
"3707","David Rouzer","Republican","North Carolina","NC",163319612.707223,408632550.865455,1583.25798688866
"3708","Mark Harris","Republican","North Carolina","NC",28053932.6598207,70438495.5911794,271.836999780416
"3709","Richard Hudson","Republican","North Carolina","NC",101747630.016784,254717991.673607,986.547396433491
"3710","Pat Harrigan","Republican","North Carolina","NC",77479064.7733701,194078685.612783,751.604605803841
"3711","Chuck Edwards","Republican","North Carolina","NC",15453616.74169,39161406.799241,150.260875657691
"3712","Alma S. Adams","Democrat","North Carolina","NC",32788068.6287412,82414067.7172811,318.18761266256
"3713","Brad Knott","Republican","North Carolina","NC",179872343.986424,450065240.882609,1742.07307092143
"3714","Tim Moore","Republican","North Carolina","NC",26051479.7081707,65516488.9681117,252.733110920869
"3800","Julie Fedorchak","Republican","North Dakota","ND",21211307.8976836,78144212.5399257,157.264960186408
"3901","Greg Landsman","Democrat","Ohio","OH",133284833.172354,347753016.894986,1317.26520430398
"3902","David J. Taylor","Republican","Ohio","OH",33636752.3861906,87928191.7647061,329.100734272727
"3903","Joyce Beatty","Democrat","Ohio","OH",153225927.517963,399572572.744728,1514.84705466496
"3904","Jim Jordan","Republican","Ohio","OH",35662680.6803549,93012781.1592044,352.32713183152
"3905","Robert E. Latta","Republican","Ohio","OH",24705444.6312173,64436432.7243565,243.733128960637
"3906","Michael A. Rulli","Republican","Ohio","OH",10313278.3923226,26415880.157552,96.9867034075895
"3907","Max L. Miller","Republican","Ohio","OH",84179380.5311365,219435400.510248,831.55520230942
"3908","Warren Davidson","Republican","Ohio","OH",70696711.1845265,184482558.254997,698.758767912267
"3909","Marcy Kaptur","Democrat","Ohio","OH",23789634.4386097,61763262.3852401,233.844874086231
"3910","Michael R. Turner","Republican","Ohio","OH",14513722.3190253,37895922.0205751,142.774083087043
"3911","Shontel M. Brown","Democrat","Ohio","OH",176078287.841878,459318010.897993,1741.73816004504
"3912","Troy Balderson","Republican","Ohio","OH",38400048.0669775,100055236.225261,378.389806281149
"3913","Emilia Strong Sykes","Democrat","Ohio","OH",29752125.4887634,77548012.005838,293.439444031561
"3914","David P. Joyce","Republican","Ohio","OH",52771941.5029624,137131047.574033,518.424037185684
"3915","Mike Carey","Republican","Ohio","OH",100251011.509547,261594013.34013,991.486727012741
"4001","Kevin Hern","Republican","Oklahoma","OK",14682008.4423713,41357892.9516045,153.945999153434
"4002","Josh Brecheen","Republican","Oklahoma","OK",7239175.02257807,20397178.2654032,75.417032680433
"4003","Frank D. Lucas","Republican","Oklahoma","OK",23965919.5209597,67538314.6190147,251.598585436202
"4004","Tom Cole","Republican","Oklahoma","OK",35712553.840165,100617113.753298,375.041507929171
"4005","Stephanie I. Bice","Republican","Oklahoma","OK",56307049.1538086,158608703.18902,591.236474269143
"4101","Suzanne Bonamici","Democrat","Oregon","OR",114531241.835733,278132074.159994,1007.34789015929
"4102","Cliff Bentz","Republican","Oregon","OR",5988548.27568146,14732044.3284807,52.5558450282635
"4103","Maxine Dexter","Democrat","Oregon","OR",98813517.9883821,239853259.227355,868.173733583989
"4104","Val T. Hoyle","Democrat","Oregon","OR",70926720.7082201,172295892.865848,624.059779225188
"4105","Janelle S. Bynum","Democrat","Oregon","OR",56002875.6717745,136204707.667175,492.583725126667
"4106","Andrea Salinas","Democrat","Oregon","OR",39620618.8356387,96249675.4904732,348.149763194607
"4201","Brian K. Fitzpatrick","Republican","Pennsylvania","PA",80563423.3599902,199699294.317762,683.253490101462
"4202","Brendan F. Boyle","Democrat","Pennsylvania","PA",169633930.379963,408647755.216337,1440.15074502621
"4203","Dwight Evans","Democrat","Pennsylvania","PA",379646110.717617,913217506.040671,3221.30923118294
"4204","Madeleine Dean","Democrat","Pennsylvania","PA",124923641.755953,300597442.423727,1058.43356256493
"4205","Mary Gay Scanlon","Democrat","Pennsylvania","PA",239563292.674841,576033824.626143,2025.8891028729
"4206","Chrissy Houlahan","Democrat","Pennsylvania","PA",69037123.8649649,165495247.669337,569.65128545211
"4207","Ryan Mackenzie","Republican","Pennsylvania","PA",24482401.787348,59726321.2028187,203.854686284734
"4208","Robert P. Bresnahan, Jr.","Republican","Pennsylvania","PA",13603317.2738969,32867804.6709254,107.855229386312
"4209","Daniel Meuser","Republican","Pennsylvania","PA",28856936.7717914,69158746.7600137,242.680136133719
"4210","Scott Perry","Republican","Pennsylvania","PA",58758094.7490626,139907928.344135,496.756517651224
"4211","Lloyd Smucker","Republican","Pennsylvania","PA",38561370.6209046,89699479.3227798,324.025322118338
"4212","Summer L. Lee","Democrat","Pennsylvania","PA",346440611.893894,833348881.875252,2944.01586413502
"4213","John Joyce","Republican","Pennsylvania","PA",73015009.6793391,165543914.054052,613.463279573573
"4214","Guy Reschenthaler","Republican","Pennsylvania","PA",69914847.7005874,169395780.313993,591.396550009584
"4215","Glenn Thompson","Republican","Pennsylvania","PA",83696486.1374956,201339841.506082,710.866834986675
"4216","Mike Kelly","Republican","Pennsylvania","PA",39788235.3758081,95798757.6250605,338.666140971335
"4217","Christopher R. Deluzio","Democrat","Pennsylvania","PA",223752160.014359,538332305.361782,1901.64429398464
"4401","Gabe Amo","Democrat","Rhode Island","RI",133097257.104688,281125022.030807,996.401320804018
"4402","Seth Magaziner","Democrat","Rhode Island","RI",102233178.33464,215812791.007282,764.419299771171
"4501","Nancy Mace","Republican","South Carolina","SC",84688334.2706949,244503904.376044,871.325320728919
"4502","Joe Wilson","Republican","South Carolina","SC",38729540.1684589,112193178.602458,411.344577781509
"4503","Sheri Biggs","Republican","South Carolina","SC",27262237.8654557,77796039.8907356,281.237610499942
"4504","William R. Timmons IV","Republican","South Carolina","SC",10984812.4254087,31218140.3058135,112.678523320194
"4505","Ralph Norman","Republican","South Carolina","SC",11324587.6182776,30352120.8324444,112.008161111531
"4506","James E. Clyburn","Democrat","South Carolina","SC",77879320.4878,224898873.172205,801.777124976009
"4507","Russell Fry","Republican","South Carolina","SC",8115541.98868626,21663472.3907364,79.2835830384161
"4600","Dusty Johnson","Republican","South Dakota","SD",27981901.4934977,85652426.8427732,232.397236458316
"4701","Diana Harshbarger","Republican","Tennessee","TN",8695083.61176134,23319996.1406908,86.4852825734585
"4702","Tim Burchett","Republican","Tennessee","TN",13383991.6855655,36129548.3537823,134.401157461413
"4703","Charles J. “Chuck” Fleischmann","Republican","Tennessee","TN",6689664.25006867,17990047.9903222,66.2468272854233
"4704","Scott DesJarlais","Republican","Tennessee","TN",47825152.9180417,128832912.763382,478.362827716448
"4705","Andrew Ogles","Republican","Tennessee","TN",215386721.310087,579898655.479916,2153.8159316775
"4706","John W. Rose","Republican","Tennessee","TN",102530996.77781,276084427.777345,1025.28041212718
"4707","Matt Van Epps","Republican","Tennessee","TN",153811485.278704,414070466.052674,1537.34782263393
"4708","David Kustoff","Republican","Tennessee","TN",47540437.573989,128050513.194753,475.081412709475
"4709","Steve Cohen","Democrat","Tennessee","TN",113258544.419999,304765801.344279,1130.20249441129
"4801","Nathaniel Moran","Republican","Texas","TX",10556437.2575848,34186203.2905489,123.590381056966
"4802","Daniel Crenshaw","Republican","Texas","TX",49657371.0781472,161489411.13444,585.012413065834
"4803","Keith Self","Republican","Texas","TX",24439531.4804389,79090437.1778021,286.129466122027
"4804","Pat Fallon","Republican","Texas","TX",20788454.2084812,67354311.2942193,243.678676331823
"4805","Lance Gooden","Republican","Texas","TX",28148942.5927492,91522702.5638545,331.482935910234
"4806","Jake Ellzey","Republican","Texas","TX",29880475.2085547,97053617.1792573,351.437772177373
"4807","Lizzie Fletcher","Democrat","Texas","TX",156040256.318678,507818725.093912,1839.31421265625
"4808","Morgan Luttrell","Republican","Texas","TX",36253879.5558325,117971004.710553,427.347741072442
"4809","Al Green","Democrat","Texas","TX",198871062.362206,647428556.550764,2344.69682625546
"4810","Michael T. McCaul","Republican","Texas","TX",75923965.8875547,247134662.344595,895.128328253927
"4811","August Pfluger","Republican","Texas","TX",4430875.25585854,14348890.685364,51.8941458232802
"4812","Craig A. Goldman","Republican","Texas","TX",46663179.2673596,151623157.733142,549.368821383128
"4813","Ronny Jackson","Republican","Texas","TX",8188517.62333434,26559532.0231321,96.1241610022141
"4814","Randy K. Weber Sr.","Republican","Texas","TX",117879834.512331,383223313.865035,1388.36766227378
"4815","Monica De La Cruz","Republican","Texas","TX",11988217.9539372,38926366.2326628,140.94668422381
"4816","Veronica Escobar","Democrat","Texas","TX",19087645.7460822,61479441.6336836,222.200762990673
"4817","Pete Sessions","Republican","Texas","TX",24872214.8384466,80941650.0320855,293.193625106574
"4818","Christian D. Menefee","Democrat","Texas","TX",81131262.7689473,264063256.902267,956.523545924666
"4819","Jodey C. Arrington","Republican","Texas","TX",19995457.2498051,62560884.0887545,227.49198316657
"4820","Joaquin Castro","Democrat","Texas","TX",75251700.6452506,244976079.790841,887.314463143587
"4821","Chip Roy","Republican","Texas","TX",35807245.8685359,116523809.880532,422.039409217461
"4822","Troy Nehls","Republican","Texas","TX",83071068.2398973,270402916.407148,979.396697470495
"4823","Tony Gonzales","Republican","Texas","TX",29726935.8473169,96692442.8757266,349.962592136554
"4824","Beth Van Duyne","Republican","Texas","TX",43898402.7007235,142661882.629713,516.986014686643
"4825","Roger Williams","Republican","Texas","TX",27808846.6179751,89292169.1794609,323.857366736407
"4826","Brandon Gill","Republican","Texas","TX",27012791.2867195,87833981.7506887,318.148422432747
"4827","Michael Cloud","Republican","Texas","TX",7808211.26967775,25257018.3086119,91.2335380471092
"4828","Henry Cuellar","Democrat","Texas","TX",18952452.5195988,61653335.0205664,223.30887449909
"4829","Sylvia R. Garcia","Democrat","Texas","TX",64679085.0194037,210637384.111455,763.014457372963
"4830","Jasmine Crockett","Democrat","Texas","TX",58296490.772798,189650064.366879,687.029114746254
"4831","John R. Carter","Republican","Texas","TX",14263762.587728,46427901.789806,168.152548300788
"4832","Julie Johnson","Democrat","Texas","TX",46504915.8925885,151213097.163013,547.799983235431
"4833","Marc A. Veasey","Democrat","Texas","TX",38792197.7527122,126018111.560316,456.629315154776
"4834","Vicente Gonzalez","Democrat","Texas","TX",5655584.55044412,18353747.8132638,66.4657311262233
"4835","Greg Casar","Democrat","Texas","TX",33571842.9142385,109214125.745001,395.452300037885
"4836","Brian Babin","Republican","Texas","TX",53120620.3190384,172837652.685503,625.899924755747
"4837","Lloyd Doggett","Democrat","Texas","TX",48451998.9635476,156495342.186588,566.56196720529
"4838","Wesley Hunt","Republican","Texas","TX",62364006.197479,202824150.694075,734.504414218353
"4901","Blake Moore","Republican","Utah","UT",79042683.5991825,217097164.91744,907.733639227912
"4902","Celeste Maloy","Republican","Utah","UT",80056534.2565996,219907141.409059,919.668006397347
"4903","Mike Kennedy","Republican","Utah","UT",59702212.4598031,164029114.63176,685.346930477186
"4904","Burgess Owens","Republican","Utah","UT",55709844.7093766,153052642.761477,639.891948584103
"5000","Becca Balint","Democrat","Vermont","VT",102669221.076299,240265899.612803,753.199911303698
"5101","Robert J. Wittman","Republican","Virginia","VA",47028399.3127627,128487964.127696,397.102670923314
"5102","Jennifer A. Kiggans","Republican","Virginia","VA",15139086.3223303,40595821.7209606,128.128734617963
"5103","Robert C. “Bobby” Scott","Democrat","Virginia","VA",17583737.5109058,47745820.3827726,149.39825056746
"5104","Jennifer McClellan","Democrat","Virginia","VA",63761447.4405017,173892942.920638,540.541510585727
"5105","John J. McGuire III","Republican","Virginia","VA",143380913.529578,394662097.090911,1221.81811371591
"5106","Ben Cline","Republican","Virginia","VA",40615031.1310854,108507196.327881,345.09158568776
"5107","Eugene Simon Vindman","Democrat","Virginia","VA",54036357.703216,141222928.646734,417.48746670177
"5108","Donald S. Beyer, Jr.","Democrat","Virginia","VA",95829707.0484255,223487697.857177,584.201945920357
"5109","H. Morgan Griffith","Republican","Virginia","VA",45225050.4557621,124294170.018597,387.499273072007
"5110","Suhas Subramanyam","Democrat","Virginia","VA",97149337.454091,246569021.095604,776.841363338371
"5111","James R. Walkinshaw","Democrat","Virginia","VA",112686413.747678,282069677.947947,844.042336337288
"5301","Suzan K. DelBene","Democrat","Washington","WA",188407027.824911,455490259.822668,1469.98062878298
"5302","Rick Larsen","Democrat","Washington","WA",105762433.128593,255783771.914001,825.501930258602
"5303","Marie Gluesenkamp Perez","Democrat","Washington","WA",43649774.6072418,105855882.236735,362.674760332441
"5304","Dan Newhouse","Republican","Washington","WA",34144773.4862034,82718840.6908384,266.788807419965
"5305","Michael Baumgartner","Republican","Washington","WA",42959270.4982404,105786017.55227,337.275862063971
"5306","Emily Randall","Democrat","Washington","WA",60877074.012572,147320496.825086,475.580611816304
"5307","Pramila Jayapal","Democrat","Washington","WA",607286224.127057,1467959545.37242,4737.77892125246
"5308","Kim Schrier ","Democrat","Washington","WA",99713088.8583622,241180962.772011,778.104338529285
"5309","Adam Smith","Democrat","Washington","WA",207380372.555183,501377977.588156,1618.20727301484
"5310","Marilyn Strickland","Democrat","Washington","WA",34566246.4285604,83689654.4913003,270.29556871113
"5401","Carol D. Miller","Republican","West Virginia","WV",11924801.0950311,32585957.6477062,95.4212243756128
"5402","Riley M. Moore","Republican","West Virginia","WV",79418585.4374393,196878285.680921,643.694820915533
"5501","Bryan Steil","Republican","Wisconsin","WI",35919833.3123537,86518260.4484393,338.359455264131
"5502","Mark Pocan","Democrat","Wisconsin","WI",320860242.915896,760626036.498971,3015.78539150879
"5503","Derrick Van Orden","Republican","Wisconsin","WI",17910772.3124548,43045284.5960762,166.638177411951
"5504","Gwen Moore","Democrat","Wisconsin","WI",77914933.2083013,185204030.113468,732.335802374387
"5505","Scott Fitzgerald","Republican","Wisconsin","WI",75278359.1362082,179251417.306511,707.406886563351
"5506","Glenn Grothman","Republican","Wisconsin","WI",33726941.4156927,80480143.0389565,316.532454721979
"5507","Thomas P. Tiffany","Republican","Wisconsin","WI",23731655.8659318,56864262.5294449,221.20834294874
"5508","Tony Wied","Republican","Wisconsin","WI",15268487.8053294,36702603.6595849,143.076501284445
"5600","Harriet M. Hageman","Republican","Wyoming","WY",13781051.1345311,51446959.7448218,111.753128408869
"6098","Aumua Amata Coleman Radewagen","Republican","American Samoa","AS",1374878.57433577,3533437.93604294,12.2364193115884
"6698","James C. Moylan","Republican","Guam","GU",1896921.86248781,4875089.18659368,16.8826045761415
"7298","Pablo José Hernández","Democrat","Puerto Rico","PR",50964447.3601778,130978629.715657,453.583581505583
"7898","Stacey E. Plaskett","Democrat","Virgin Islands","VI",537608.647470012,1381654.22399793,4.7847169624831
