"state","state_name","raw_funding","econ_impact","jobs"
"AK","Alaska",17003416.4138633,66180029.1038382,133.376986349195
"AL","Alabama",388528855.26075,959379584.308531,3583.70777870974
"AR","Arkansas",102787557.066857,287989971.822915,914.311813477534
"AS","American Samoa",1374878.57433577,3533437.93604294,12.2364193115884
"AZ","Arizona",321279278.390956,942459986.929374,3271.49857400606
"CA","California",5209781766.41264,13980695014.8767,45850.8375152914
"CO","Colorado",537043467.250445,1504022419.70692,5153.40309258413
"CT","Connecticut",753153271.715333,1716332564.55379,5721.17050584769
"DC","District of Columbia",111724127.141833,234889867.401351,491.75590341112
"DE","Delaware",80580456.4885555,190328955.049427,509.699016886717
"FL","Florida",844728879.471041,2703814292.12643,9436.59348099838
"GA","Georgia",760582037.903171,2229964377.13998,8941.23739538759
"GU","Guam",1896921.86248781,4875089.18659368,16.8826045761415
"HI","Hawaii",63574879.3437508,179289155.529205,577.824696115009
"IA","Iowa",215351282.606602,530300336.563369,1714.74439034451
"ID","Idaho",31520064.943412,108112072.754533,276.936427600669
"IL","Illinois",1211208426.88001,3431743137.76742,11906.6443311523
"IN","Indiana",421998891.970937,1138078889.86119,3753.55488318275
"KS","Kansas",116544562.919715,316603023.931466,953.652243898655
"KY","Kentucky",273415377.082967,714855734.49144,2406.20284937327
"LA","Louisiana",211142370.611044,585198958.372354,2073.62878213348
"MA","Massachusetts",3261538056.89224,7305303802.82769,25743.6467469695
"MD","Maryland",2318454432.51428,5075668244.69004,18807.3428974401
"ME","Maine",120400880.871016,280014895.963593,1105.74736875811
"MI","Michigan",931649469.420536,2375738525.95729,9028.19214084306
"MN","Minnesota",685314786.968703,1700235486.2082,6228.73811973367
"MO","Missouri",771019831.196881,1826679064.49636,6622.82956430887
"MS","Mississippi",80037075.4556836,247210335.782525,734.702199490536
"MT","Montana",45746861.1734191,120719285.740796,420.730483212523
"NC","North Carolina",2163335886.55677,5415315541.37444,20976.5136683488
"ND","North Dakota",21211307.8976836,78144212.5399257,157.264960186408
"NE","Nebraska",139857763.992109,362159523.055209,1285.69712176533
"NH","New Hampshire",149397118.288013,349052090.224746,1106.81513531826
"NJ","New Jersey",778283839.340011,2156797808.05809,6366.88481044672
"NM","New Mexico",116065283.886691,272093900.04256,913.767514651341
"NV","Nevada",41562579.9074259,210521204.269723,363.331558799303
"NY","New York",3258511902.1904,7691328228.73117,23241.7203298363
"OH","Ohio",981261779.663828,2558342338.65985,9684.67105939255
"OK","Oklahoma",137906705.979883,388519202.77834,1447.23959946838
"OR","Oregon",385883523.31543,937467653.739326,3392.870736318
"PA","Pennsylvania",2064236994.75782,4958810831.33087,17473.9122724357
"PR","Puerto Rico",50964447.3601778,130978629.715657,453.583581505583
"RI","Rhode Island",235330435.439328,496937813.038089,1760.82062057519
"SC","South Carolina",258984374.824782,742625729.570437,2669.65490145652
"SD","South Dakota",27981901.4934977,85652426.8427732,232.397236458316
"TN","Tennessee",709122077.826025,1909142369.09715,7087.22416859612
"TX","Texas",1739835741.132,5653741338.49526,20477.6872793208
"UT","Utah",274511275.024962,754086063.719736,3152.64052468655
"VA","Virginia",732435481.656336,1911535338.13692,5792.15325146793
"VI","Virgin Islands",537608.647470012,1381654.22399793,4.7847169624831
"VT","Vermont",102669221.076299,240265899.612803,753.199911303698
"WA","Washington",1424746285.52692,3447163409.26549,11142.188702182
"WI","Wisconsin",600611225.972168,1428692038.19145,5641.34301207777
"WV","West Virginia",91343386.5324704,229464243.328627,739.116045291146
"WY","Wyoming",13781051.1345311,51446959.7448218,111.753128408869
