"state","state_name","budg_BIO_cuts","budg_CSE_cuts","budg_EDU_cuts","budg_ENG_cuts","budg_GEO_cuts","budg_MPS_cuts","budg_OIA_cuts","budg_OISE_cuts","budg_OPP_cuts","budg_SBE_cuts","budg_TIP_cuts","budg_NSF_cuts","econ_budg_BIO_cuts","econ_budg_CSE_cuts","econ_budg_EDU_cuts","econ_budg_ENG_cuts","econ_budg_GEO_cuts","econ_budg_MPS_cuts","econ_budg_OIA_cuts","econ_budg_OISE_cuts","econ_budg_OPP_cuts","econ_budg_SBE_cuts","econ_budg_TIP_cuts","econ_budg_NSF_cuts","jobs_budg_BIO_cuts","jobs_budg_CSE_cuts","jobs_budg_EDU_cuts","jobs_budg_ENG_cuts","jobs_budg_GEO_cuts","jobs_budg_MPS_cuts","jobs_budg_OIA_cuts","jobs_budg_OISE_cuts","jobs_budg_OPP_cuts","jobs_budg_SBE_cuts","jobs_budg_TIP_cuts","jobs_budg_NSF_cuts"
"AK","Alaska",1648942.83485816,359288.553272788,2155089.42689245,191447.708334055,18794501.0605702,459314.339226068,7881807.16158865,54518.5846924077,1076597.55297509,359790.661990693,544361.253521563,33525659.1379221,4353209.08402554,948521.780640162,5689436.08699607,505421.950001904,49617482.7999053,1212589.85555682,20807970.906594,143929.063587956,2842217.53985423,949847.347655429,1437113.70929693,88507740.1241143,22.9019838174744,4.9901187954554,29.9317975957285,2.65899594908409,261.034736952364,6.37936582258428,109.469543910953,0.757202565172329,14.9527437913206,4.99709252764851,7.56057296557726,465.634154693363
"AL","Alabama",8731845.81280214,4223110.21302128,15017377.4388332,9574730.50127278,3293631.76219598,6118511.74913512,21288066.8293282,1055226.47082683,39089.1510080886,1755849.69717722,5108903.0272058,76206342.6528066,23052072.9457977,11149010.9623762,39645876.4385198,25277288.5233601,8695187.85219738,16152871.0177167,56200496.4294263,2785797.88298283,103195.358661354,4635443.20054785,13487503.9918233,201184744.60341,121.275636288919,58.6543085141845,208.574686650462,132.982368073233,45.7448855860553,84.9793298490989,295.66759485178,14.6559232059282,0.542904875112342,24.3868013496836,70.9569864889694,1058.42142573343
"AR","Arkansas",3442615.88038847,1088084.61520655,3819534.94038449,6804608.07954263,848409.41907414,1794092.23831745,12848626.4115433,190145.318139518,13483.2757553511,1096955.64269543,2811445.74081344,34758001.5618607,9088505.92422555,2872543.38414528,10083572.242615,17964165.3299925,2239800.86635573,4736403.50915807,33920373.7264743,501983.639888327,35595.847994127,2895962.89671592,7422216.75574748,91761124.1233124,47.8141094498398,15.1122863223131,53.049096394229,94.5084455492032,11.7834641538075,24.917947754409,178.453144604768,2.64090719638219,0.187267718824321,15.2354950374365,39.0478575112978,482.75002169251
"AS","American Samoa",0,0,91506.6967399112,0,0,0,0,0,0,0,0,91506.6967399112,0,0,241577.679393366,0,0,0,0,0,0,0,0,241577.679393366,0,0,1.27092634360988,0,0,0,0,0,0,0,0,1.27092634360988
"AZ","Arizona",27353717.9765533,14448797.6562598,16738294.1772601,27379587.3974446,12234294.4039054,94528832.3556734,705145.179894756,2674895.47618132,98101.7040128764,7806220.0289677,11547439.5020292,215515325.858182,72213815.4581008,38144825.8125258,44189096.6279666,72282110.7292538,32298537.2263102,249556117.418978,1861583.27492216,7061724.05711868,258988.498593994,20608420.8764747,30485240.2853571,568960460.265601,379.912749674352,200.67774522583,232.476308017501,380.272047186731,169.920755609797,1312.90044938435,9.79368305409384,37.1513260580739,1.36252366684551,108.419722624551,160.38110419485,2993.26841469698
"CA","California",84781240.5211282,111689935.192508,117872545.337082,83182157.9977103,92674793.6555799,192125770.673046,5204121.89852909,5199424.53333253,2731856.80657366,31197104.9539867,53329967.9421982,779988919.511675,223822474.975778,294861428.908221,311183519.689898,219600897.113955,244661455.250731,507212034.57684,13738881.8121168,13726480.7679979,7212101.96935446,82360357.078525,140791115.367403,2059170747.51082,1177.51722946011,1551.24909989595,1637.11868523726,1155.3077499682,1287.14991188305,2668.41348157008,72.2794708129041,72.2142296296185,37.9424556468564,433.293124360927,740.693999197197,10833.1794376622
"CO","Colorado",24104380.1376179,18092032.9501836,22529616.0458204,22389959.6811321,126143244.287798,29372321.6684819,1140170.87360071,1575654.73149473,585946.902256838,6245661.26836948,10413562.2700724,262592550.816829,63635563.5633114,47762966.9884848,59478186.3609658,59109493.5581889,333018164.919788,77542929.2047923,3010051.10630587,4159728.4911461,1546899.82195805,16488545.7484954,27491804.3929911,693244334.156428,334.783057466916,251.278235419217,312.911333969728,310.971662237946,1751.9895039972,407.948912062249,15.8357065777876,21.8840934929824,8.13815142023386,86.7452953940205,144.632809306561,3647.11876134484
"CT","Connecticut",17869801.2763146,7459275.3380602,12686693.7114484,8636985.2709192,4935429.35304261,11862344.7786949,655710.998554393,346826.31338731,52794.9956857574,4739054.09162532,2017237.7714454,71262153.8991781,47176275.3694705,19692486.8924789,33492871.3982238,22801641.1152267,13029533.4920325,31316590.2157547,1731077.0361836,915621.4673425,139378.7886104,12511102.8018908,5325507.71661587,188132086.29383,248.191684393258,103.601046361947,176.204079325672,119.958128762767,68.5476299033696,164.754788592985,9.10709720214435,4.81703213037931,0.733263828968853,65.8201957170183,28.0171912700751,989.752137488585
"DC","District of Columbia",2678620.64632485,8763388.3425866,8262874.2437261,5224549.58928431,11895294.4334744,6714656.41563677,3465526.99964549,667302.251291043,85192.5454694563,4654756.37565016,2708041.70998176,55120203.5530709,7071558.5062976,23135345.2244286,21813988.0034369,13792810.9157106,31403577.3043723,17726692.9372811,9148991.27906409,1761677.94340835,224908.320039365,12288556.8317164,7149230.11435185,145517337.380107,37.2030645322896,121.713726980369,114.762142273974,72.5631887400599,165.212422687144,93.259116883844,48.1323194395207,9.26808682348671,1.18322979818689,64.6493941062522,37.6116904164134,765.55838268154
"DE","Delaware",2911238.45318785,2911903.65664213,3826496.69176657,5136110.31739381,5573432.06869336,6191032.59895403,6418780.26222388,520091.320148107,14305.7348008952,981503.983708854,2022563.85597661,36507458.9434961,7685669.51641592,7687425.65353522,10101951.2662637,13559331.2379197,14713860.6613505,16344326.0612386,16945579.892271,1373041.085191,37767.1398743633,2591170.51699137,5339568.57977825,96379691.6108297,40.4338674053868,40.4431063422518,53.1457873856468,71.3348655193585,77.4087787318523,85.9865638743615,89.1497258642206,7.2234905576126,0.198690761123544,13.6319997737341,28.0911646663418,507.04804088189
"FL","Florida",20338480.8895042,21442488.2691692,29612073.0656487,30971655.3332848,18448790.0029962,64038650.8542872,866820.881493274,1535282.35537394,102350.635429141,6160859.556247,14350409.4148518,207867861.258285,53693589.5482911,56608169.0306066,78175872.8933125,81765170.0798719,48704805.60791,169062038.255318,2288407.12714224,4053145.41818721,270205.677532933,16264669.2284921,37885080.8552088,548771153.721874,282.478901243114,297.812337071794,411.278792578454,430.161879628956,256.233194486059,889.425706309544,12.0391789096288,21.3233660468603,1.42153660318252,85.5674938367639,199.311241872942,2887.0536285873
"GA","Georgia",20614998.3933038,20629399.5084553,27435056.7451066,28465732.9092662,11697048.9889434,21290111.8016159,7073827.35376244,1028499.14226331,84772.9137975472,5988065.50933948,7059266.71352961,151366779.979384,54423595.7583219,54461614.702322,72428549.8070815,75149534.8804627,30880209.3308106,56205895.156266,18674904.2139328,2715237.73557514,223800.492425525,15808492.9446562,18636464.1237182,399608299.145573,286.319422129219,286.519437617435,381.042454793148,395.357401517586,162.459013735325,295.695997244666,98.2476021355894,14.2847103092126,1.17740158052149,83.1675765186038,98.0453710212446,2102.31638860255
"GU","Guam",0,0,221527.655150551,0,175702.505076974,21878.2408386334,10230503.7978452,0,0,0,37751.104667437,10687363.3035788,0,0,584833.009597456,0,463854.613403211,57758.5558139921,27008530.0263114,0,0,0,99662.9163220338,28214639.121448,0,0,3.0767729882021,0,2.44031257051353,0.30386445609213,142.090330525628,0,0,0,0.524320898158848,148.435601438594
"HI","Hawaii",2697306.78642285,3646557.76653565,7173335.35542731,976598.161808852,17408359.0142968,3201403.49866233,11300276.8020906,74470.51004996,9626.36939793924,553055.52406882,1090018.37812425,48131008.1668853,7120889.91615633,9626912.50365413,18937605.3383281,2578219.14717537,45958067.7977435,8451705.23646856,29832730.7575191,196602.146531894,25413.6152105596,1460066.58354168,2877648.51824801,127065861.560577,37.462594255873,50.6466356463285,99.6296577142682,13.5638633584563,241.782764087455,44.4639374814213,156.948288917924,1.03431263958278,0.133699574971378,7.68132672317805,15.1391441406145,668.486224540074
"IA","Iowa",5521222.07301315,6309059.53487774,4510132.67462606,9958208.86926868,3148998.51281397,6395610.68543773,8461420.30024618,263109.516153228,12172.9553165941,2287787.52576152,1987957.17165484,48855679.8191697,14576026.2727547,16655917.1720772,11906750.2610128,26289671.4148693,8313356.07382887,16884412.2095556,22338149.5926499,694609.122644522,32136.6020358084,6039759.06801042,5248206.93316878,128978994.722608,76.6836399029604,87.625826873302,62.6407315920286,138.308456517621,43.7360904557495,88.8279261866352,117.519726392308,3.6542988354615,0.169068823841585,31.7748267466878,27.6105162729839,678.551108599579
"ID","Idaho",7218191.27322309,2073217.65156373,5362882.67800486,3059195.22192964,2441221.24722335,2424254.54130031,15032350.4504968,264398.751175816,32591.0624658838,700102.186434903,2563465.16091191,41171870.2247303,19056024.961309,5473294.60012824,14158010.2699328,8076275.38589426,6444824.09266966,6400031.98903281,39685405.1893116,698012.703104156,86040.4049099331,1848269.77218814,6767548.02480744,108693737.393288,100.252656572543,28.7946896050518,74.4844816389564,42.4888225268006,33.9058506558799,33.6702019625042,208.782645145789,3.6722048774419,0.452653645359497,9.72364147826254,35.6036827904432,571.831530899032
"IL","Illinois",21239532.6143645,63455617.5285104,29226370.3493298,39446477.5564994,11491160.666181,72166942.961027,1462637.84200853,5032168.49472439,340377.317259802,15413285.0199695,13657179.6294429,272931749.979317,56072366.1019224,167522830.275267,77157617.7222307,104138700.749159,30336664.1587179,190520729.417111,3861363.90290253,13284924.8260724,898596.117565878,40691072.4527194,36054954.2217294,720539819.945398,294.993508532841,881.328021229311,405.921810407358,547.86774384027,159.599453696959,1002.31865223649,20.3144144723408,69.8912290933943,4.72746273971948,214.073403055131,189.68305040893,3790.71874971274
"IN","Indiana",14142710.9065637,33167332.6530646,11191816.1839021,29205532.6052635,4118723.2317322,31738808.4993821,482532.40162497,1574810.59872973,43210.9869881384,6448320.8035999,5998573.68722501,138112372.558076,37336756.7933281,87561758.2040906,29546394.7255017,77102606.0778955,10873429.331773,83790454.4383688,1273885.54028992,4157499.98064649,114077.005648685,17023566.9215037,15836234.534274,364616663.55332,196.42654036894,460.657397959231,155.441891443085,405.632397295326,57.2044893296139,440.816784713641,6.70183891145792,21.8723694268018,0.600152597057478,89.5600111611098,83.3135234336807,1918.22739663994
"KS","Kansas",5954760.44568006,2332392.73950831,3869759.79834152,3877856.54050891,2947023.64433031,5338049.75894804,21327891.8872392,1521808.94114426,24095.0385906281,1119616.00153503,2430268.69175552,50743523.4875818,15720567.5765954,6157516.83230194,10216165.8676216,10237541.2669435,7780142.42103203,14092451.3636228,56305634.5823115,4017575.60462086,63610.9018792581,2955786.24405248,6415909.34623458,133962902.007216,82.7050061900009,32.3943436042821,53.7466638658545,53.8591186181792,40.9308839490321,74.1395799853894,296.2207206561,21.1362352936703,0.334653313758723,15.5502222435421,33.7537318299378,704.771159549747
"KY","Kentucky",4816997.96918668,4671356.54044333,4739668.99004005,4654557.6641994,755436.607183941,3845952.60843152,17466088.7610259,131692.47077556,11690.9838839602,892726.922869292,1650428.99643085,43636598.5144705,12716874.6386528,12332381.2667704,12512726.1337057,12288032.2334864,1994352.6429656,10153314.8862592,46110474.3291083,347668.122847479,30864.1974536549,2356799.07637493,4357132.55057743,115200620.078202,66.9027495720372,64.8799519506018,65.8287359727784,64.6466342249916,10.492175099777,53.4160084504377,242.58456612536,1.82906209410501,0.162374776166114,12.3989850398513,22.9226249504284,606.063868256534
"LA","Louisiana",6255298.79601673,2598366.02242219,5143004.65418942,4853649.33356704,2813844.47681232,9916594.50027118,26910668.2570398,565182.746264711,24283.7147631326,1288290.55546185,5882999.16321225,66252182.2200206,16513988.8214842,6859686.29919458,13577532.2870601,12813634.240617,7428549.41878453,26179809.4807159,71044164.198585,1492082.45013884,64109.0069746701,3401087.06641929,15531117.7908803,174905761.060854,86.8791499446768,36.088416978086,71.4306201970752,67.4117962995422,39.08117328906,137.730479170433,373.759281347774,7.84976036478765,0.337273816154619,17.8929243814146,81.7083217112813,920.169197500286
"MA","Massachusetts",30909831.43303,51340684.9376625,58095190.3953196,42320206.0499216,107952032.896384,62181100.9198333,3616453.28513191,1715193.87868695,672139.968954242,29650958.7477046,24499329.09064,412953121.603269,81601954.9831993,135539408.235429,153371302.643644,111725343.971793,284993366.846454,164158106.42836,9547436.67274825,4528111.83973356,1774449.5180392,78278531.0939402,64678228.7992896,1090196241.03263,429.303214347639,713.065068578645,806.877644379438,587.780639582245,1499.33379022756,863.626401664351,50.2285178490543,23.8221372039855,9.33527734658669,411.818871495897,340.268459592222,5735.46002226762
"MD","Maryland",16083321.3804148,27992341.0062457,30274779.5408605,23024940.0847417,22572393.1793814,39508866.1160706,6064094.03479876,4411003.63380107,325035.547030184,16818091.4032014,12721232.037261,199796097.963807,42459968.4442951,73899780.2564887,79925417.9878717,60785841.8237182,59591117.993567,104303406.546426,16009208.2518687,11645049.5932348,858093.844159685,44399761.3044517,33584052.578369,527461698.624451,223.379463616873,388.782513975635,420.483049178618,319.790834510302,313.505460824742,548.734251612092,84.2235282610939,61.2639393583482,4.51438259764144,233.584602822242,176.683778295292,2774.94580505288
"ME","Maine",2164747.81767168,866505.34211251,4874125.43474584,1105528.54308101,3818665.61862597,1396128.80889256,23771848.5942878,568344.790882713,68736.2954356264,486892.932577966,1421192.51885417,40542716.6971679,5714934.23865323,2287574.10317703,12867691.147729,2918595.35373386,10081277.2331726,3685780.05547635,62757680.2889199,1500430.24793036,181463.819950054,1285397.34200583,3751948.24977502,107032772.080523,30.0659419121067,12.0347964182293,67.6961865936922,15.3545630983473,53.0370224809162,19.3906779012855,330.164563809553,7.89367765114879,0.954670769939255,6.76240184136064,19.7387849840858,563.093287460665
"MI","Michigan",23773927.2114482,20347258.2912527,26153645.3611127,32683526.8801547,8947717.62179375,45061455.1005552,684873.449788472,3102527.75781684,60017.8250376357,24275722.6708673,10138023.6240438,195228695.793871,62763167.8382233,53716761.888907,69045623.7533375,86284510.9636085,23621974.5215355,118962241.465466,1808065.90744157,8190673.28063647,158447.058099358,64087907.8510897,26764382.3674756,515403756.89582,330.193433492336,282.600809600731,363.245074459899,453.937873335482,124.273855858246,625.853543063267,9.51213124706212,43.0906633030117,0.833580903300496,337.162814873157,140.805883667275,2711.50966380377
"MN","Minnesota",11538590.7739464,7508404.1139193,12738438.0888039,15026275.217897,7517255.64835612,15450410.4744134,5099992.01455973,574595.597693653,265117.274694882,4505987.74861614,5226029.32980634,85451096.2827069,30461879.6432184,19822186.860747,33629476.5544424,39669366.5752482,19845554.9116602,40789083.6524513,13463978.9184377,1516932.37791124,699909.605194489,11895807.6563466,13796717.4306887,225590894.186346,160.2582051937,104.283390471101,176.922751233388,208.698266915237,104.406328449391,214.589034366852,70.8332224244408,7.98049441241184,3.68218437076225,62.5831631752241,72.5837406917547,1186.82078170426
"MO","Missouri",15224181.4790231,6763818.55900557,9063223.0457983,10093755.7921095,2295949.30259842,7717958.97588429,3718493.80878639,341093.801038245,17388.8698965902,3898168.82033767,5262722.74156447,64396755.1960425,40191839.104621,17856480.9957747,23926908.8409075,26647515.291169,6061306.15885982,20375411.6963345,9816823.65519607,900487.634740967,45906.6165269982,10291165.6856915,13893588.0377302,170007433.717552,211.446964986432,93.9419244306329,125.87809785831,140.191052668187,31.8881847583113,107.19387466506,51.6457473442554,4.73741390330896,0.241512081897086,54.141233615801,73.0933714106176,894.399377722813
"MS","Mississippi",2783942.26412457,1730483.47719193,4712269.30954658,1989916.90845536,982116.602608231,4603313.73485056,12492786.3471349,110739.149474556,25038.3896660822,824743.189625463,2136462.1137465,32391811.4864247,7349607.57728885,4568476.37978669,12440390.977203,5253380.63832214,2592787.83088573,12152748.2600055,32980955.9564361,292351.354612828,66101.3487184569,2177322.02061122,5640259.98029076,85514382.3241612,38.6658647795079,24.0344927387768,65.4481848548136,27.6377348396577,13.6405083695588,63.9349129840355,173.510921487985,1.53804374270217,0.347755412028919,11.4547665225759,29.6730849131458,449.886270644788
"MT","Montana",4590752.17531752,649594.094249997,6299215.71760669,4079440.24821442,2434266.0659784,5635675.15914251,10610804.8592321,268714.601232758,83347.7584367347,289880.058922592,2300530.26040332,37242220.998737,12119585.7428383,1714928.40881999,16629929.4944817,10769722.2552861,6426462.41418299,14878182.4201362,28012524.8283727,709406.547254481,220038.08227298,765283.355555644,6073399.88746477,98319463.4366658,63.76044687941,9.02214019791663,87.4891071889818,56.6588923363114,33.8092509163667,78.2732660992015,147.372289711557,3.73214723934386,1.15760775606576,4.02611192948045,31.9518091722684,517.253069426903
"NC","North Carolina",20794098.8519028,24378468.0892547,33635733.2720783,26680780.4706967,9304381.64129903,31785528.7418907,854387.963825722,2180559.85675289,50284.9392127527,9167958.44587385,13312537.2447157,172144719.517503,54896420.9690233,64359155.7556323,88798335.8382866,70437260.4426392,24563567.5330294,83913795.8785914,2255584.22449991,5756678.02182764,132752.239521667,24203410.297107,35145098.3260494,454462059.526208,288.80692849865,338.589834572982,467.162962112198,370.566395426342,129.22752279582,441.465676970704,11.8664994975795,30.2855535660124,0.698401933510455,127.332756192692,184.896350621051,2390.89888218754
"ND","North Dakota",1644529.32675778,273262.952606337,4335311.92113943,1059761.77217222,262325.071039603,845158.552570554,13684979.107766,128618.401331244,141.828348295399,275964.886077701,3247809.70078727,25757863.5205964,4341557.42264054,721414.194880729,11445223.4718081,2797771.07853466,692538.187544551,2231218.57878626,36128344.8445021,339552.579514483,374.426839499853,728547.299245131,8574217.61007838,68000759.6943744,22.8406850938581,3.79531878619912,60.212665571381,14.718913502392,3.64340376443893,11.7383132301466,190.069154274527,1.78636668515616,0.00196983817076943,3.83284563996807,45.1084680664898,357.748104452727
"NE","Nebraska",4394440.80121813,2695736.89883868,5091039.1522528,5038389.65509825,825247.831599985,8075588.55569193,17277090.0057347,596714.509055406,12092.8433412729,999072.93004484,523330.874452884,45528744.0573289,11601323.7152159,7116745.41293412,13440343.3619474,13301348.6894594,2178654.27542396,21319553.7870267,45611517.6151396,1575326.30390627,31925.1064209604,2637552.53531838,1381593.50855561,120195884.311348,61.0339000169185,37.4407902616483,70.7088771146222,69.9776340985868,11.4617754388887,112.160952162388,239.959583412982,8.28770151465841,0.167956157517679,13.8760129172894,7.26848436740117,632.343667462901
"NH","New Hampshire",2395180.62483457,3004569.08081194,3855872.831929,2580485.15939654,4498369.59396154,3618594.62100266,10978969.6169071,314903.279414546,257080.229276701,1735654.10175407,1663186.90140902,34902866.0406977,6323276.84956327,7932062.37334351,10179504.2762926,6812480.82080687,11875695.7280585,9553089.79944702,28984479.7886348,831344.657654402,678691.805290491,4582126.82863075,4390813.41971983,92143566.3474419,33.2663975671468,41.730126122388,53.5537893323472,35.8400716582853,62.477355471688,50.2582586250369,152.48568912371,4.37365665853536,3.57055873995418,24.1063069688065,23.0998180751253,484.762028343024
"NJ","New Jersey",15184957.1750608,24625309.5114562,18864923.2924156,20519346.1845047,14114071.8914566,38263390.2815141,1783607.7650782,945512.633741129,232534.129003177,7201402.35513655,10031334.1125442,151766389.331911,40088286.9421606,65010817.1102445,49803397.4919773,54171073.9270925,37261149.7934455,101015350.343197,4708724.49980645,2496153.35307658,613890.100568387,19011702.2175605,26482722.0571166,400663267.836246,210.902182986956,342.018187659114,262.012823505773,284.990919229232,196.028776270231,531.43597613214,24.7723300705306,13.1321199130712,3.22964068059968,100.019477154674,139.324084896447,2107.86651849877
"NM","New Mexico",7052321.11844794,3665379.63791104,10201380.590073,6296117.52847182,4107347.70739169,5624960.01202914,10264012.4653484,371451.594340776,23172.073783492,1832540.17862381,1746965.92280066,51185648.8292218,18618127.7527026,9676602.24408514,26931644.7577928,16621750.2751656,10843397.9475141,14849894.4317569,27096992.9085198,980632.209059648,61174.2747884189,4837906.07156686,4611990.03619373,135130112.909146,97.9489044228881,50.9080505265422,141.685841528792,87.4460767843309,57.0464959359957,78.1244446115158,142.555728685395,5.15904992139966,0.321834358104056,25.4519469253307,24.2634155944536,710.911789294747
"NV","Nevada",4344296.14461394,2645558.33988497,3906583.78751221,4916718.88517268,3089099.83593408,3462018.00197992,7241133.35643366,202817.64682754,61686.5316493727,875654.575244776,731072.015009327,31476639.1202625,11468941.8217808,6984274.01729632,10313381.1990322,12980137.8568559,8155223.56686596,9139727.52522698,19116592.0609849,535438.587624704,162852.443554344,2311728.07864621,1930030.11962462,83098327.2774929,60.3374464529714,36.7438658317357,54.2581081598918,68.287762294065,42.9041643879733,48.0835833608322,100.571296617134,2.8169117614936,0.856757384019065,12.1618691006219,10.1537779862407,437.175543336979
"NY","New York",48197555.5862797,55281139.083611,51578765.6318543,46371967.5928254,42302520.2818581,113724824.619361,1693117.09804731,3995269.11354197,445047.097510072,21485027.5971483,27689901.8890908,412765135.591128,127241546.747779,145942207.180733,136167941.268095,122421994.445059,111678653.544105,300233536.995112,4469829.1388449,10547510.4597508,1174924.33742659,56720472.8564715,73101340.9871996,1089699957.96058,669.410494253885,767.793598383486,716.371744886865,644.055105455908,587.535003914696,1579.51145304668,23.5155152506571,55.489848799194,6.18120968763989,298.403161071504,384.581970681816,5732.84910543233
"OH","Ohio",73064852.9222745,22237612.2980545,14411474.6770977,20980254.6523753,3969808.28861908,22002756.5251414,714598.177060014,2122893.9183208,86117.4328306089,4521711.28603058,6633439.20791236,170745519.385717,192891211.714805,58707296.466864,38046293.147538,55387872.2822709,10480293.8819544,58087277.2263734,1886539.18743844,5604439.9443669,227350.022672807,11937317.7951207,17512279.5088886,450768171.178293,1014.78962392048,308.855726361869,200.159370515246,291.392425727435,55.1362262308205,305.593840626964,9.92497468138908,29.4846377544555,1.19607545598068,62.8015456393137,92.1311001098939,2371.46554702385
"OK","Oklahoma",3815502.47763655,3020781.6493589,2916428.75539914,6046080.2793565,6946042.45167472,2891119.20181595,14072177.0117168,167415.520677723,38460.7442331747,870676.377778839,2458107.45444696,43242791.9240953,10072926.5409605,7974863.5543075,7699371.91425373,15961651.9375012,18337552.0724213,7632554.6927941,37150547.3109325,441976.974589188,101536.364775581,2298585.63733614,6489403.67973997,114160970.679612,52.9930899671742,41.9553006855403,40.5059549360991,83.9733372132847,96.4728118288156,40.1544333585548,195.446902940512,2.32521556496837,0.534177003238537,12.0927274691505,34.1403813117633,600.594332279101
"OR","Oregon",11702485.0478564,7804374.80524923,12100555.9621209,7076690.27261786,27097521.6891922,10248210.0913347,337899.561135775,251781.371945032,628973.063483078,2981989.92977245,4039881.28248501,84270363.0771926,30894560.5263409,20603549.485858,31945467.7399993,18682462.3197111,71537457.2594674,27055274.6411235,892054.841398445,664702.821934883,1660488.88759533,7872453.41459928,10665286.5857604,222473758.523789,162.534514553561,108.39409451735,168.06327725168,98.2873648974702,376.354467905447,142.336251268537,4.69304946021909,3.49696349923655,8.73573699282053,41.4165268023952,56.1094622567362,1170.42170940545
"PA","Pennsylvania",25516353.3984946,50697117.8368261,34846035.988456,55196946.2100532,11947607.2179565,54102244.1101952,2262498.98938906,3184319.6412434,112642.704457193,13388001.5073673,12851789.7900482,264105557.394487,67363172.9720257,133840391.089221,91993535.0095238,145719937.99454,31541683.0554051,142829924.450915,5972997.33198712,8406603.85288256,297376.73976699,35344323.9794496,33928725.0457273,697238671.521444,354.393797201314,704.126636622584,483.972722061889,766.624252917405,165.938989138284,751.420057086044,31.4235970748481,44.226661683936,1.5644820063499,185.944465380101,178.497080417336,3668.13274159009
"PR","Puerto Rico",2424478.90970283,686913.46268124,4432850.09713467,565915.026969175,420212.743986337,3747069.46531528,8781235.82620126,309463.668641399,0,263986.139734247,767292.63309206,22399417.9734585,6400624.32161546,1813451.54147847,11702724.2564355,1494015.67119862,1109361.64412393,9892263.38843234,23182462.5811713,816984.085213293,0,696923.408898411,2025652.55136304,59134463.4499304,33.673318190317,9.54046475946167,61.5673624602037,7.85993093012743,5.83628811092135,52.0426314627123,121.96160869724,4.29810650890831,0,3.66647416297565,10.6568421262786,311.103027409146
"RI","Rhode Island",4207489.82067626,3547170.32462987,4075900.69529097,3477944.6028823,8789131.40030871,8967256.79293896,7150222.15121344,205157.209378808,93588.6848913451,1987396.41565516,788068.39680584,43289326.4946717,11107773.1265853,9364529.65702287,10760377.8355682,9181773.75160928,23203306.896815,23673557.9333588,18876586.4792035,541615.032760053,247074.128113151,5246726.53732962,2080500.56756742,114283821.945933,58.4373586205037,49.2662545087482,56.6097318790413,48.3047861511431,122.071269448732,124.545233235263,99.3086409890755,2.84940568581678,1.29984284571313,27.6027279952105,10.9453944000811,601.240645759329
"SC","South Carolina",5663671.34827726,6142002.30758762,8716598.92025154,8153091.34194621,2602409.04903378,7827085.92202279,13127121.6545211,531039.172411146,465002.315608765,1609565.98365534,2840062.04191051,57677650.0572261,14952092.359452,16214886.0920313,23011821.149464,21524161.142738,6870359.88944918,20663506.8341402,34655601.1679358,1401943.41516543,1227606.11320714,4249254.19685009,7497763.79064373,152268996.151077,78.6621020594064,85.3055876053836,121.063873892382,113.237379749253,36.1445701254692,108.709526694761,182.321134090571,7.37554406126592,6.45836549456618,22.3550831063241,39.4453061376459,801.078473017029
"SD","South Dakota",1331592.03607212,775133.764202631,2463456.32069271,1851339.33618575,467356.923694418,1604203.08414022,18700649.5246288,416510.425226374,12299.3802358054,33070.1041212073,121565.006154947,27777175.905355,3515402.97523039,2046353.13749495,6503524.68662876,4887535.84753038,1233822.27855326,4235096.14213018,49369714.74502,1099587.52259763,32470.3638225263,87305.0748799873,320931.616249061,73331744.3901371,18.494333834335,10.7657467250365,34.2146711207321,25.7130463359132,6.49106838464469,22.2805983908364,259.731243397622,5.78486701703298,0.170824725497298,0.459307001683435,1.68840286326316,385.794109796597
"TN","Tennessee",10185773.9000604,10279440.2684377,15521423.4180648,9978251.41277471,2031822.64721061,9982812.0189001,930008.948992796,1076954.05654054,420520.478202183,3759379.74736628,6072578.48241696,70238965.378967,26890443.0961594,27137722.3086755,40976557.8236911,26342583.7297252,5364011.78863602,26354623.7298963,2455223.62534098,2843158.70926701,1110174.06245376,9924762.53304698,16031607.1935808,185430868.600473,141.469081945283,142.770003728301,215.5753252509,138.586825177427,28.2197589890363,138.650166929168,12.9167909582333,14.9576952297297,5.84056219725254,52.2136076023094,84.3413678113467,975.541185818986
"TX","Texas",29963449.9573563,75053447.1866036,52547813.820629,67750244.8902576,21352100.6590564,53232613.779449,2582987.72121755,3709794.14127278,283434.000020413,12633942.6994145,14716229.955508,333826058.810785,79103507.8874206,198141100.572633,138726228.48646,178860646.51028,56369545.7399088,140534100.377745,6819087.58401432,9793856.53296014,748265.76005389,33353608.7264542,38850847.0825412,881300795.260473,416.159027185504,1042.40898870283,729.830747508735,940.975623475801,296.556953598005,739.341858047903,35.8748294613548,51.5249186287886,3.93658333361685,175.471426380757,204.392082715389,4636.47303903868
"UT","Utah",5304043.65575134,11156461.5066359,7459943.94154803,13442435.886785,4754362.80778476,13649207.2653204,404973.03058278,1212942.3674037,61327.8717913143,1551724.91872671,3342385.45161813,62339808.7039481,14002675.2511836,29453058.3775187,19694252.0056868,35488030.7411125,12551517.8125518,36033907.1804459,1069128.80073854,3202167.84994576,161905.58152907,4096553.78543852,8823897.59227188,164577094.978423,73.6672729965465,154.950854258832,103.6103325215,186.70049842757,66.0328167747884,189.57232312945,5.62462542476084,16.8464217694958,0.851775997101588,21.5517349823154,46.422020161363,865.830676443723
"VA","Virginia",15954874.3006309,32256250.2226906,29311868.409074,30360400.3061265,20986192.9628901,104994152.963698,3834136.91737576,2160795.22386724,1024939.96643519,10814408.1898207,11282654.2412608,262980673.70387,42120868.1536656,85156500.5879031,77383332.5999553,80151456.808174,55403549.4220299,277184563.824164,10122121.461872,5704499.39100951,2705841.51138891,28550037.6211267,29786207.1969286,694268978.578218,221.595476397651,448.003475315147,407.109283459361,421.67222647398,291.474902262362,1458.25212449581,53.2519016302188,30.0110447759339,14.2352773115999,150.20011374751,156.703531128623,3652.5093569982
"VT","Vermont",1951555.00760548,1078649.48617324,1566137.13149173,1719366.09099999,1835157.79179753,1895287.34920533,10531544.0655277,605342.092759217,115707.768266331,1229832.42995915,674826.595994815,23203405.8097805,5152105.22007847,2847634.64349735,4134602.02713817,4539126.48023997,4844816.57034547,5003558.60190208,27803276.3329932,1598103.12488433,305468.508223113,3246757.61509216,1781542.21342631,61256991.3378206,27.1049306611872,14.9812428635172,21.7519046040518,23.8800845972221,25.4883026638545,26.3234354056296,146.271445354552,8.40752906610024,1.60705233703237,17.0810059716549,9.3725916110391,322.269525135841
"WA","Washington",13451141.7261055,16924764.1846924,19799884.3504174,17221503.8184401,26188793.5382023,22253248.8322328,1943497.72042247,417060.877988319,402413.999522478,3020295.85865189,10077288.7533349,131699893.660011,35511014.1569184,44681377.447588,52271694.6851019,45464770.0806818,69138414.9408542,58748576.9170945,5130833.98191531,1101040.71788916,1062372.95873934,7973581.066841,26604042.3088042,347687719.262428,186.821412862576,235.066169231839,274.998393755797,239.18755303389,363.733243586144,309.072900447677,26.9930238947565,5.79251219428221,5.58908332670108,41.9485535923874,139.962343796319,1829.16518972237
"WI","Wisconsin",14160053.1611603,13786097.9212349,16051563.9612243,11988098.7943096,5903347.96571677,27879540.1529372,627354.636725048,280407.419938177,690345.685490405,3240278.98227768,4387602.46300317,98994691.1440175,37382540.3454633,36395298.5120602,42376128.8576321,31648580.8169773,15584838.6294923,73601986.0037542,1656216.24095413,740275.588636788,1822512.60969467,8554336.51321307,11583270.5023284,261345984.620206,196.667405016116,191.473582239374,222.938388350337,166.501372143189,81.9909439682885,387.215835457461,8.71325884340344,3.89454749914135,9.58813452070007,45.0038747538567,60.9389230972662,1374.92626588913
"WV","West Virginia",1551993.81533702,1550393.32645377,2943010.93358926,1658194.84236956,1076062.71321211,3481826.02960642,5444304.5470686,479031.374108679,15214.8348193976,735714.187311239,546405.275746411,19482151.8796225,4097263.67248973,4093038.38183796,7769548.86467563,4377634.38385564,2840805.56287996,9192020.71816095,14372964.0042611,1264642.82764691,40167.1639232098,1942285.45450167,1442509.92797052,51432880.9622033,21.5554696574586,21.5332406451913,40.8751518554063,23.0304839217995,14.9453154612793,48.3586948556447,75.6153409315084,6.65321352928721,0.211317150269412,10.218252601545,7.5889621631446,270.585442772534
"WY","Wyoming",1690226.77416891,764699.890245517,576295.158442718,878913.360344122,4014618.95864463,2176790.75598571,14507267.1209027,16299.8009023086,33080.2133421804,198247.087755825,1455126.58211832,26311565.7028529,4462198.68380593,2018807.71024816,1521419.21828878,2320331.27130848,10598594.0508218,5746727.59580228,38299185.199183,43031.4743820946,87331.7632233562,523372.311675377,3841534.17679237,69462533.4555317,23.4753718634571,10.6208318089655,8.00409942281553,12.2071300047795,55.758596647842,30.233204944246,201.489821123648,0.226386123643174,0.459447407530283,2.75343177438645,20.21009141831,365.438412539624
NA,"Northern Mariana",0,0,0,0,0,0,0,0,0,0,99670.5847900164,99670.5847900164,0,0,0,0,0,0,0,0,0,0,263130.343845643,263130.343845643,0,0,0,0,0,0,0,0,0,0,1.38431367763912,1.38431367763912
