org_name,org_city,org_state,lat,lon
Ponce School of Medicine,Ponce,PR,18.01462,-66.61475
University of Puerto Rico Medical Sciences,San Juan,PR,18.41048,-66.06561
Grupo Nexos Inc.,San Juan,PR,18.42056,-66.05387
University of Puerto Rico Comprehensive Cancer Center,San Juan,PR,18.38881,-66.0733
University of Puerto Rico Rio Piedras,San Juan,PR,18.40983,-66.06296
University of Puerto Rico,Cayey,PR,18.11828,-66.16103
University of Puerto Rico Ponce,Ponce,PR,18.03611,-66.61143
University of Puerto Rico at Humacao,Humacao,PR,18.1545,-65.82076
University of the Virgin Islands,St. Thomas,VI,18.3419,-64.9307
