org_name.x,org_city.x,org_state.x,lat.x,lon.x,org_name.y,org_city.y,org_state.y,lat.y,lon.y,org_name.dist,org_city.dist,org_state.dist,org_name
American Psychological Association,Washington,DC,38.89984,-77.00754,American Geophysical Union,Washington,DC,38.9146463,-77.0451893,0.278855132,5.55E-17,5.55E-17,NA
American Psychological Association,Washington,DC,38.89984,-77.00754,American Society for Microbiology,Washington,DC,38.907049,-77.0404242,0.288563383,5.55E-17,5.55E-17,NA
American Society for Bone & Mineral Research,Washington,DC,38.90596,-77.04579,American Association for the Advancement of Science,Washington,DC,38.9002785,-77.0285562,0.280005942,5.55E-17,5.55E-17,NA
American Society for Bone & Mineral Research,Washington,DC,38.90596,-77.04579,American Society for Engineering Education,Washington,DC,38.9070235,-77.0429354,0.234173533,5.55E-17,5.55E-17,NA
American Society for Bone & Mineral Research,Washington,DC,38.90596,-77.04579,American Society for Microbiology,Washington,DC,38.907049,-77.0404242,0.220258137,5.55E-17,5.55E-17,NA
"American Society of Nephrology, Inc.",Washington,DC,38.89999,-77.03432,American Society for Engineering Education,Washington,DC,38.9070235,-77.0429354,0.257936508,5.55E-17,5.55E-17,NA
"American Society of Nephrology, Inc.",Washington,DC,38.89999,-77.03432,American Society for Microbiology,Washington,DC,38.907049,-77.0404242,0.199494949,5.55E-17,5.55E-17,NA
American University,Washington,DC,38.93695,-77.08947,American Chemical Society (ACS),Washington,DC,38.9052361,-77.0360453,0.294324521,5.55E-17,5.55E-17,NA
American University,Washington,DC,38.93695,-77.08947,American Geophysical Union,Washington,DC,38.9146463,-77.0451893,0.253753374,5.55E-17,5.55E-17,NA
American University,Washington,DC,38.93695,-77.08947,American Society for Microbiology,Washington,DC,38.907049,-77.0404242,0.296438065,5.55E-17,5.55E-17,NA
American University,Washington,DC,38.93695,-77.08947,Georgetown University,Washington,DC,38.9086668,-77.0744343,0.246449457,5.55E-17,5.55E-17,NA
Auburn University at Auburn,Auburn,AL,32.60214,-85.5085,Auburn University,Auburn,AL,32.6053962,-85.4814237,0.12345679,5.55E-17,5.55E-17,Auburn University
Bentley University,Waltham,MA,42.38883,-71.22023,Brandeis University,Waltham,MA,42.3680873,-71.2567952,0.292745753,5.55E-17,5.55E-17,NA
Boston University,Boston,MA,42.33639,-71.07097,Northeastern University,Boston,MA,42.3403691,-71.089389,0.277379937,5.55E-17,5.55E-17,NA
Boston University,Boston,MA,42.33639,-71.07097,Trustees of Boston University,Boston,MA,42.349689,-71.100088,0.29479378,5.55E-17,5.55E-17,Boston University
Boston University,Boston,MA,42.34959,-71.09973,Northeastern University,Boston,MA,42.3403691,-71.089389,0.277379937,5.55E-17,5.55E-17,NA
Boston University,Boston,MA,42.34959,-71.09973,Trustees of Boston University,Boston,MA,42.349689,-71.100088,0.29479378,5.55E-17,5.55E-17,Boston University
"California Polytechnic State University, San Luis Obispo",San Luis Obispo,CA,35.29932,-120.65662,California Polytechnic State University Foundation,San Luis Obispo,CA,35.3048842,-120.6572573,0.117328042,5.55E-17,5.55E-17,California Polytechnic State University
California State University - Dominguez Hills,Carson,CA,33.86714,-118.25534,California State University-Dominguez Hills Foundation,Carson,CA,33.8633881,-118.2544095,0.129741863,5.55E-17,5.55E-17,California State University - Dominguez Hills
California State University Long Beach,Long Beach,CA,33.7811,-118.1099,California State University-Long Beach Foundation,Long Beach,CA,33.7811708,-118.1102798,0.123075546,5.55E-17,5.55E-17,California State University Long Beach
California State University Los Angeles,Los Angeles,CA,34.06254,-118.16904,University of California-Los Angeles,Los Angeles,CA,34.0591198,-118.4434761,0.22047397,5.55E-17,5.55E-17,NA
California State University Northridge,Northridge,CA,34.24588,-118.50188,"The University Corporation, Northridge",Northridge,CA,34.2401018,-118.5293265,0.251839276,5.55E-17,5.55E-17,California State University Northridge
California State University Sacramento,Sacramento,CA,38.55385,-121.42126,Claremont Graduate University,Claremont,CA,34.1029965,-117.7143748,0.273345433,0.293121693,5.55E-17,NA
California State University San Bernardino,San Bernardino,CA,34.17678,-117.33018,San Diego State University Foundation,San Diego,CA,32.7722404,-117.0723063,0.243506179,0.288359788,5.55E-17,NA
California State University San Bernardino,San Bernardino,CA,34.17678,-117.33018,University of California-San Francisco,San Francisco,CA,37.7673395,-122.4150481,0.293866386,0.258648759,5.55E-17,NA
California State University San Marcos,San Marcos,CA,33.13799,-117.15109,California State University San Marcos Corporation,San Marcos,CA,33.1313513,-117.1581182,0.08,5.55E-17,5.55E-17,California State University San Marcos
California State University San Marcos,San Marcos,CA,33.13799,-117.15109,San Francisco State University,San Francisco,CA,37.722765,-122.4767349,0.296491228,0.20997151,5.55E-17,NA
California State University San Marcos,San Marcos,CA,33.13799,-117.15109,University of California-San Francisco,San Francisco,CA,37.7673395,-122.4150481,0.273344652,0.20997151,5.55E-17,NA
Carnegie-Mellon University,Pittsburgh,PA,40.44296,-79.94108,Carnegie Mellon University,Pittsburgh,PA,40.4432027,-79.9428499,0.065641026,5.55E-17,5.55E-17,Carnegie Mellon University
Carnegie-Mellon University,Pittsburgh,PA,40.44296,-79.94108,Carnegie Mellon University,Pittsburgh,PA,40.4434014,-79.9465049,0.065641026,5.55E-17,5.55E-17,Carnegie Mellon University
Children's Hospital of Los Angeles,Los Angeles,CA,34.09806,-118.29069,University of California-Los Angeles,Los Angeles,CA,34.0591198,-118.4434761,0.292818837,5.55E-17,5.55E-17,NA
Clark Atlanta University,Atlanta,GA,33.74773,-84.41301,Albany State University,Albany,GA,31.5734365,-84.1425655,0.241450547,0.253968254,5.55E-17,NA
Dillard University,New Orleans,LA,29.99621,-90.06596,Tulane University,New Orleans,LA,29.9354069,-90.1227528,0.286408581,5.55E-17,5.55E-17,NA
Drexel University,Philadelphia,PA,39.95407,-75.18654,La Salle University,Philadelphia,PA,40.0377211,-75.1521973,0.209335556,5.55E-17,5.55E-17,NA
Drexel University,Philadelphia,PA,39.95407,-75.18654,Temple University,Philadelphia,PA,39.9802697,-75.1572667,0.141456583,5.55E-17,5.55E-17,NA
Florida A&M University,Tallahassee,FL,30.42891,-84.28977,Florida State University,Tallahassee,FL,30.4418129,-84.2972417,0.202618288,5.55E-17,5.55E-17,NA
Florida State University,Tallahassee,FL,30.44146,-84.29789,Florida Agricultural and Mechanical University,Tallahassee,FL,30.4257798,-84.2828722,0.285024155,5.55E-17,5.55E-17,NA
Fordham University,Bronx,NY,40.86209,-73.88639,Manhattan University,Bronx,NY,40.8900888,-73.9008009,0.273361823,5.55E-17,5.55E-17,NA
George Washington University,Washington,DC,38.89808,-77.04393,Georgetown University,Washington,DC,38.9086668,-77.0744343,0.211111111,5.55E-17,5.55E-17,NA
Georgetown University,Washington,DC,38.90521,-77.07547,American University,Washington,DC,38.9358928,-77.0908124,0.246449457,5.55E-17,5.55E-17,NA
Georgetown University,Washington,DC,38.90521,-77.07547,George Washington University,Washington,DC,38.8971202,-77.0443189,0.211111111,5.55E-17,5.55E-17,NA
Georgia State University,Atlanta,GA,33.75353,-84.38448,"Georgia State University Research Foundation, Inc..",Atlanta,GA,33.7547395,-84.387099,0.176470588,5.55E-17,5.55E-17,Georgia State University
Gerontological Society of America,Washington,DC,38.90339,-77.02915,Ecological Society of America,Washington,DC,38.905382,-77.0445894,0.213224196,5.55E-17,5.55E-17,NA
Hennepin Healthcare Research Institute,Minneapolis,MN,44.9721,-93.2624,Healthpartners Institute,Minneapolis,MN,44.8556156,-93.2278842,0.290395372,5.55E-17,5.55E-17,NA
Louisiana State University A&M College Baton Rouge,Baton Rouge,LA,30.40802,-91.18867,Louisiana State University,Baton Rouge,LA,30.413992,-91.1784448,0.16,5.55E-17,5.55E-17,Louisiana State University
Loyola University of Chicago,Chicago,IL,41.89738,-87.62424,University of Chicago,Chicago,IL,41.7895737,-87.6009163,0.242063492,5.55E-17,5.55E-17,NA
Loyola University of Chicago,Chicago,IL,41.89738,-87.62424,University of Illinois at Chicago,Chicago,IL,41.8711529,-87.6671751,0.284361472,5.55E-17,5.55E-17,NA
Lurie Children's Hospital of Chicago,Chicago,IL,41.89666,-87.62292,University of Illinois at Chicago,Chicago,IL,41.8711529,-87.6671751,0.291504792,5.55E-17,5.55E-17,NA
Montana State University - Bozeman,Bozeman,MT,45.66196,-111.05994,Montana State University,Bozeman,MT,45.6674929,-111.0492914,0.098039216,5.55E-17,5.55E-17,Montana State University - Bozeman
Morehouse School of Medicine,Atlanta,GA,33.74661,-84.41478,Morehouse College,Atlanta,GA,33.7462136,-84.4140618,0.225490196,5.55E-17,5.55E-17,Morehouse College
New Mexico State University Las Cruces,Las Cruces,NM,32.27904,-106.7557,New Mexico Highlands University,Las Vegas,NM,35.5899682,-105.233208,0.267520279,0.244444444,5.55E-17,NA
New Mexico State University Las Cruces,Las Cruces,NM,32.27904,-106.7557,New Mexico State University,Las Cruces,NM,32.2788512,-106.7539514,0.096491228,5.55E-17,5.55E-17,New Mexico State University Las Cruces
New School University,New York,NY,40.73538,-73.99724,New York University,New York,NY,40.7296301,-73.9970777,0.131996658,5.55E-17,5.55E-17,NA
New York Blood Center,New York,NY,40.76519,-73.95992,New York University,New York,NY,40.7296301,-73.9970777,0.283529336,5.55E-17,5.55E-17,NA
North Carolina A&T State University,Greensboro,NC,36.07418,-79.77596,North Carolina Agricultural & Technical State University,Greensboro,NC,36.0719612,-79.7759192,0.210714286,5.55E-17,5.55E-17,North Carolina A&T State University
North Carolina Department of Health and Human Services,Raleigh,NC,35.67064,-78.66373,North Carolina State University,Raleigh,NC,35.7865273,-78.6815923,0.265232975,5.55E-17,5.55E-17,NA
North Carolina State University Raleigh,Raleigh,NC,35.78468,-78.67723,North Carolina State University,Raleigh,NC,35.7865273,-78.6815923,0.068376068,5.55E-17,5.55E-17,North Carolina State University Raleigh
Northeastern University,Boston,MA,42.34005,-71.08889,Trustees of Boston University,Boston,MA,42.349689,-71.100088,0.295720561,5.55E-17,5.55E-17,NA
Oklahoma State University Stillwater,Stillwater,OK,36.11563,-97.05804,Oklahoma State University,Stillwater,OK,36.1219649,-97.0706828,0.101851852,5.55E-17,5.55E-17,Oklahoma State University Stillwater
Old Dominion University,Norfolk,VA,36.88899,-76.30348,Old Dominion University Research Foundation,Norfolk,VA,36.8822296,-76.3003659,0.15503876,5.55E-17,5.55E-17,Old Dominion University
Pennsylvania State University,University Park,PA,40.87072,-77.83415,"Pennsylvania State University, University Park",University Park,PA,40.7964667,-77.8628304,0.123188406,5.55E-17,5.55E-17,Pennsylvania State University - University Park
Queens College,Flushing,NY,40.73586,-73.81575,CUNY Queens College,Flushing,NY,40.7357513,-73.8204022,0.182957393,5.55E-17,5.55E-17,CUNY Queens College
Rochester Institute of Technology,Rochester,NY,43.09217,-77.67477,Rochester Institute of Tech,Rochester,NY,43.0860063,-77.6745364,0.060606061,5.55E-17,5.55E-17,Rochester Institute of Technology
Rockefeller University,New York,NY,40.76375,-73.95539,New York University,New York,NY,40.7296301,-73.9970777,0.287347156,5.55E-17,5.55E-17,NA
"Rutgers, Newark",Newark,NJ,40.74054,-74.17268,Rutgers University Newark,Newark,NJ,40.7406438,-74.173126,0.228412698,5.55E-17,5.55E-17,Rutgers University Newark
"Rutgers, Newark",Newark,NJ,40.74054,-74.17268,Rutgers University Newark,Newark,NJ,40.7433041,-74.1916555,0.228412698,5.55E-17,5.55E-17,Rutgers University Newark
San Diego State University,San Diego,CA,32.76218,-117.06916,San Diego State University Foundation,San Diego,CA,32.7722404,-117.0723063,0.099099099,5.55E-17,5.55E-17,San Diego State University
San Diego State University,San Diego,CA,32.76218,-117.06916,San Francisco State University,San Francisco,CA,37.722765,-122.4767349,0.210442215,0.290598291,5.55E-17,NA
San Diego State University,San Diego,CA,32.76218,-117.06916,San Jose State University Foundation,San Jose,CA,37.3360786,-121.8804535,0.185363248,0.25,5.55E-17,NA
San Francisco Department of Public Health,San Francisco,CA,37.77813,-122.41865,San Francisco State University,San Francisco,CA,37.722765,-122.4767349,0.25348916,5.55E-17,5.55E-17,NA
San Jose State University,San Jose,CA,37.34094,-121.88941,San Diego State University Foundation,San Diego,CA,32.7722404,-117.0723063,0.1817783,0.25,5.55E-17,NA
San Jose State University,San Jose,CA,37.34094,-121.88941,San Jose State University Foundation,San Jose,CA,37.3360786,-121.8804535,0.101851852,5.55E-17,5.55E-17,San Jose State University
Seattle Children's Hospital,Seattle,WA,47.66243,-122.28229,Seattle University,Seattle,WA,47.6107522,-122.318706,0.237037037,5.55E-17,5.55E-17,NA
St. Jude Children's Research Hospital,Memphis,TN,35.15435,-90.04362,St Jude Children's Research Hospital,Memphis,TN,35.1545514,-90.0428758,0.009009009,5.55E-17,5.55E-17,St. Jude Children's Research Hospital
St. Jude Children's Research Hospital,Memphis,TN,35.15561,-90.04528,St Jude Children's Research Hospital,Memphis,TN,35.1545514,-90.0428758,0.009009009,5.55E-17,5.55E-17,St. Jude Children's Research Hospital
St. Mary's University,San Antonio,TX,29.45193,-98.5606,St Mary's University San Antonio,San Antonio,TX,29.4524263,-98.5646855,0.140873016,5.55E-17,5.55E-17,St. Mary's University San Antonio
Temple University of the Commonwealth,Philadelphia,PA,39.98027,-75.15705,Temple University,Philadelphia,PA,39.9802697,-75.1572667,0.18018018,5.55E-17,5.55E-17,Temple University
Texas A&M University,College Station,TX,30.55165,-96.24288,Texas A&M Engineering Experiment Station,College Station,TX,30.6096445,-96.3395921,0.266666667,5.55E-17,5.55E-17,Texas A&M University
Texas A&M University,College Station,TX,30.60588,-96.36877,Texas A&M Engineering Experiment Station,College Station,TX,30.6096445,-96.3395921,0.266666667,5.55E-17,5.55E-17,Texas A&M University
Texas Engineering Experiment Station,College Station,TX,30.56154,-96.25321,Texas A&M Engineering Experiment Station,College Station,TX,30.6096445,-96.3395921,0.135185185,5.55E-17,5.55E-17,Texas A&M University
Texas State University,San Marcos,TX,29.88877,-97.93744,Texas State University - San Marcos,San Marcos,TX,29.8881619,-97.9337501,0.123809524,5.55E-17,5.55E-17,Texas State University - San Marcos
Tulane University of Louisiana,New Orleans,LA,29.93543,-90.12279,Tulane University,New Orleans,LA,29.9354069,-90.1227528,0.144444444,5.55E-17,5.55E-17,Tulane University
Tulane University of Louisiana,New Orleans,LA,29.93543,-90.12279,Xavier University of Louisiana,New Orleans,LA,29.9653819,-90.1083798,0.22991453,5.55E-17,5.55E-17,NA
University of Alabama,Tuscaloosa,AL,33.21566,-87.53919,University of Alabama Tuscaloosa,Tuscaloosa,AL,33.2089381,-87.5474885,0.114583333,5.55E-17,5.55E-17,University of Alabama Tuscaloosa
University of Alaska Anchorage,Anchorage,AK,61.19065,-149.81813,University of Alaska Anchorage Campus,Anchorage,AK,61.1907601,-149.8180503,0.063063063,5.55E-17,5.55E-17,University of Alaska Anchorage
University of Alaska Fairbanks,Fairbanks,AK,64.85744,-147.8003,University of Alaska Fairbanks Campus,Fairbanks,AK,64.8613749,-147.8295475,0.063063063,5.55E-17,5.55E-17,University of Alaska Fairbanks
University of Arkansas at Fayetteville,Fayetteville,AR,36.06992,-94.17696,University of Arkansas,Fayetteville,AR,36.0699572,-94.1769533,0.140350877,5.55E-17,5.55E-17,University of Arkansas at Fayetteville
University of Arkansas for Medical Sciences,Little Rock,AR,34.749,-92.3201,University of Arkansas Little Rock,Little Rock,AR,34.7226383,-92.3398594,0.186282372,5.55E-17,5.55E-17,University of Arkansas Little Rock
University of California Berkeley,Berkeley,CA,37.87002,-122.26862,University of California-Berkeley,Berkeley,CA,37.8718862,-122.2603499,0.02020202,5.55E-17,5.55E-17,University of California Berkeley
University of California Los Angeles,Los Angeles,CA,34.0702,-118.45102,University of California-Los Angeles,Los Angeles,CA,34.0591198,-118.4434761,0.037566138,5.55E-17,5.55E-17,University of California Los Angeles
University of California Los Angeles,Los Angeles,CA,34.0702,-118.45102,University of Southern California,Los Angeles,CA,34.0173811,-118.2810469,0.201960077,5.55E-17,5.55E-17,NA
University of California Riverside,Riverside,CA,33.97259,-117.35036,University of California-Riverside,Riverside,CA,33.9756518,-117.3311106,0.019607843,5.55E-17,5.55E-17,University of California Riverside
University of California Santa Barbara,Santa Barbara,CA,34.43131,-119.83428,University of California-Santa Barbara,Santa Barbara,CA,34.4162819,-119.8464146,0.044570887,5.55E-17,5.55E-17,University of California Santa Barbara
University of California Santa Barbara,Santa Barbara,CA,34.43131,-119.83428,University of California-Santa Cruz,Santa Cruz,CA,36.9834948,-122.0564004,0.131756811,0.253846154,5.55E-17,NA
University of California Santa Cruz,Santa Cruz,CA,36.97756,-122.05584,University of California-Santa Barbara,Santa Barbara,CA,34.4162819,-119.8464146,0.131756811,0.253846154,5.55E-17,NA
University of California Santa Cruz,Santa Cruz,CA,36.97756,-122.05584,University of California-Santa Cruz,Santa Cruz,CA,36.9834948,-122.0564004,0.048459384,5.55E-17,5.55E-17,University of California Santa Cruz
University of California at Davis,Davis,CA,38.54337,-121.72946,University of California-Davis,Davis,CA,38.5432833,-121.7296437,0.063009404,5.55E-17,5.55E-17,University of California at Davis
"University of California, Merced",Merced,CA,37.35131,-120.4324,University of California - Merced,Merced,CA,37.3656441,-120.43184,0.030618687,5.55E-17,5.55E-17,University of California Merced
"University of California, San Diego",La Jolla,CA,32.87699,-117.24087,University of California-San Diego,La Jolla,CA,32.8830665,-117.2338296,0.049053561,5.55E-17,5.55E-17,University of California San Diego
"University of California, San Francisco",San Francisco,CA,37.76744,-122.41394,California State University San Marcos Corporation,San Marcos,CA,33.1313513,-117.1581182,0.277045177,0.20997151,5.55E-17,NA
"University of California, San Francisco",San Francisco,CA,37.76744,-122.41394,University Enterprises Corporation at CSUB,San Bernardino,CA,34.1832627,-117.3219374,0.288461538,0.258648759,5.55E-17,NA
"University of California, San Francisco",San Francisco,CA,37.76744,-122.41394,University of California-San Francisco,San Francisco,CA,37.7673395,-122.4150481,0.043883965,5.55E-17,5.55E-17,University of California San Francisco
"University of California, San Francisco",San Francisco,CA,37.76744,-122.41394,University of San Diego,San Diego,CA,32.7719176,-117.1874994,0.255871423,0.290598291,5.55E-17,NA
University of Central Florida,Orlando,FL,28.60103,-81.19727,The University of Central Florida Board of Trustees,Orlando,FL,28.6023344,-81.2037431,0.270227631,5.55E-17,5.55E-17,University of Central Florida
University of Chicago,Chicago,IL,41.78955,-87.60117,Loyola University of Chicago,Chicago,IL,41.8972869,-87.6242423,0.242063492,5.55E-17,5.55E-17,NA
University of Chicago,Chicago,IL,41.78955,-87.60117,University of Illinois at Chicago,Chicago,IL,41.8711529,-87.6671751,0.176767677,5.55E-17,5.55E-17,NA
University of Cincinnati,Cincinnati,OH,39.12972,-84.52055,University of Cincinnati Main Campus,Cincinnati,OH,39.1321118,-84.514354,0.111111111,5.55E-17,5.55E-17,University of Cincinnati
University of Colorado-Boulder,Boulder,CO,38.89128,-104.80006,University of Colorado at Boulder,Boulder,CO,40.0134211,-105.251946,0.051515152,5.55E-17,5.55E-17,University of Colorado - Boulder
University of Colorado-Boulder,Boulder,CO,40.0133,-105.25193,University of Colorado at Boulder,Boulder,CO,40.0134211,-105.251946,0.051515152,5.55E-17,5.55E-17,University of Colorado - Boulder
University of Colorado-Colorado Springs,Colorado Springs,CO,38.89128,-104.80006,University of Colorado at Colorado Springs,Colorado Springs,CO,38.8937421,-104.803216,0.07538076,5.55E-17,5.55E-17,University of Colorado - Colorado Springs
University of Colorado-Colorado Springs,Colorado Springs,CO,40.0133,-105.25193,University of Colorado at Colorado Springs,Colorado Springs,CO,38.8937421,-104.803216,0.07538076,5.55E-17,5.55E-17,University of Colorado - Colorado Springs
University of Connecticut Storrs,Storrs-Mansfield,CT,41.81142,-72.24755,University of Connecticut,Storrs,CT,41.8059143,-72.2519933,0.072916667,0.208333333,5.55E-17,University of Connecticut
University of Denver (Colorado Seminary),Denver,CO,39.67664,-104.95948,University of Colorado at Denver-Downtown Campus,Denver,CO,39.7460713,-104.9992154,0.253409091,5.55E-17,5.55E-17,NA
University of Denver (Colorado Seminary),Denver,CO,39.67664,-104.95948,University of Denver,Denver,CO,39.6765877,-104.9614396,0.166666667,5.55E-17,5.55E-17,University of Denver
University of Georgia,Athens,GA,33.93117,-83.37887,University of Georgia Research Foundation Inc.,Athens,GA,33.9426463,-83.3711249,0.18115942,5.55E-17,5.55E-17,University of Georgia
University of Hawaii at Manoa,Honolulu,HI,21.2992,-157.82037,University of Hawaii,Honolulu,HI,21.2984663,-157.8204149,0.103448276,5.55E-17,5.55E-17,University of Hawaii at Manoa
University of Houston,Houston,TX,29.71809,-95.33648,University of Houston - Clear Lake,Houston,TX,29.5822342,-95.0983932,0.12745098,5.55E-17,5.55E-17,University of Houston
University of Houston,Houston,TX,29.71809,-95.33648,University of Texas at Austin,Austin,TX,30.2861062,-97.7393634,0.201833607,0.253968254,5.55E-17,NA
University of Illinois at Chicago,Chicago,IL,41.87151,-87.66772,Loyola University of Chicago,Chicago,IL,41.8972869,-87.6242423,0.284361472,5.55E-17,5.55E-17,NA
University of Illinois at Chicago,Chicago,IL,41.87151,-87.66772,University of Chicago,Chicago,IL,41.7895737,-87.6009163,0.176767677,5.55E-17,5.55E-17,NA
University of Kansas Lawrence,Lawrence,KS,38.95154,-95.26556,University of Kansas Center for Research Inc.,Lawrence,KS,38.9515322,-95.2656484,0.187186037,5.55E-17,5.55E-17,University of Kansas Lawrence
University of Kentucky,Lexington,KY,38.04096,-84.50589,University of Kentucky Research Foundation,Lexington,KY,38.0406592,-84.5057506,0.158730159,5.55E-17,5.55E-17,University of Kentucky
University of Maryland Baltimore,Baltimore,MD,39.25246,-76.71121,University of Maryland Baltimore County,Baltimore,MD,39.2581028,-76.708703,0.05982906,5.55E-17,5.55E-17,University of Maryland Baltimore
University of Maryland Baltimore,Baltimore,MD,39.29225,-76.62563,University of Maryland Baltimore County,Baltimore,MD,39.2581028,-76.708703,0.05982906,5.55E-17,5.55E-17,University of Maryland Baltimore
University of Michigan at Ann Arbor,Ann Arbor,MI,42.27549,-83.74304,Regents of the University of Michigan - Ann Arbor,Ann Arbor,MI,42.2783824,-83.7344412,0.268427371,5.55E-17,5.55E-17,University of Michigan at Ann Arbor
University of Minnesota,Minneapolis,MN,44.97514,-93.227,University of Minnesota-Twin Cities,Minneapolis,MN,44.9749363,-93.2240452,0.114285714,5.55E-17,5.55E-17,University of Minnesota - Twin Cities
University of Missouri-Columbia,Columbia,MO,38.94823,-92.32734,University of Missouri-Kansas City,Columbia,MO,38.9367982,-92.3410324,0.151425583,5.55E-17,5.55E-17,NA
University of Nebraska Lincoln,Lincoln,NE,40.82302,-96.67344,University of Nebraska-Lincoln,Lincoln,NE,40.821743,-96.6893099,0.022222222,5.55E-17,5.55E-17,University of Nebraska Lincoln
University of Nebraska Medical Center,Omaha,NE,41.266,-96.01003,University of Nebraska at Omaha,Omaha,NE,41.2582497,-96.0107049,0.165683053,5.55E-17,5.55E-17,University of Nebraska at Omaha
University of Nevada Reno,Reno,NV,39.54508,-119.81828,"University of Nevada, Reno",Reno,NV,39.5489717,-119.8140262,0.012820513,5.55E-17,5.55E-17,University of Nevada Reno
University of North Carolina Chapel Hill,Chapel Hill,NC,35.9316,-79.05738,University of North Carolina at Chapel Hill,Chapel Hill,NC,35.9316668,-79.0573553,0.052422481,5.55E-17,5.55E-17,University of North Carolina Chapel Hill
University of North Carolina Charlotte,Charlotte,NC,35.30165,-80.73145,University of North Carolina at Charlotte,Charlotte,NC,35.3052642,-80.730475,0.055091998,5.55E-17,5.55E-17,University of North Carolina Charlotte
University of North Florida,Jacksonville,FL,30.27067,-81.51043,University of Florida,Gainesville,FL,29.6492253,-82.3419929,0.105820106,0.243686869,5.55E-17,NA
University of North Texas,Denton,TX,33.21077,-97.14777,University of Texas at Arlington,Arlington,TX,32.7291589,-97.1151722,0.185634058,0.296296296,5.55E-17,NA
University of Oklahoma,Norman,OK,35.20922,-97.44378,University of Oklahoma Norman Campus,Norman,OK,35.2085221,-97.4457026,0.12962963,5.55E-17,5.55E-17,University of Oklahoma Norman
University of Oregon,Eugene,OR,44.04551,-123.06974,University of Oregon Eugene,Eugene,OR,44.0449654,-123.0670199,0.086419753,5.55E-17,5.55E-17,University of Oregon Eugene
University of Pittsburgh at Pittsburgh,Pittsburgh,PA,40.44091,-79.95912,University of Pittsburgh,Pittsburgh,PA,40.4442519,-79.9533419,0.122807018,5.55E-17,5.55E-17,University of Pittsburgh
University of San Francisco,San Francisco,CA,37.77529,-122.45173,University Enterprises Corporation at CSUB,San Bernardino,CA,34.1832627,-117.3219374,0.29621613,0.258648759,5.55E-17,NA
University of San Francisco,San Francisco,CA,37.77529,-122.45173,University of California-San Francisco,San Francisco,CA,37.7673395,-122.4150481,0.170565302,5.55E-17,5.55E-17,NA
University of San Francisco,San Francisco,CA,37.77529,-122.45173,University of San Diego,San Diego,CA,32.7719176,-117.1874994,0.129898014,0.290598291,5.55E-17,NA
University of Southern California,Los Angeles,CA,34.01728,-118.28125,University of California-Los Angeles,Los Angeles,CA,34.0591198,-118.4434761,0.196007696,5.55E-17,5.55E-17,NA
University of Texas Arlington,Arlington,TX,32.7282,-97.1126,University of North Texas,Denton,TX,33.1962358,-97.1227928,0.160849575,0.296296296,5.55E-17,NA
University of Texas Arlington,Arlington,TX,32.7282,-97.1126,University of Texas at Arlington,Arlington,TX,32.7291589,-97.1151722,0.071479885,5.55E-17,5.55E-17,University of Texas Arlington
University of Texas Dallas,Richardson,TX,32.99173,-96.7437,University of Texas at Dallas,Richardson,TX,32.9842669,-96.7482802,0.060123784,5.55E-17,5.55E-17,University of Texas Dallas
University of Texas El Paso,El Paso,TX,31.77052,-106.50415,University of Texas at El Paso,El Paso,TX,31.7714282,-106.5050787,0.064197531,5.55E-17,5.55E-17,University of Texas El Paso
University of Texas Health Science Center,San Antonio,TX,29.51309,-98.57774,University of Texas at San Antonio,San Antonio,TX,29.5830733,-98.6198779,0.175316216,5.55E-17,5.55E-17,University of Texas San Antonio
University of Texas Health Science Center Houston,Houston,TX,29.70303,-95.4033,The University of Texas Health Science Center at Houston,Houston,TX,29.7035198,-95.403019,0.201530612,5.55E-17,5.55E-17,The University of Texas Health Science Center at Houston
University of Texas Health Science Center Houston,Houston,TX,29.70303,-95.4033,University of Houston,Houston,TX,29.718091,-95.336483,0.27702192,5.55E-17,5.55E-17,NA
University of Texas Health Science Center Houston,Houston,TX,29.70303,-95.4033,University of Houston - Clear Lake,Houston,TX,29.5822342,-95.0983932,0.273109244,5.55E-17,5.55E-17,NA
University of Texas Health Science Center Houston,Houston,TX,29.70303,-95.4033,University of Texas at Austin,Austin,TX,30.2861062,-97.7393634,0.17816092,0.253968254,5.55E-17,NA
University of Texas Medical Branch Galveston,Galveston,TX,29.31103,-94.77801,University of North Texas,Denton,TX,33.1962358,-97.1227928,0.267272727,0.296296296,5.55E-17,NA
University of Texas San Antonio,San Antonio,TX,29.56712,-98.60572,St Mary's University San Antonio,San Antonio,TX,29.4524263,-98.5646855,0.257289082,5.55E-17,5.55E-17,NA
University of Texas San Antonio,San Antonio,TX,29.56712,-98.60572,Texas A&M University-San Antonio,San Antonio,TX,29.3049321,-98.5243006,0.198924731,5.55E-17,5.55E-17,NA
University of Texas San Antonio,San Antonio,TX,29.56712,-98.60572,University of Texas at San Antonio,San Antonio,TX,29.5830733,-98.6198779,0.067046173,5.55E-17,5.55E-17,University of Texas San Antonio
University of Texas at Austin,Austin,TX,30.29119,-97.73757,University of Houston,Houston,TX,29.718091,-95.336483,0.201833607,0.253968254,5.55E-17,NA
University of Texas at Austin,Austin,TX,30.29119,-97.73757,University of Houston - Clear Lake,Houston,TX,29.5822342,-95.0983932,0.242026046,0.253968254,5.55E-17,NA
University of Toledo Health Science Campus,Toledo,OH,41.61955,-83.62073,University of Toledo,Toledo,OH,41.6623201,-83.6170915,0.174603175,5.55E-17,5.55E-17,University of Toledo
University of Tx Md Anderson Cancer Center,Houston,TX,29.70632,-95.3972,University of Houston,Houston,TX,29.718091,-95.336483,0.281512605,5.55E-17,5.55E-17,NA
University of Tx Md Anderson Cancer Center,Houston,TX,29.70632,-95.3972,University of Houston - Clear Lake,Houston,TX,29.5822342,-95.0983932,0.283155929,5.55E-17,5.55E-17,NA
University of Tx Md Anderson Cancer Center,Houston,TX,29.70632,-95.3972,University of Texas at Austin,Austin,TX,30.2861062,-97.7393634,0.262828407,0.253968254,5.55E-17,NA
University of Vermont and State Agricultural College,Burlington,VT,44.47828,-73.20108,University of Vermont & State Agricultural College,Burlington,VT,44.4782586,-73.201147,0.087121926,5.55E-17,5.55E-17,University of Vermont and State Agricultural College
University of Virginia,Charlottesville,VA,38.05053,-78.50053,University of Virginia Main Campus,Charlottesville,VA,38.0494904,-78.5017218,0.117647059,5.55E-17,5.55E-17,University of Virginia
University of Wisconsin Milwaukee,Milwaukee,WI,43.0757,-87.878,University of Wisconsin-Milwaukee,Milwaukee,WI,43.075684,-87.8789516,0.02020202,5.55E-17,5.55E-17,University of Wisconsin-Milwaukee
Virginia Polytechnic Institute and St Univ,Blacksburg,VA,37.23306,-80.421,Virginia Polytechnic Institute and State University,Blacksburg,VA,37.2333339,-80.420916,0.058823529,5.55E-17,5.55E-17,Virginia Polytechnic Institute and State University
Washington University,Saint Louis,MO,38.66437,-90.3238,Saint Louis University,Saint Louis,MO,38.6366077,-90.2334261,0.256896698,5.55E-17,5.55E-17,NA
Worcester Polytechnic Institute,Worcester,MA,42.27404,-71.80669,Worcester State University,Worcester,MA,42.2662431,-71.8420657,0.227185001,5.55E-17,5.55E-17,NA
University of Missouri Kansas City,Kansas City,MO,39.03452,-94.57577,University of Missouri-Kansas City,Columbia,MO,38.9367982,-92.3410324,0.151425583,5.55E-17,5.55E-17,University of Missouri Kansas City
University of Massachusetts Boston,Boston,MA,42.3137,-71.06298,University of Massachusetts Boston,Dorchester,MA,42.3148925,-71.0393145,0.163437971,0.103703704,5.55E-17,University of Massachusetts Boston
Academic Pediatric Association,Mc Lean,VA,38.93747,-77.17694,NA,NA,NA,NA,NA,NA,NA,NA,Academic Pediatric Association
Access Health Inc.,Muskegon,MI,43.23096,-86.24311,NA,NA,NA,NA,NA,NA,NA,NA,Access Health Inc.
"Accurius Therapeutics, Inc.",Lexington,MA,42.45835,-71.20621,NA,NA,NA,NA,NA,NA,NA,NA,"Accurius Therapeutics, Inc."
Alabama State University,Montgomery,AL,32.36501,-86.2957,NA,NA,NA,NA,NA,NA,NA,NA,Alabama State University
Albert Einstein College of Medicine,Bronx,NY,40.85103,-73.84438,NA,NA,NA,NA,NA,NA,NA,NA,Albert Einstein College of Medicine
Allen Institute,Seattle,WA,47.65008,-122.3516,NA,NA,NA,NA,NA,NA,NA,NA,Allen Institute
American Gastroenterological Association Institute,Bethesda,MD,38.98933,-77.0992,NA,NA,NA,NA,NA,NA,NA,NA,American Gastroenterological Association Institute
Arizona State University-Tempe Campus,Scottsdale,AZ,33.42395,-111.94069,NA,NA,NA,NA,NA,NA,NA,NA,Arizona State University-Tempe
Arkansas Cancer Coalition,Little Rock,AR,34.75984,-92.34041,NA,NA,NA,NA,NA,NA,NA,NA,Arkansas Cancer Coalition
Asian American Health Coalition,Houston,TX,29.71509,-95.55379,NA,NA,NA,NA,NA,NA,NA,NA,Asian American Health Coalition
Asian Community Health Coalition,Philadelphia,PA,39.9607,-75.15706,NA,NA,NA,NA,NA,NA,NA,NA,Asian Community Health Coalition
Augusta University,Augusta,GA,33.47096,-81.9914,NA,NA,NA,NA,NA,NA,NA,NA,Augusta University
Banner Health,Phoenix,AZ,33.43342,-112.08759,NA,NA,NA,NA,NA,NA,NA,NA,Banner Health
Baylor College of Medicine,Houston,TX,29.70926,-95.40085,NA,NA,NA,NA,NA,NA,NA,NA,Baylor College of Medicine
Baylor University,Waco,TX,31.55571,-97.1214,NA,NA,NA,NA,NA,NA,NA,NA,Baylor University
Beckman Research Institute,Duarte,CA,34.12772,-117.97244,NA,NA,NA,NA,NA,NA,NA,NA,Beckman Research Institute
"Bellage, Inc.",Sunnyside,NY,40.74767,-73.9181,NA,NA,NA,NA,NA,NA,NA,NA,"Bellage, Inc."
Beth Israel Deaconess Medical Center,Boston,MA,42.33982,-71.10568,NA,NA,NA,NA,NA,NA,NA,NA,Beth Israel Deaconess Medical Center
Boston Children's Hospital,Boston,MA,42.33748,-71.10496,NA,NA,NA,NA,NA,NA,NA,NA,Boston Children's Hospital
Boston Medical Center,Boston,MA,42.33685,-71.07088,NA,NA,NA,NA,NA,NA,NA,NA,Boston Medical Center
Brigham and Women's Hospital,Boston,MA,42.33611,-71.10748,NA,NA,NA,NA,NA,NA,NA,NA,Brigham and Women's Hospital
"Broad Institute, Inc.",Cambridge,MA,42.36308,-71.08789,NA,NA,NA,NA,NA,NA,NA,NA,"Broad Institute, Inc."
"Bronxworks, Inc.",Bronx,NY,40.851,-73.9081,NA,NA,NA,NA,NA,NA,NA,NA,"Bronxworks, Inc."
Brooklyn College,New York,NY,40.63164,-73.95287,NA,NA,NA,NA,NA,NA,NA,NA,Brooklyn College
Butler Hospital,Providence,RI,41.84359,-71.37966,NA,NA,NA,NA,NA,NA,NA,NA,Butler Hospital
California Institute of Technology,Pasadena,CA,34.13433,-118.12652,NA,NA,NA,NA,NA,NA,NA,NA,California Institute of Technology
California State University Bakersfield,Bakersfield,CA,35.35426,-119.10759,NA,NA,NA,NA,NA,NA,NA,NA,California State University Bakersfield
California State University Fullerton,Fullerton,CA,33.8781,-117.88425,NA,NA,NA,NA,NA,NA,NA,NA,California State University Fullerton
Cambridge Health Alliance,Cambridge,MA,42.37442,-71.10444,NA,NA,NA,NA,NA,NA,NA,NA,Cambridge Health Alliance
Campesinos Sin Fronteras,Somerton,AZ,32.59632,-114.7127,NA,NA,NA,NA,NA,NA,NA,NA,Campesinos Sin Fronteras
Cedars-Sinai Medical Center,Los Angeles,CA,34.07654,-118.38,NA,NA,NA,NA,NA,NA,NA,NA,Cedars-Sinai Medical Center
Center for Innovative Public Health Research,San Clemente,CA,33.43004,-117.61655,NA,NA,NA,NA,NA,NA,NA,NA,Center for Innovative Public Health Research
Charles R. Drew University of Medicine & Science,Los Angeles,CA,33.92395,-118.24569,NA,NA,NA,NA,NA,NA,NA,NA,Charles R. Drew University of Medicine & Science
Cherokee Nation,Tahlequah,OK,35.85318,-94.99067,NA,NA,NA,NA,NA,NA,NA,NA,Cherokee Nation
Children's Hospital of Philadelphia,Philadelphia,PA,39.94663,-75.1966,NA,NA,NA,NA,NA,NA,NA,NA,Children's Hospital of Philadelphia
Children's Research Institute,Washington,DC,38.92727,-77.0144,NA,NA,NA,NA,NA,NA,NA,NA,Children's Research Institute
Cincinnati Children's Hospital Medical Center,Cincinnati,OH,39.14066,-84.50101,NA,NA,NA,NA,NA,NA,NA,NA,Cincinnati Children's Hospital Medical Center
City College of New York,New York,NY,40.81941,-73.95017,NA,NA,NA,NA,NA,NA,NA,NA,City College of New York
Claflin University,Orangeburg,SC,33.49592,-80.85546,NA,NA,NA,NA,NA,NA,NA,NA,Claflin University
Cleveland Clinic Lerner College of Medicine - Case Western Reserve University,Cleveland,OH,41.50266,-81.62213,NA,NA,NA,NA,NA,NA,NA,NA,Cleveland Clinic Lerner College of Medicine - Case Western Reserve University
Cold Spring Harbor Laboratory,Cold Spring Harbor,NY,40.86755,-73.47346,NA,NA,NA,NA,NA,NA,NA,NA,Cold Spring Harbor Laboratory
Colliga Apps Corp.,Austin,TX,25.76305,-80.19045,NA,NA,NA,NA,NA,NA,NA,NA,Colliga Apps Corp.
Creighton University,Omaha,NE,41.2643,-95.94809,NA,NA,NA,NA,NA,NA,NA,NA,Creighton University
Dana-Farber Cancer Institute,Boston,MA,42.33759,-71.10828,NA,NA,NA,NA,NA,NA,NA,NA,Dana-Farber Cancer Institute
Dartmouth-Hitchcock Clinic,Lebanon,NH,43.63701,-72.25238,NA,NA,NA,NA,NA,NA,NA,NA,Dartmouth-Hitchcock Clinic
"Delta Health Alliance, Inc.",Stoneville,MS,33.40757,-90.91122,NA,NA,NA,NA,NA,NA,NA,NA,"Delta Health Alliance, Inc."
Denver Health and Hospital Authority,Denver,CO,39.7273,-104.99157,NA,NA,NA,NA,NA,NA,NA,NA,Denver Health and Hospital Authority
East Tennessee State University,Johnson City,TN,36.33089,-82.36558,NA,NA,NA,NA,NA,NA,NA,NA,East Tennessee State University
"Ecohealth Alliance, Inc.",New York,NY,40.75406,-73.99895,NA,NA,NA,NA,NA,NA,NA,NA,"Ecohealth Alliance, Inc."
Emma Pendleton Bradley Hospital,Riverside,RI,41.79238,-71.3674,NA,NA,NA,NA,NA,NA,NA,NA,Emma Pendleton Bradley Hospital
Endeavor Health Clinical Operations,Evanston,IL,42.0647,-87.68987,NA,NA,NA,NA,NA,NA,NA,NA,Endeavor Health Clinical Operations
Endocrine Society,Washington,DC,38.90411,-77.04616,NA,NA,NA,NA,NA,NA,NA,NA,Endocrine Society
"Equiti Foods, LLC",Chapel Hill,NC,35.90131,-79.06105,NA,NA,NA,NA,NA,NA,NA,NA,"Equiti Foods, LLC"
"Families Against Narcotics, Inc.",Clinton Twp,MI,42.55372,-82.92816,NA,NA,NA,NA,NA,NA,NA,NA,"Families Against Narcotics, Inc."
Father Flanagan's Boys' Home,Boys Town,NE,41.25345,-96.13386,NA,NA,NA,NA,NA,NA,NA,NA,Father Flanagan's Boys' Home
Fayetteville State University,Fayetteville,NC,35.07155,-78.89445,NA,NA,NA,NA,NA,NA,NA,NA,Fayetteville State University
Fenway Community Health Center,Boston,MA,42.34412,-71.09841,NA,NA,NA,NA,NA,NA,NA,NA,Fenway Community Health Center
Feonix - Mobility Rising,Lincoln,NE,40.85914,-96.72561,NA,NA,NA,NA,NA,NA,NA,NA,Feonix - Mobility Rising
Fort Lewis College,Durango,CO,37.27498,-107.87204,NA,NA,NA,NA,NA,NA,NA,NA,Fort Lewis College
Fred Hutchinson Cancer Center,Seattle,WA,47.62648,-122.32961,NA,NA,NA,NA,NA,NA,NA,NA,Fred Hutchinson Cancer Center
"Friends Research Institute, Inc.",Baltimore,MD,39.30368,-76.61989,NA,NA,NA,NA,NA,NA,NA,NA,"Friends Research Institute, Inc."
"Function Promoting Therapies, LLC",Boston,MA,42.33724,-71.10217,NA,NA,NA,NA,NA,NA,NA,NA,"Function Promoting Therapies, LLC"
"Genendeavor, LLC",Hayward,CA,37.52099,-121.94829,NA,NA,NA,NA,NA,NA,NA,NA,"Genendeavor, LLC"
Genetobe Inc.,Ann Arbor,MI,42.32232,-83.65208,NA,NA,NA,NA,NA,NA,NA,NA,Genetobe Inc.
Georgia Institute of Technology,Atlanta,GA,33.7819,-84.40401,NA,NA,NA,NA,NA,NA,NA,NA,Georgia Institute of Technology
Gladstone Institutes,San Francisco,CA,37.76762,-122.39432,NA,NA,NA,NA,NA,NA,NA,NA,Gladstone Institutes
Hackensack University Medical Center,Hackensack,NJ,40.88342,-74.05565,NA,NA,NA,NA,NA,NA,NA,NA,Hackensack University Medical Center
Hartford Hospital,Hartford,CT,41.75412,-72.67985,NA,NA,NA,NA,NA,NA,NA,NA,Hartford Hospital
"Harvard Pilgrim Health Care, Inc.",Canton,MA,42.31681,-71.2346,NA,NA,NA,NA,NA,NA,NA,NA,"Harvard Pilgrim Health Care, Inc."
Harvard University,Boston,MA,42.33531,-71.10277,NA,NA,NA,NA,NA,NA,NA,NA,Harvard University
Harvard University,Boston,MA,42.33567,-71.10424,NA,NA,NA,NA,NA,NA,NA,NA,Harvard University
"Health Choice Network, Inc.",Miami,FL,25.78484,-80.34186,NA,NA,NA,NA,NA,NA,NA,NA,"Health Choice Network, Inc."
Healthpartners Institute,Bloomington,MN,44.85364,-93.22558,Healthpartners Institute,Minneapolis,MN,44.8556156,-93.2278842,0.290395372,5.55E-17,5.55E-17,Healthpartners Institute
Healthy Tarrant County Collaboration,Fort Worth,TX,32.76545,-97.25287,NA,NA,NA,NA,NA,NA,NA,NA,Healthy Tarrant County Collaboration
Hebrew Rehabilitation Center for Aged,Boston,MA,42.29668,-71.13073,NA,NA,NA,NA,NA,NA,NA,NA,Hebrew Rehabilitation Center for Aged
Herbert H. Lehman College,New York,NY,40.87086,-73.8866,NA,NA,NA,NA,NA,NA,NA,NA,Herbert H. Lehman College
Hopa Mountain,Bozeman,MT,45.67802,-111.03301,NA,NA,NA,NA,NA,NA,NA,NA,Hopa Mountain
Hospital for Special Surgery,New York,NY,40.76532,-73.95395,NA,NA,NA,NA,NA,NA,NA,NA,Hospital for Special Surgery
Housing Authority of the City of Los Angeles,Los Angeles,CA,34.06041,-118.28167,NA,NA,NA,NA,NA,NA,NA,NA,Housing Authority of the City of Los Angeles
Hugo W. Moser Research Institute Kennedy Krieger,Baltimore,MD,39.2987,-76.59368,NA,NA,NA,NA,NA,NA,NA,NA,Hugo W. Moser Research Institute Kennedy Krieger
Hunter College,New York,NY,40.76874,-73.96518,NA,NA,NA,NA,NA,NA,NA,NA,Hunter College
Ibis Reproductive Health,Cambridge,MA,42.37281,-71.1191,NA,NA,NA,NA,NA,NA,NA,NA,Ibis Reproductive Health
Icahn School of Medicine at Mount Sinai,New York,NY,40.79028,-73.94678,NA,NA,NA,NA,NA,NA,NA,NA,Icahn School of Medicine at Mount Sinai
Indiana University Indianapolis,Indianapolis,IN,39.77921,-86.17529,NA,NA,NA,NA,NA,NA,NA,NA,Indiana University Indianapolis
"Innovation Research and Training, Inc.",Durham,NC,35.96456,-78.94053,NA,NA,NA,NA,NA,NA,NA,NA,"Innovation Research and Training, Inc."
Institute for Systems Biology,Seattle,WA,47.62254,-122.33753,NA,NA,NA,NA,NA,NA,NA,NA,Institute for Systems Biology
"Iris Media, Inc.",Eugene,OR,44.04872,-123.08848,NA,NA,NA,NA,NA,NA,NA,NA,"Iris Media, Inc."
"Isa Associates, Inc.",Arlington,VA,38.80541,-77.03984,NA,NA,NA,NA,NA,NA,NA,NA,"Isa Associates, Inc."
Jackson Laboratory,Bar Harbor,ME,44.36536,-68.1963,NA,NA,NA,NA,NA,NA,NA,NA,Jackson Laboratory
Kaiser Foundation Research Institute,Oakland,CA,37.80577,-122.26521,NA,NA,NA,NA,NA,NA,NA,NA,Kaiser Foundation Research Institute
Keck Graduate Institute of Applied Life Sciences,Claremont,CA,34.09248,-117.72201,NA,NA,NA,NA,NA,NA,NA,NA,Keck Graduate Institute of Applied Life Sciences
Kennesaw State University,Kennesaw,GA,34.03432,-84.57428,NA,NA,NA,NA,NA,NA,NA,NA,Kennesaw State University
LSU Health Scienes Center,New Orleans,LA,29.95738,-90.08279,NA,NA,NA,NA,NA,NA,NA,NA,LSU Health Scienes Center
LSU Pennington Biomedical Research Center,Baton Rouge,LA,30.40335,-91.12269,NA,NA,NA,NA,NA,NA,NA,NA,LSU Pennington Biomedical Research Center
La Jolla Institute for Immunology,La Jolla,CA,32.83878,-117.25324,NA,NA,NA,NA,NA,NA,NA,NA,La Jolla Institute for Immunology
Laureate Institute for Brain Research,Tulsa,OK,36.06624,-95.91946,NA,NA,NA,NA,NA,NA,NA,NA,Laureate Institute for Brain Research
Loma Linda University,Loma Linda,CA,34.05174,-117.26178,NA,NA,NA,NA,NA,NA,NA,NA,Loma Linda University
Loyola Marymount University,Los Angeles,CA,33.96968,-118.41614,NA,NA,NA,NA,NA,NA,NA,NA,Loyola Marymount University
Loyola University Medical Center,Maywood,IL,41.86516,-87.83338,NA,NA,NA,NA,NA,NA,NA,NA,Loyola University Medical Center
MGH Institute of Health Professions,Charlestown,MA,42.37496,-71.05421,NA,NA,NA,NA,NA,NA,NA,NA,MGH Institute of Health Professions
Magee-Women's Research Institute and Foundation,Pittsburgh,PA,40.43708,-79.96154,NA,NA,NA,NA,NA,NA,NA,NA,Magee-Women's Research Institute and Foundation
Mainehealth,Portland,ME,43.65316,-70.27547,NA,NA,NA,NA,NA,NA,NA,NA,Mainehealth
Marquette University,Milwaukee,WI,43.03873,-87.92331,NA,NA,NA,NA,NA,NA,NA,NA,Marquette University
Massachusetts General Hospital,Boston,MA,42.3632,-71.06877,NA,NA,NA,NA,NA,NA,NA,NA,Massachusetts General Hospital
Mayo Clinic Arizona,Scottsdale,AZ,33.58911,-111.79394,NA,NA,NA,NA,NA,NA,NA,NA,Mayo Clinic Arizona
Mayo Clinic Jacksonville,Jacksonville,FL,30.2647,-81.44479,NA,NA,NA,NA,NA,NA,NA,NA,Mayo Clinic Jacksonville
Mayo Clinic Rochester,Rochester,MN,44.02432,-92.46011,NA,NA,NA,NA,NA,NA,NA,NA,Mayo Clinic Rochester
McLean Hospital,Belmont,MA,42.39362,-71.19114,NA,NA,NA,NA,NA,NA,NA,NA,McLean Hospital
Medgar Evers College,New York,NY,40.66714,-73.95183,NA,NA,NA,NA,NA,NA,NA,NA,Medgar Evers College
Medical College of Wisconsin,Milwaukee,WI,43.04575,-88.02037,NA,NA,NA,NA,NA,NA,NA,NA,Medical College of Wisconsin
Medical University of South Carolina,Charleston,SC,32.78675,-79.94726,NA,NA,NA,NA,NA,NA,NA,NA,Medical University of South Carolina
Meharry Medical College,Nashville,TN,36.1669,-86.80615,NA,NA,NA,NA,NA,NA,NA,NA,Meharry Medical College
"Migrant Clinicians Network, Inc.",Austin,TX,30.26688,-97.78802,NA,NA,NA,NA,NA,NA,NA,NA,"Migrant Clinicians Network, Inc."
"Missouri Breaks Research, Inc.",Eagle Butte,SD,45.4277,-101.07448,NA,NA,NA,NA,NA,NA,NA,NA,"Missouri Breaks Research, Inc."
Moffitt Cancer Center,Tampa,FL,28.06258,-82.4196,NA,NA,NA,NA,NA,NA,NA,NA,Moffitt Cancer Center
Monell Chemical Senses Center,Philadelphia,PA,39.95574,-75.19306,NA,NA,NA,NA,NA,NA,NA,NA,Monell Chemical Senses Center
Mount Desert Island Biological Lab,Salsbury Cove,ME,44.43066,-68.28841,NA,NA,NA,NA,NA,NA,NA,NA,Mount Desert Island Biological Lab
"My Brother's Keeper, Inc.",Ridgeland,MS,32.41974,-90.12573,NA,NA,NA,NA,NA,NA,NA,NA,"My Brother's Keeper, Inc."
"NDRI-USA, Inc.",New York,NY,40.74287,-73.99233,NA,NA,NA,NA,NA,NA,NA,NA,"NDRI-USA, Inc."
National Medical Association,Silver Spring,MD,38.99487,-77.03025,NA,NA,NA,NA,NA,NA,NA,NA,National Medical Association
Neurovations,Napa,CA,38.32538,-122.29199,NA,NA,NA,NA,NA,NA,NA,NA,Neurovations
New York Medical College,Valhalla,NY,41.08553,-73.81025,NA,NA,NA,NA,NA,NA,NA,NA,New York Medical College
New York University,Mineola,NY,40.7415,-73.64036,NA,NA,NA,NA,NA,NA,NA,NA,New York University
Northwestern University,Chicago,IL,42.05048,-87.68005,NA,NA,NA,NA,NA,NA,NA,NA,Northwestern University
"Ochin, Inc.",Portland,OR,45.50926,-122.67766,NA,NA,NA,NA,NA,NA,NA,NA,"Ochin, Inc."
Oklahoma Medical Research Foundation,Oklahoma City,OK,35.48299,-97.49781,NA,NA,NA,NA,NA,NA,NA,NA,Oklahoma Medical Research Foundation
Olipha Inc,Wilmington,DE,39.74854,-75.54767,NA,NA,NA,NA,NA,NA,NA,NA,Olipha Inc
Oregon Health & Science University,Portland,OR,45.49882,-122.68565,NA,NA,NA,NA,NA,NA,NA,NA,Oregon Health & Science University
Pacific Institute for Research and Evaluation,Beltsville,MD,39.05068,-76.93727,NA,NA,NA,NA,NA,NA,NA,NA,Pacific Institute for Research and Evaluation
Pennsylvania State University Hershey Medical Center,Hershey,PA,40.26441,-76.67401,NA,NA,NA,NA,NA,NA,NA,NA,Pennsylvania State University Hershey Medical Center
"Powertech Water, Inc.",Lexington,KY,38.03558,-84.50572,NA,NA,NA,NA,NA,NA,NA,NA,"Powertech Water, Inc."
Priogen Corp,Saint Paul,MN,44.97119,-93.2042,NA,NA,NA,NA,NA,NA,NA,NA,Priogen Corp
"Pro-Change Behavior Systems, Inc.",Narragansett,RI,41.45103,-71.49752,NA,NA,NA,NA,NA,NA,NA,NA,"Pro-Change Behavior Systems, Inc."
Public Health Foundation Enterprises,City Of Industry,CA,34.02948,-118.02327,NA,NA,NA,NA,NA,NA,NA,NA,Public Health Foundation Enterprises
Queen's Medical Center,Honolulu,HI,21.3078,-157.85395,NA,NA,NA,NA,NA,NA,NA,NA,Queen's Medical Center
Research Institute Nationwide Children's Hosp,Columbus,OH,39.95251,-82.9793,NA,NA,NA,NA,NA,NA,NA,NA,Research Institute Nationwide Children's Hosp
Research Triangle Institute,Research Triangle Park,NC,35.9138,-78.84891,NA,NA,NA,NA,NA,NA,NA,NA,Research Triangle Institute
"Resilient Games Studio, LLC",Chicago,IL,41.79896,-87.59808,NA,NA,NA,NA,NA,NA,NA,NA,"Resilient Games Studio, LLC"
Rhode Island Hospital,Providence,RI,41.81168,-71.40937,NA,NA,NA,NA,NA,NA,NA,NA,Rhode Island Hospital
Rice University,Houston,TX,29.71724,-95.40276,NA,NA,NA,NA,NA,NA,NA,NA,Rice University
Rosalind Franklin University of Medicine & Science,North Chicago,IL,42.30229,-87.86138,NA,NA,NA,NA,NA,NA,NA,NA,Rosalind Franklin University of Medicine & Science
Roswell Park Cancer Institute Corp,Buffalo,NY,42.87338,-78.86924,NA,NA,NA,NA,NA,NA,NA,NA,Roswell Park Cancer Institute Corp.
Rush University Medical Center,Chicago,IL,41.87506,-87.66833,NA,NA,NA,NA,NA,NA,NA,NA,Rush University Medical Center
Rutgers Biomedical and Health Sciences,Newark,NJ,40.52098,-74.47325,NA,NA,NA,NA,NA,NA,NA,NA,Rutgers Biomedical and Health Sciences
Rutgers University,Piscataway,NJ,40.48191,-74.45707,NA,NA,NA,NA,NA,NA,NA,NA,Rutgers University
"Rutgers, Camden",Camden,NJ,39.94748,-75.12305,NA,NA,NA,NA,NA,NA,NA,NA,Rutgers University Camden
SUNY Downstate Medical Center,Brooklyn,NY,40.65537,-73.94508,NA,NA,NA,NA,NA,NA,NA,NA,SUNY Downstate Medical Center
SUNY Upstate Medical University,Syracuse,NY,43.0426,-76.14055,NA,NA,NA,NA,NA,NA,NA,NA,SUNY Upstate Medical University
Sanford Burnham Prebys,La Jolla,CA,32.9036,-117.24298,NA,NA,NA,NA,NA,NA,NA,NA,Sanford Burnham Prebys
Scripps Health,San Diego,CA,32.88774,-117.2238,NA,NA,NA,NA,NA,NA,NA,NA,Scripps Health
Scripps Research Institute,La Jolla,CA,32.90306,-117.24359,NA,NA,NA,NA,NA,NA,NA,NA,Scripps Research Institute
Silverbills Inc.,New Rochelle,NY,40.94685,-73.77205,NA,NA,NA,NA,NA,NA,NA,NA,Silverbills Inc.
Sloan-Kettering Institute Cancer Research,New York,NY,40.76405,-73.95602,NA,NA,NA,NA,NA,NA,NA,NA,Sloan-Kettering Institute Cancer Research
Smith-Kettlewell Eye Research Institute,San Francisco,CA,37.79118,-122.43391,NA,NA,NA,NA,NA,NA,NA,NA,Smith-Kettlewell Eye Research Institute
Society of Behavioral Medicine,Milwaukee,WI,43.04122,-87.90483,NA,NA,NA,NA,NA,NA,NA,NA,Society of Behavioral Medicine
Society of Toxicology,Reston,VA,38.94847,-77.33236,NA,NA,NA,NA,NA,NA,NA,NA,Society of Toxicology
Southcentral Foundation,Anchorage,AK,61.18215,-149.79596,NA,NA,NA,NA,NA,NA,NA,NA,Southcentral Foundation
Southeast Arizona Area Health Education Center,Nogales,AZ,31.3407,-110.96079,NA,NA,NA,NA,NA,NA,NA,NA,Southeast Arizona Area Health Education Center
Spaulding Rehabilitation Hospital,Charlestown,MA,42.37856,-71.04922,NA,NA,NA,NA,NA,NA,NA,NA,Spaulding Rehabilitation Hospital
State University New York Stony Brook,Stony Brook,NY,40.91456,-73.12517,NA,NA,NA,NA,NA,NA,NA,NA,SUNY Stony Brook
State University of New York at Albany,Albany,NY,42.69171,-73.82559,NA,NA,NA,NA,NA,NA,NA,NA,SUNY Albany
State University of New York at Buffalo,Amherst,NY,43.00307,-78.78592,NA,NA,NA,NA,NA,NA,NA,NA,SUNY Buffalo
"State University of New York, Binghamton",Binghamton,NY,42.09521,-75.96456,NA,NA,NA,NA,NA,NA,NA,NA,SUNY Binghamton
"Subtle Medical, Inc.",Menlo Park,CA,37.45092,-122.18522,NA,NA,NA,NA,NA,NA,NA,NA,"Subtle Medical, Inc."
Tech Museum of Innovation,San Jose,CA,37.33148,-121.89018,NA,NA,NA,NA,NA,NA,NA,NA,Tech Museum of Innovation
Texas Tech University Health Sciences Center El Paso,El Paso,TX,31.77,-106.43162,NA,NA,NA,NA,NA,NA,NA,NA,Texas Tech University Health Sciences Center El Paso
The Academy of Natural Sciences of Philadelphia,Philadelphia,PA,39.95795,-75.17145,NA,NA,NA,NA,NA,NA,NA,NA,The Academy of Natural Sciences of Philadelphia
The Baker Center,Boston,MA,42.33093,-71.10991,NA,NA,NA,NA,NA,NA,NA,NA,The Baker Center
"The Research Foundation for Mental Hygiene, Inc.",New York,NY,40.84308,-73.94421,NA,NA,NA,NA,NA,NA,NA,NA,"The Research Foundation for Mental Hygiene, Inc."
Thomas Jefferson University,Philadelphia,PA,39.94821,-75.15782,NA,NA,NA,NA,NA,NA,NA,NA,Thomas Jefferson University
Tufts Medical Center,Boston,MA,42.34951,-71.06331,NA,NA,NA,NA,NA,NA,NA,NA,Tufts Medical Center
University of Colorado Denver,Aurora,CO,39.7451,-104.8376,NA,NA,NA,NA,NA,NA,NA,NA,University of Colorado Denver
University of Connecticut School of Medicine,Farmington,CT,41.73418,-72.79379,NA,NA,NA,NA,NA,NA,NA,NA,University of Connecticut School of Medicine
University of Detroit Mercy,Detroit,MI,42.41708,-83.13885,NA,NA,NA,NA,NA,NA,NA,NA,University of Detroit Mercy
University of Hartford,West Hartford,CT,41.79337,-72.71626,NA,NA,NA,NA,NA,NA,NA,NA,University of Hartford
University of Idaho,Moscow,ID,46.73029,-116.99685,NA,NA,NA,NA,NA,NA,NA,NA,University of Idaho
University of Illinois at Urbana-Champaign,Champaign,IL,40.11686,-88.22876,NA,NA,NA,NA,NA,NA,NA,NA,University of Illinois at Urbana-Champaign
University of Kansas Medical Center,Kansas City,KS,39.02658,-94.63635,NA,NA,NA,NA,NA,NA,NA,NA,University of Kansas Medical Center
University of Louisville,Louisville,KY,38.21502,-85.76014,NA,NA,NA,NA,NA,NA,NA,NA,University of Louisville
University of Massachusetts Amherst,Hadley,MA,42.38691,-72.52113,NA,NA,NA,NA,NA,NA,NA,NA,University of Massachusetts Amherst
University of Massachusetts Boston,Boston,MA,42.3137,-71.06298,NA,NA,NA,NA,NA,NA,NA,NA,University of Massachusetts Boston
University of Mississippi Medical Center,Jackson,MS,32.32872,-90.17554,NA,NA,NA,NA,NA,NA,NA,NA,University of Mississippi Medical Center
University of Montana,Missoula,MT,46.8602,-113.98372,NA,NA,NA,NA,NA,NA,NA,NA,University of Montana
University of North Carolina at Pembroke,Pembroke,NC,34.69413,-79.19811,NA,NA,NA,NA,NA,NA,NA,NA,University of North Carolina at Pembroke
University of North Dakota,Grand Forks,ND,47.91987,-97.07282,NA,NA,NA,NA,NA,NA,NA,NA,University of North Dakota
University of North Texas Health Science Center,Fort Worth,TX,32.74954,-97.36903,NA,NA,NA,NA,NA,NA,NA,NA,University of North Texas Health Science Center
University of Oklahoma Health Sciences Center,Oklahoma City,OK,35.47459,-97.50503,NA,NA,NA,NA,NA,NA,NA,NA,University of Oklahoma Health Sciences Center
University of South Dakota,Vermillion,SD,42.78263,-96.92543,NA,NA,NA,NA,NA,NA,NA,NA,University of South Dakota
University of Tennessee Chattanooga,Chattanooga,TN,35.04582,-85.29982,NA,NA,NA,NA,NA,NA,NA,NA,University of Tennessee Chattanooga
University of Texas Southwestern Medical Center,Dallas,TX,32.81196,-96.83753,NA,NA,NA,NA,NA,NA,NA,NA,University of Texas Southwestern Medical Center
University of the Pacific-Stockton,Stockton,CA,37.98434,-121.30996,NA,NA,NA,NA,NA,NA,NA,NA,University of the Pacific-Stockton
Urban Health Partnerships,Miami,FL,25.75816,-80.19932,NA,NA,NA,NA,NA,NA,NA,NA,Urban Health Partnerships
"Us Helping Us, People Into Living, Inc.",Washington,DC,38.9351,-77.0244,NA,NA,NA,NA,NA,NA,NA,NA,"Us Helping Us, People Into Living, Inc."
Van Andel Research Institute,Grand Rapids,MI,42.96939,-85.6664,NA,NA,NA,NA,NA,NA,NA,NA,Van Andel Research Institute
WETA TV 26,Arlington,VA,38.84087,-77.08649,NA,NA,NA,NA,NA,NA,NA,NA,WETA TV 26
Wadsworth Center,Menands,NY,42.64589,-73.79766,NA,NA,NA,NA,NA,NA,NA,NA,Wadsworth Center
Wake Forest University Health Sciences,Winston-Salem,NC,36.0594,-80.32198,NA,NA,NA,NA,NA,NA,NA,NA,Wake Forest University Health Sciences
Weill Medical College of Cornell University,New York,NY,40.7607,-73.9603,NA,NA,NA,NA,NA,NA,NA,NA,Weill Medical College of Cornell University
"Westat, Inc.",Bethesda,MD,39.09463,-77.18145,NA,NA,NA,NA,NA,NA,NA,NA,"Westat, Inc."
"Whitman-Walker Institute, Inc.",Washington,DC,38.9127,-77.03142,NA,NA,NA,NA,NA,NA,NA,NA,"Whitman-Walker Institute, Inc."
Winifred Masterson Burke Medical Research Institute,White Plains,NY,41.01658,-73.75221,NA,NA,NA,NA,NA,NA,NA,NA,Winifred Masterson Burke Medical Research Institute
Wistar Institute,Philadelphia,PA,39.95129,-75.19577,NA,NA,NA,NA,NA,NA,NA,NA,Wistar Institute
NA,NA,NA,NA,NA,Alabama A&M University,Normal,AL,34.7838707,-86.5775697,NA,NA,NA,Alabama A&M University
NA,NA,NA,NA,NA,Alamo Community College District - St. Philip's College,San Antonio,TX,29.416791,-98.4547557,NA,NA,NA,Alamo Community College District - St. Philip's College
NA,NA,NA,NA,NA,Allan Hancock College,Santa Maria,CA,34.9444382,-120.4188384,NA,NA,NA,Allan Hancock College
NA,NA,NA,NA,NA,Allegheny College,Meadville,PA,41.6589731,-80.1498362,NA,NA,NA,Allegheny College
NA,NA,NA,NA,NA,Alverno College,Milwaukee,WI,42.9832666,-87.9665582,NA,NA,NA,Alverno College
NA,NA,NA,NA,NA,American Association of Physics Teachers,College Park,MD,38.9715525,-76.9299672,NA,NA,NA,American Association of Physics Teachers
NA,NA,NA,NA,NA,American Bar Foundation,Chicago,IL,41.8961942,-87.6171682,NA,NA,NA,American Bar Foundation
NA,NA,NA,NA,NA,American Indian Science and Engineering Society (AISES),Albuquerque,NM,35.156762,-106.6800351,NA,NA,NA,American Indian Science and Engineering Society (AISES)
NA,NA,NA,NA,NA,American Institute of Mathematics,Pasadena,CA,34.1376576,-118.125269,NA,NA,NA,American Institute of Mathematics
NA,NA,NA,NA,NA,American Institutes for Research in the Behavioral Sciences,Arlington,VA,38.8610296,-77.0498801,NA,NA,NA,American Institutes for Research in the Behavioral Sciences
NA,NA,NA,NA,NA,American Museum Natural History,New York,NY,40.781135,-73.9736037,NA,NA,NA,American Museum Natural History
NA,NA,NA,NA,NA,American Physical Society,College Park,MD,38.969788,-76.9285604,NA,NA,NA,American Physical Society
NA,NA,NA,NA,NA,American Society for Biochemistry and Molecular Biology,Rockville,MD,39.0477433,-77.1274155,NA,NA,NA,American Society for Biochemistry and Molecular Biology
NA,NA,NA,NA,NA,American Society for Cell Biology,Rockville,MD,39.0477433,-77.1274155,NA,NA,NA,American Society for Cell Biology
NA,NA,NA,NA,NA,Appalachian College Association,Walland,TN,35.7287197,-83.7648191,NA,NA,NA,Appalachian College Association
NA,NA,NA,NA,NA,Appalachian State University,Boone,NC,36.2127347,-81.6774708,NA,NA,NA,Appalachian State University
NA,NA,NA,NA,NA,Arcadia University,Glenside,PA,40.0907999,-75.1658134,NA,NA,NA,Arcadia University
NA,NA,NA,NA,NA,Arizona State University,Tempe,AZ,33.4641772,-111.9230963,NA,NA,NA,Arizona State University
NA,NA,NA,NA,NA,"Associated Universities, Inc..",Vienna,VA,38.8829051,-77.2268622,NA,NA,NA,"Associated Universities, Inc."
NA,NA,NA,NA,NA,"Association for Women in Mathematics, Inc..",Providence,RI,41.8371711,-71.4124033,NA,NA,NA,"Association for Women in Mathematics, Inc."
NA,NA,NA,NA,NA,Association of American Colleges and Universities,Washington,DC,38.9124077,-77.0425399,NA,NA,NA,Association of American Colleges and Universities
NA,NA,NA,NA,NA,Association of American Geographers,Washington,DC,38.8992284,-77.0399758,NA,NA,NA,Association of American Geographers
NA,NA,NA,NA,NA,Association of Public and Land-Grant Universities,Washington,DC,38.9033028,-77.0294142,NA,NA,NA,Association of Public and Land-Grant Universities
NA,NA,NA,NA,NA,Azusa Pacific University,Azusa,CA,34.1303221,-117.8892304,NA,NA,NA,Azusa Pacific University
NA,NA,NA,NA,NA,Bank Street College of Education,New York,NY,40.8055791,-73.9666112,NA,NA,NA,Bank Street College of Education
NA,NA,NA,NA,NA,Benedictine University,Lisle,IL,41.7766038,-88.0966434,NA,NA,NA,Benedictine University
NA,NA,NA,NA,NA,Berry College,Mount Berry,GA,34.28942,-85.1931705,NA,NA,NA,Berry College
NA,NA,NA,NA,NA,Bethune-Cookman University,Daytona Beach,FL,29.2114632,-81.0331067,NA,NA,NA,Bethune-Cookman University
NA,NA,NA,NA,NA,Black in Marine Science,Spokane,WA,47.6581816,-117.4207891,NA,NA,NA,Black in Marine Science
NA,NA,NA,NA,NA,Boise State University,Boise,ID,43.609316,-116.2108122,NA,NA,NA,Boise State University
NA,NA,NA,NA,NA,Botanical Society of America,Saint Louis,MO,38.6167404,-90.2612157,NA,NA,NA,Botanical Society of America
NA,NA,NA,NA,NA,Bowdoin College,Brunswick,ME,43.9078476,-69.9617329,NA,NA,NA,Bowdoin College
NA,NA,NA,NA,NA,Bowie State University,Bowie,MD,39.0192706,-76.7593488,NA,NA,NA,Bowie State University
NA,NA,NA,NA,NA,Bowling Green State University,Bowling Green,OH,41.3793443,-83.6148345,NA,NA,NA,Bowling Green State University
NA,NA,NA,NA,NA,Bradley University,Peoria,IL,40.6966572,-89.6157877,NA,NA,NA,Bradley University
NA,NA,NA,NA,NA,Bridgewater State University,Bridgewater,MA,41.9869071,-70.9707476,NA,NA,NA,Bridgewater State University
NA,NA,NA,NA,NA,CSU Fullerton Auxiliary Services Corporation,Fullerton,CA,33.8812313,-117.8905735,NA,NA,NA,CSU Fullerton Auxiliary Services Corporation
NA,NA,NA,NA,NA,CSUB Auxiliary for Sponsored Programs Administration,Bakersfield,CA,35.3487933,-119.1027261,NA,NA,NA,CSUB Auxiliary for Sponsored Programs Administration
NA,NA,NA,NA,NA,CUNY Borough of Manhattan Community College,New York,NY,40.7174546,-74.0122469,NA,NA,NA,CUNY Borough of Manhattan Community College
NA,NA,NA,NA,NA,CUNY City College,New York,NY,40.8192371,-73.9490385,NA,NA,NA,CUNY City College
NA,NA,NA,NA,NA,CUNY College of Staten Island,Staten Island,NY,40.6008735,-74.1517188,NA,NA,NA,CUNY College of Staten Island
NA,NA,NA,NA,NA,CUNY John Jay College of Criminal Justice,New York,NY,40.7707042,-73.989257,NA,NA,NA,CUNY John Jay College of Criminal Justice
NA,NA,NA,NA,NA,CUNY Kingsborough Community College,Brooklyn,NY,40.5787693,-73.9345125,NA,NA,NA,CUNY Kingsborough Community College
NA,NA,NA,NA,NA,CUNY New York City College of Technology,Brooklyn,NY,40.6955102,-73.9864923,NA,NA,NA,CUNY New York City College of Technology
NA,NA,NA,NA,NA,CUNY Queensborough Community College,Bayside,NY,40.7554101,-73.7574006,NA,NA,NA,CUNY Queensborough Community College
NA,NA,NA,NA,NA,"Cal Poly Pomona Foundation, Inc..",Pomona,CA,34.061538,-117.8184432,NA,NA,NA,"California State Polytechnic University, Pomona"
NA,NA,NA,NA,NA,California State University Channel Islands,Camarillo,CA,34.1619468,-119.0435335,NA,NA,NA,California State University Channel Islands
NA,NA,NA,NA,NA,"California State University, East Bay Foundation, Inc..",Hayward,CA,37.6575531,-122.0617166,NA,NA,NA,California State University East Bay
NA,NA,NA,NA,NA,California State University-Fresno Foundation,Fresno,CA,36.806955,-119.7359405,NA,NA,NA,California State University Fresno
NA,NA,NA,NA,NA,Carleton College,Northfield,MN,44.4613041,-93.156084,NA,NA,NA,Carleton College
NA,NA,NA,NA,NA,"Cast, Inc..",Lynnfield,MA,42.5122916,-71.0342229,NA,NA,NA,"Cast, Inc."
NA,NA,NA,NA,NA,Central State University,Wilberforce,OH,39.7169812,-83.8774384,NA,NA,NA,Central State University
NA,NA,NA,NA,NA,Central Washington University,Ellensburg,WA,47.0025944,-120.5381474,NA,NA,NA,Central Washington University
NA,NA,NA,NA,NA,Chaminade University of Honolulu,Honolulu,HI,21.2900982,-157.8077453,NA,NA,NA,Chaminade University of Honolulu
NA,NA,NA,NA,NA,ChangeAerial LLC,San Diego,CA,32.7732721,-117.1981144,NA,NA,NA,ChangeAerial LLC
NA,NA,NA,NA,NA,Chapman University,Orange,CA,33.7927662,-117.8542455,NA,NA,NA,Chapman University
NA,NA,NA,NA,NA,Chicago Children's Museum,Chicago,IL,41.8910672,-87.6109095,NA,NA,NA,Chicago Children's Museum
NA,NA,NA,NA,NA,Chicago State University,Chicago,IL,41.7179751,-87.6094388,NA,NA,NA,Chicago State University
NA,NA,NA,NA,NA,Chico State Enterprises,Chico,CA,39.7317943,-121.8415384,NA,NA,NA,Chico State Enterprises
NA,NA,NA,NA,NA,Child Trends Inc.,Rockville,MD,39.0590957,-77.1201244,NA,NA,NA,Child Trends Inc.
NA,NA,NA,NA,NA,Children's Museum of Pittsburgh,Pittsburgh,PA,40.4528353,-80.0064158,NA,NA,NA,Children's Museum of Pittsburgh
NA,NA,NA,NA,NA,Christopher Newport University,Newport News,VA,37.0625308,-76.494308,NA,NA,NA,Christopher Newport University
NA,NA,NA,NA,NA,City College of San Francisco,San Francisco,CA,37.7259238,-122.4484931,NA,NA,NA,City College of San Francisco
NA,NA,NA,NA,NA,City Colleges of Chicago Harry S Truman College,Chicago,IL,41.9635523,-87.6579611,NA,NA,NA,City Colleges of Chicago Harry S Truman College
NA,NA,NA,NA,NA,Claudius Legal Intelligence Inc.,Miami,FL,25.729446,-80.3063532,NA,NA,NA,Claudius Legal Intelligence Inc.
NA,NA,NA,NA,NA,Cleveland State University,Cleveland,OH,41.5027643,-81.674423,NA,NA,NA,Cleveland State University
NA,NA,NA,NA,NA,Coastal and Estuarine Research Federation,Seattle,WA,47.7074428,-122.3317119,NA,NA,NA,Coastal and Estuarine Research Federation
NA,NA,NA,NA,NA,Coeur D' Alene Tribe,Plummer,ID,47.3376628,-116.8867348,NA,NA,NA,Coeur D' Alene Tribe
NA,NA,NA,NA,NA,College of William and Mary,Williamsburg,VA,37.2807823,-76.7240467,NA,NA,NA,College of William and Mary
NA,NA,NA,NA,NA,Colorado State University-Pueblo,Pueblo,CO,38.3116209,-104.5781324,NA,NA,NA,Colorado State University-Pueblo
NA,NA,NA,NA,NA,Columbus State Community College,Columbus,OH,39.9694338,-82.9868337,NA,NA,NA,Columbus State Community College
NA,NA,NA,NA,NA,Columbus State University,Columbus,GA,32.4989045,-84.9445046,NA,NA,NA,Columbus State University
NA,NA,NA,NA,NA,Concord Consortium,Concord,MA,42.4566101,-71.3581752,NA,NA,NA,Concord Consortium
NA,NA,NA,NA,NA,Cosmic Picture Distribution LLC,Somers,NY,41.3334405,-73.6665377,NA,NA,NA,Cosmic Picture Distribution LLC
NA,NA,NA,NA,NA,Council of Graduate Schools,Washington,DC,38.9090754,-77.0444829,NA,NA,NA,Council of Graduate Schools
NA,NA,NA,NA,NA,Crow Canyon Archaeological Center,Cortez,CO,37.3565981,-108.6276825,NA,NA,NA,Crow Canyon Archaeological Center
NA,NA,NA,NA,NA,Cuesta College,San Luis Obispo,CA,35.3313257,-120.7422648,NA,NA,NA,Cuesta College
NA,NA,NA,NA,NA,David Lipscomb University,Nashville,TN,36.1036206,-86.798965,NA,NA,NA,David Lipscomb University
NA,NA,NA,NA,NA,Donald Danforth Plant Science Center,Saint Louis,MO,38.6742755,-90.3970103,NA,NA,NA,Donald Danforth Plant Science Center
NA,NA,NA,NA,NA,Do√±a Ana Branch Community College,Las Cruces,NM,32.2750826,-106.755145,NA,NA,NA,Doña Ana Branch Community College
NA,NA,NA,NA,NA,East Central University,Ada,OK,34.7724992,-96.661179,NA,NA,NA,East Central University
NA,NA,NA,NA,NA,Eastern Washington University,Cheney,WA,47.4901311,-117.5797657,NA,NA,NA,Eastern Washington University
NA,NA,NA,NA,NA,Edna Inc..,Oxford,MA,42.0946487,-71.8717023,NA,NA,NA,Edna Inc.
NA,NA,NA,NA,NA,Education Development Center,Waltham,MA,42.3899412,-71.2575841,NA,NA,NA,Education Development Center
NA,NA,NA,NA,NA,Educational Testing Service,Princeton,NJ,40.3489644,-74.7147,NA,NA,NA,Educational Testing Service
NA,NA,NA,NA,NA,Elmhurst University,Elmhurst,IL,41.8969858,-87.9471395,NA,NA,NA,Elmhurst University
NA,NA,NA,NA,NA,Eureka Scientific Inc.,Oakland,CA,37.8037076,-122.2084588,NA,NA,NA,Eureka Scientific Inc.
NA,NA,NA,NA,NA,Exploratorium,San Francisco,CA,37.8016739,-122.399135,NA,NA,NA,Exploratorium
NA,NA,NA,NA,NA,Federation of American Societies for Experimental Biology,Rockville,MD,39.047715,-77.1273868,NA,NA,NA,Federation of American Societies for Experimental Biology
NA,NA,NA,NA,NA,Fielding Graduate University,Santa Barbara,CA,34.4294143,-119.7172578,NA,NA,NA,Fielding Graduate University
NA,NA,NA,NA,NA,Fisk University,Nashville,TN,36.1670376,-86.8032583,NA,NA,NA,Fisk University
NA,NA,NA,NA,NA,Florida Atlantic University,Boca Raton,FL,26.3683141,-80.101765,NA,NA,NA,Florida Atlantic University
NA,NA,NA,NA,NA,Florida Gulf Coast University,Fort Myers,FL,26.4590966,-81.7736874,NA,NA,NA,Florida Gulf Coast University
NA,NA,NA,NA,NA,Fort Valley State University,Fort Valley,GA,32.5343243,-83.8993342,NA,NA,NA,Fort Valley State University
NA,NA,NA,NA,NA,Framingham State University,Framingham,MA,42.298308,-71.4370588,NA,NA,NA,Framingham State University
NA,NA,NA,NA,NA,Franklin and Marshall College,Lancaster,PA,40.0489427,-76.3186806,NA,NA,NA,Franklin and Marshall College
NA,NA,NA,NA,NA,Future Earth,Fort Collins,CO,40.5246934,-105.0837301,NA,NA,NA,Future Earth
NA,NA,NA,NA,NA,Galveston College,Galveston,TX,29.2841446,-94.8083286,NA,NA,NA,Galveston College
NA,NA,NA,NA,NA,George Mason University,Fairfax,VA,38.8338752,-77.3160194,NA,NA,NA,George Mason University
NA,NA,NA,NA,NA,Georgia Gwinnett College,Lawrenceville,GA,33.9802966,-84.0047709,NA,NA,NA,Georgia Gwinnett College
NA,NA,NA,NA,NA,Georgia Piedmont Technical College,Clarkston,GA,33.790053,-84.2347949,NA,NA,NA,Georgia Piedmont Technical College
NA,NA,NA,NA,NA,Georgia Tech Applied Research Corporation,Atlanta,GA,33.7798507,-84.4001634,NA,NA,NA,Georgia Institute of Technology
NA,NA,NA,NA,NA,Georgia Tech Research Corporation,Atlanta,GA,33.7798507,-84.4001634,NA,NA,NA,Georgia Institute of Technology
NA,NA,NA,NA,NA,Global Fund for Women Inc.,San Francisco,CA,37.7939112,-122.4033221,NA,NA,NA,Global Fund for Women Inc.
NA,NA,NA,NA,NA,"Gpra Strategic Management, Inc..",White Plains,MD,38.6165699,-77.030061,NA,NA,NA,"GPRA Strategic Management, Inc."
NA,NA,NA,NA,NA,"Granted Advisors, LLC",New Orleans,LA,30.0157381,-90.0422965,NA,NA,NA,"Granted Advisors, LLC"
NA,NA,NA,NA,NA,Greater Washington Educational Telecommunications Association,Arlington,VA,38.8414883,-77.086215,NA,NA,NA,Greater Washington Educational Telecommunications Association
NA,NA,NA,NA,NA,Hamilton College,Clinton,NY,43.0499446,-75.4059969,NA,NA,NA,Hamilton College
NA,NA,NA,NA,NA,Harris-Stowe State University,Saint Louis,MO,38.6318531,-90.2239475,NA,NA,NA,Harris-Stowe State University
NA,NA,NA,NA,NA,Haverford College,Haverford,PA,40.007498,-75.305189,NA,NA,NA,Haverford College
NA,NA,NA,NA,NA,Hawaii Pacific University,Honolulu,HI,21.3065617,-157.8655946,NA,NA,NA,Hawaii Pacific University
NA,NA,NA,NA,NA,Heritage University,Toppenish,WA,46.3742327,-120.3943117,NA,NA,NA,Heritage University
NA,NA,NA,NA,NA,Hinds Community College-Utica,Raymond,MS,32.2576095,-90.4184093,NA,NA,NA,Hinds Community College-Utica
NA,NA,NA,NA,NA,Hofstra University,Hempstead,NY,40.7168988,-73.5990378,NA,NA,NA,Hofstra University
NA,NA,NA,NA,NA,Horizon Research Inc.,Chapel Hill,NC,35.91163,-78.9773494,NA,NA,NA,Horizon Research Inc.
NA,NA,NA,NA,NA,Housatonic Community College,Bridgeport,CT,41.1751236,-73.1906146,NA,NA,NA,Housatonic Community College
NA,NA,NA,NA,NA,Houston Christian University,Houston,TX,29.6949384,-95.5153952,NA,NA,NA,Houston Christian University
NA,NA,NA,NA,NA,Hudson County Community College,Jersey City,NJ,40.7304905,-74.0637336,NA,NA,NA,Hudson County Community College
NA,NA,NA,NA,NA,Ina Solutions Inc..,Fairfax,VA,38.8818709,-77.3712998,NA,NA,NA,Ina Solutions Inc.
NA,NA,NA,NA,NA,"Inclusive Engineering Consortium, Inc..",Wilmette,IL,42.0888884,-87.7021069,NA,NA,NA,"Inclusive Engineering Consortium, Inc."
NA,NA,NA,NA,NA,Indigenous Education Institute,Friday Harbor,WA,48.482805,-123.0384894,NA,NA,NA,Indigenous Education Institute
NA,NA,NA,NA,NA,Institute for Advanced Study,Princeton,NJ,40.3326232,-74.667855,NA,NA,NA,Institute for Advanced Study
NA,NA,NA,NA,NA,Institute for Learning Innovation,Portland,OR,45.5641455,-122.6958894,NA,NA,NA,Institute for Learning Innovation
NA,NA,NA,NA,NA,Institute for Native Pacific Education and Culture,Kapolei,HI,21.3189119,-158.0711861,NA,NA,NA,Institute for Native Pacific Education and Culture
NA,NA,NA,NA,NA,Iowa State University,Ames,IA,42.0261746,-93.6484405,NA,NA,NA,Iowa State University
NA,NA,NA,NA,NA,"Iseechange, Inc..",New Orleans,LA,30.0033395,-90.0844408,NA,NA,NA,"ISeeChange, Inc."
NA,NA,NA,NA,NA,Ithaca College,Ithaca,NY,42.4166791,-76.4990958,NA,NA,NA,Ithaca College
NA,NA,NA,NA,NA,Jackson State University,Jackson,MS,32.2979167,-90.2059305,NA,NA,NA,Jackson State University
NA,NA,NA,NA,NA,James Madison University,Harrisonburg,VA,38.4407623,-78.8722969,NA,NA,NA,James Madison University
NA,NA,NA,NA,NA,Jarvis Christian College,Hawkins,TX,32.6163443,-95.3131718,NA,NA,NA,Jarvis Christian College
NA,NA,NA,NA,NA,John Carroll University,Cleveland,OH,41.4905602,-81.5297689,NA,NA,NA,John Carroll University
NA,NA,NA,NA,NA,Johnson C. Smith University,Charlotte,NC,35.2429463,-80.8557684,NA,NA,NA,Johnson C. Smith University
NA,NA,NA,NA,NA,Juniata College,Huntingdon,PA,40.5001396,-78.0158977,NA,NA,NA,Juniata College
NA,NA,NA,NA,NA,Kansas State University,Manhattan,KS,39.1878084,-96.580716,NA,NA,NA,Kansas State University
NA,NA,NA,NA,NA,Kentucky Community & Technical College System,Versailles,KY,38.0586356,-84.7278824,NA,NA,NA,Kentucky Community & Technical College System
NA,NA,NA,NA,NA,Kutztown University,Kutztown,PA,40.5086643,-75.7832069,NA,NA,NA,Kutztown University
NA,NA,NA,NA,NA,Lawrence Technological University,Southfield,MI,42.4751256,-83.2507422,NA,NA,NA,Lawrence Technological University
NA,NA,NA,NA,NA,Lehigh Carbon Community College,Schnecksville,PA,40.6649438,-75.612807,NA,NA,NA,Lehigh Carbon Community College
NA,NA,NA,NA,NA,Lehigh University,Bethlehem,PA,40.6071349,-75.3812638,NA,NA,NA,Lehigh University
NA,NA,NA,NA,NA,Lisa Fitzpatrick & Associates MD-PC,Washington,DC,38.9027198,-77.0182321,NA,NA,NA,Lisa Fitzpatrick & Associates MD-PC
NA,NA,NA,NA,NA,Long Island Children's Museum,Garden City,NY,40.7277911,-73.600441,NA,NA,NA,Long Island Children's Museum
NA,NA,NA,NA,NA,Los Angeles County Museum of Natural History Foundation,Los Angeles,CA,34.0166822,-118.2898326,NA,NA,NA,Los Angeles County Museum of Natural History Foundation
NA,NA,NA,NA,NA,Louisiana Tech University,Ruston,LA,32.531509,-92.6293223,NA,NA,NA,Louisiana Tech University
NA,NA,NA,NA,NA,"Loyola University Maryland, Inc..",Baltimore,MD,39.3462233,-76.621339,NA,NA,NA,"Loyola University Maryland, Inc."
NA,NA,NA,NA,NA,Manhattanville College,Purchase,NY,41.0320144,-73.7158605,NA,NA,NA,Manhattanville College
NA,NA,NA,NA,NA,Maricopa County Community College District,Tempe,AZ,33.4129466,-111.9757687,NA,NA,NA,Maricopa County Community College District
NA,NA,NA,NA,NA,Marymount University,Arlington,VA,38.9053535,-77.1280225,NA,NA,NA,Marymount University
NA,NA,NA,NA,NA,Massachusetts Bay Community College,Wellesley Hills,MA,42.3144996,-71.2669229,NA,NA,NA,Massachusetts Bay Community College
NA,NA,NA,NA,NA,Massachusetts Institute of Technology,Cambridge,MA,42.359143,-71.0935584,NA,NA,NA,Massachusetts Institute of Technology
NA,NA,NA,NA,NA,Mathematical Sciences Research Institute,Berkeley,CA,37.8798253,-122.2442537,NA,NA,NA,Mathematical Sciences Research Institute
NA,NA,NA,NA,NA,Menlo College,Atherton,CA,37.4560992,-122.1921047,NA,NA,NA,Menlo College
NA,NA,NA,NA,NA,Mercyhurst University,Erie,PA,42.1032921,-80.0531161,NA,NA,NA,Mercyhurst University
NA,NA,NA,NA,NA,Metropolitan State University of Denver,Denver,CO,39.7453167,-105.0076645,NA,NA,NA,Metropolitan State University of Denver
NA,NA,NA,NA,NA,Miami University,Oxford,OH,39.509463,-84.7344848,NA,NA,NA,Miami University
NA,NA,NA,NA,NA,Middle Tennessee State University,Murfreesboro,TN,35.843477,-86.370967,NA,NA,NA,Middle Tennessee State University
NA,NA,NA,NA,NA,Middlesex Community College,Bedford,MA,42.5249497,-71.2747997,NA,NA,NA,Middlesex Community College
NA,NA,NA,NA,NA,Millersville University,Millersville,PA,39.9970309,-76.3542441,NA,NA,NA,Millersville University
NA,NA,NA,NA,NA,Mississippi State University,Mississippi State,MS,33.458442,-88.7946251,NA,NA,NA,Mississippi State University
NA,NA,NA,NA,NA,Missouri State University,Springfield,MO,37.2005546,-93.2806806,NA,NA,NA,Missouri State University
NA,NA,NA,NA,NA,Missouri University of Science and Technology,Rolla,MO,37.9530722,-91.7731273,NA,NA,NA,Missouri University of Science and Technology
NA,NA,NA,NA,NA,Molloy University,Rockville Centre,NY,40.6862113,-73.6270362,NA,NA,NA,Molloy University
NA,NA,NA,NA,NA,Montclair State University,Montclair,NJ,40.8597586,-74.1997454,NA,NA,NA,Montclair State University
NA,NA,NA,NA,NA,Morgan State University,Baltimore,MD,39.3459931,-76.5820535,NA,NA,NA,Morgan State University
NA,NA,NA,NA,NA,Mozilla Foundation,San Francisco,CA,37.786964,-122.3995598,NA,NA,NA,Mozilla Foundation
NA,NA,NA,NA,NA,Myvillage Project Inc.,Jacksonville,FL,30.3271736,-81.6567589,NA,NA,NA,MyVillage Project Inc.
NA,NA,NA,NA,NA,National Academy of Sciences,Washington,DC,38.8930474,-77.047937,NA,NA,NA,National Academy of Sciences
NA,NA,NA,NA,NA,National Bureau of Economic Research Inc.,Cambridge,MA,42.3697867,-71.1129615,NA,NA,NA,National Bureau of Economic Research Inc.
NA,NA,NA,NA,NA,National Postdoctoral Association,North Potomac,MD,39.0755974,-77.2692054,NA,NA,NA,National Postdoctoral Association
NA,NA,NA,NA,NA,Nevada State University,Henderson,NV,35.9830041,-114.9387086,NA,NA,NA,Nevada State University
NA,NA,NA,NA,NA,North Dakota State University Fargo,Fargo,ND,46.8929507,-96.8010306,NA,NA,NA,North Dakota State University Fargo
NA,NA,NA,NA,NA,Northern Arizona University,Flagstaff,AZ,35.1931106,-111.6563374,NA,NA,NA,Northern Arizona University
NA,NA,NA,NA,NA,Northern Illinois University,Dekalb,IL,41.9339755,-88.7798537,NA,NA,NA,Northern Illinois University
NA,NA,NA,NA,NA,Northern Kentucky University,Newport,KY,39.0335095,-84.4590535,NA,NA,NA,Northern Kentucky University
NA,NA,NA,NA,NA,Northern Virginia Community College,Annandale,VA,38.83321,-77.2365463,NA,NA,NA,Northern Virginia Community College
NA,NA,NA,NA,NA,Northwest Indian College,Bellingham,WA,48.7925768,-122.6157619,NA,NA,NA,Northwest Indian College
NA,NA,NA,NA,NA,Northwestern University,Evanston,IL,42.0506265,-87.6797271,NA,NA,NA,Northwestern University
NA,NA,NA,NA,NA,Oakland University,Rochester,MI,42.6725081,-83.2157637,NA,NA,NA,Oakland University
NA,NA,NA,NA,NA,Oberlin College,Oberlin,OH,41.2935888,-82.2236341,NA,NA,NA,Oberlin College
NA,NA,NA,NA,NA,Occidental College,Los Angeles,CA,34.12736,-118.2104777,NA,NA,NA,Occidental College
NA,NA,NA,NA,NA,Oregon Museum of Science and Industry,Portland,OR,45.5103987,-122.667173,NA,NA,NA,Oregon Museum of Science and Industry
NA,NA,NA,NA,NA,Oregon State University,Corvallis,OR,44.563919,-123.2746418,NA,NA,NA,Oregon State University
NA,NA,NA,NA,NA,PBS Foundation,Arlington,VA,38.8620837,-77.0509825,NA,NA,NA,PBS Foundation
NA,NA,NA,NA,NA,Pacific Resources for Education and Learning,Honolulu,HI,21.3083987,-157.8627769,NA,NA,NA,Pacific Resources for Education and Learning
NA,NA,NA,NA,NA,Pepperdine University,Malibu,CA,34.0391179,-118.705653,NA,NA,NA,Pepperdine University
NA,NA,NA,NA,NA,Pharmacoustics Technologies LLC,Potsdam,NY,44.6842312,-74.9797298,NA,NA,NA,Pharmacoustics Technologies LLC
NA,NA,NA,NA,NA,Pratt Institute,Brooklyn,NY,40.6915763,-73.9639134,NA,NA,NA,Pratt Institute
NA,NA,NA,NA,NA,Public Policy Lab,Brooklyn,NY,40.7040785,-73.9870285,NA,NA,NA,Public Policy Lab
NA,NA,NA,NA,NA,Regents of the University of Idaho,Moscow,ID,46.7273777,-117.0234769,NA,NA,NA,Regents of the University of Idaho
NA,NA,NA,NA,NA,Regis College,Weston,MA,42.3502881,-71.3089502,NA,NA,NA,Regis College
NA,NA,NA,NA,NA,Research Foundation of the City University of New York,New York,NY,40.7557231,-73.9888607,NA,NA,NA,Research Foundation of the City University of New York
NA,NA,NA,NA,NA,Reuben H. Fleet Science Center,San Diego,CA,32.7308603,-117.1469718,NA,NA,NA,Reuben H. Fleet Science Center
NA,NA,NA,NA,NA,Rio Hondo College,City Of Industry,CA,34.019466,-118.033803,NA,NA,NA,Rio Hondo College
NA,NA,NA,NA,NA,Ripple Effect Water Literacy Project,New Orleans,LA,29.9197482,-90.0836382,NA,NA,NA,Ripple Effect Water Literacy Project
NA,NA,NA,NA,NA,Riverside Community College District/Riverside City College,Riverside,CA,33.9711925,-117.3811035,NA,NA,NA,Riverside Community College District/Riverside City College
NA,NA,NA,NA,NA,Rutgers University New Brunswick,New Brunswick,NJ,40.4777023,-74.4254953,NA,NA,NA,Rutgers University New Brunswick
NA,NA,NA,NA,NA,SRI International,Menlo Park,CA,37.4565915,-122.1753145,NA,NA,NA,SRI International
NA,NA,NA,NA,NA,SUNY College at Geneseo,Geneseo,NY,42.7966913,-77.8219651,NA,NA,NA,SUNY College Geneseo
NA,NA,NA,NA,NA,SUNY College at Oneonta,Oneonta,NY,42.4689737,-75.0625748,NA,NA,NA,SUNY College Oneonta
NA,NA,NA,NA,NA,SUNY College of Environmental Science and Forestry,Syracuse,NY,43.0347192,-76.1363527,NA,NA,NA,SUNY College of Environmental Science and Forestry
NA,NA,NA,NA,NA,SUNY Empire State College,Saratoga Springs,NY,43.0773177,-73.7824618,NA,NA,NA,SUNY Empire State College
NA,NA,NA,NA,NA,SUNY Onondaga Community College,Syracuse,NY,43.0043462,-76.1981195,NA,NA,NA,SUNY Onondaga Community College
NA,NA,NA,NA,NA,SUNY at Albany,Albany,NY,42.6894214,-73.8234809,NA,NA,NA,SUNY Albany
NA,NA,NA,NA,NA,SUNY at Buffalo,Amherst,NY,43.0027395,-78.7858032,NA,NA,NA,SUNY Buffalo
NA,NA,NA,NA,NA,SUNY at Stony Brook,Stony Brook,NY,40.9452615,-73.1162661,NA,NA,NA,SUNY Stony Brook
NA,NA,NA,NA,NA,"SageFox Consulting Group, LLC",Amherst,MA,42.376182,-72.5181648,NA,NA,NA,"SageFox Consulting Group, LLC"
NA,NA,NA,NA,NA,Salem State University,Salem,MA,42.5055,-70.890697,NA,NA,NA,Salem State University
NA,NA,NA,NA,NA,Salisbury University,Salisbury,MD,38.3461722,-75.6055519,NA,NA,NA,Salisbury University
NA,NA,NA,NA,NA,San Antonio College,San Antonio,TX,29.4449147,-98.4741247,NA,NA,NA,San Antonio College
NA,NA,NA,NA,NA,San Jacinto College District,Pasadena,TX,29.6483892,-95.1721637,NA,NA,NA,San Jacinto College District
NA,NA,NA,NA,NA,Santa Clara University,Santa Clara,CA,37.3489255,-121.9367804,NA,NA,NA,Santa Clara University
NA,NA,NA,NA,NA,Santa Fe Institute,Santa Fe,NM,35.7002576,-105.9084892,NA,NA,NA,Santa Fe Institute
NA,NA,NA,NA,NA,Santa Monica College,Santa Monica,CA,34.0151045,-118.4720606,NA,NA,NA,Santa Monica College
NA,NA,NA,NA,NA,Science Museum of Minnesota,Saint Paul,MN,44.9432516,-93.0977952,NA,NA,NA,Science Museum of Minnesota
NA,NA,NA,NA,NA,Seattle Community College District Office,Seattle,WA,47.614384,-122.3218026,NA,NA,NA,Seattle Community College District Office
NA,NA,NA,NA,NA,Seattle Pacific University,Seattle,WA,47.6501206,-122.3608671,NA,NA,NA,Seattle Pacific University
NA,NA,NA,NA,NA,Shakopee Mdewakanton Sioux Community,Prior Lake,MN,44.7362436,-93.4729364,NA,NA,NA,Shakopee Mdewakanton Sioux Community
NA,NA,NA,NA,NA,Shaw University,Raleigh,NC,35.7703251,-78.637746,NA,NA,NA,Shaw University
NA,NA,NA,NA,NA,Sierra Streams Institute,Nevada City,CA,39.2485468,-121.016734,NA,NA,NA,Sierra Streams Institute
NA,NA,NA,NA,NA,Smart Girls HQ LLC,Charlotte,NC,35.2291916,-80.8349244,NA,NA,NA,Smart Girls HQ LLC
NA,NA,NA,NA,NA,Society for Personality and Social Psychology,Annandale,VA,38.8492938,-77.1961167,NA,NA,NA,Society for Personality and Social Psychology
NA,NA,NA,NA,NA,Society of Women Engineers,Chicago,IL,41.884918,-87.6231243,NA,NA,NA,Society of Women Engineers
NA,NA,NA,NA,NA,South Dakota School of Mines and Technology,Rapid City,SD,44.0753714,-103.2083287,NA,NA,NA,South Dakota School of Mines and Technology
NA,NA,NA,NA,NA,Southern California Tribal Chairmens Association,Pala,CA,33.3623905,-117.09352,NA,NA,NA,Southern California Tribal Chairmens Association
NA,NA,NA,NA,NA,Southern Connecticut State University,New Haven,CT,41.3322928,-72.9445802,NA,NA,NA,Southern Connecticut State University
NA,NA,NA,NA,NA,Southern Methodist University,Dallas,TX,32.8449511,-96.7859334,NA,NA,NA,Southern Methodist University
NA,NA,NA,NA,NA,Southern Utah University,Cedar City,UT,37.6743995,-113.0687309,NA,NA,NA,Southern Utah University
NA,NA,NA,NA,NA,Southwestern College,Chula Vista,CA,32.643483,-116.9980931,NA,NA,NA,Southwestern College
NA,NA,NA,NA,NA,St. Petersburg College,Clearwater,FL,27.8994231,-82.7120043,NA,NA,NA,St. Petersburg College
NA,NA,NA,NA,NA,"Start International, Inc..",Fort Collins,CO,40.5810866,-105.0941644,NA,NA,NA,"Start International, Inc."
NA,NA,NA,NA,NA,Stevens Institute of Technology,Hoboken,NJ,40.7349573,-74.0273925,NA,NA,NA,Stevens Institute of Technology
NA,NA,NA,NA,NA,"Teachers College, Columbia University",New York,NY,40.80999,-73.9600535,NA,NA,NA,Columbia University
NA,NA,NA,NA,NA,Teachers Development Group,Portland,OR,45.5046485,-122.6554398,NA,NA,NA,Teachers Development Group
NA,NA,NA,NA,NA,Terc Inc.,Cambridge,MA,42.3916166,-71.122994,NA,NA,NA,TERC Inc.
NA,NA,NA,NA,NA,Texas A&M International University,Laredo,TX,27.5726865,-99.435323,NA,NA,NA,Texas A&M International University
NA,NA,NA,NA,NA,Texas A&M University Corpus Christi,Corpus Christi,TX,27.7135742,-97.3247166,NA,NA,NA,Texas A&M University Corpus Christi
NA,NA,NA,NA,NA,Texas Christian University,Fort Worth,TX,32.7068899,-97.3617305,NA,NA,NA,Texas Christian University
NA,NA,NA,NA,NA,Texas Southern University,Houston,TX,29.7214214,-95.3592692,NA,NA,NA,Texas Southern University
NA,NA,NA,NA,NA,Texas Woman's University,Denton,TX,33.2272211,-97.127052,NA,NA,NA,Texas Woman's University
NA,NA,NA,NA,NA,The Chicago School of Professional Psychology,Chicago,IL,41.8881406,-87.6336764,NA,NA,NA,The Chicago School of Professional Psychology
NA,NA,NA,NA,NA,"The Geological Society of America, Inc..",Boulder,CO,40.03754,-105.2505127,NA,NA,NA,"The Geological Society of America, Inc."
NA,NA,NA,NA,NA,"The Learning Network, LLC",Allen,TX,33.1275709,-96.6806833,NA,NA,NA,"The Learning Network, LLC"
NA,NA,NA,NA,NA,The National Gem Consortium,Alexandria,VA,38.8036782,-77.0564331,NA,NA,NA,The National Gem Consortium
NA,NA,NA,NA,NA,The New York City Foundation for Computer Science Education,Armonk,NY,41.1474134,-73.6972113,NA,NA,NA,The New York City Foundation for Computer Science Education
NA,NA,NA,NA,NA,The Texas A&M University System Health Science Center,College Station,TX,30.6096445,-96.3395921,NA,NA,NA,The Texas A&M University System Health Science Center
NA,NA,NA,NA,NA,The University of Texas Rio Grande Valley,Edinburg,TX,26.3045362,-98.1753298,NA,NA,NA,The University of Texas Rio Grande Valley
Tufts University,Boston,MA,42.3498,-71.06149,Tufts University,Medford,MA,42.4118921,-71.1152145,NA,NA,NA,Tufts University
NA,NA,NA,NA,NA,Tuskegee University,Tuskegee Institute,AL,32.4292805,-85.7077148,NA,NA,NA,Tuskegee University
NA,NA,NA,NA,NA,Twin Cities Public Television,Saint Paul,MN,44.9475584,-93.0877127,NA,NA,NA,Twin Cities Public Television
NA,NA,NA,NA,NA,University Corporation for Atmospheric Research,Boulder,CO,40.0310775,-105.2459377,NA,NA,NA,University Corporation for Atmospheric Research
NA,NA,NA,NA,NA,"University Enterprises, Inc.orporated",Sacramento,CA,38.5607917,-121.423946,NA,NA,NA,"University Enterprises, Inc."
NA,NA,NA,NA,NA,University of Alabama in Huntsville,Huntsville,AL,34.7251606,-86.6404712,NA,NA,NA,University of Alabama in Huntsville
NA,NA,NA,NA,NA,University of Arkansas at Pine Bluff,Pine Bluff,AR,34.2407761,-92.0197057,NA,NA,NA,University of Arkansas at Pine Bluff
NA,NA,NA,NA,NA,"University of California, Office of the President, Oakland",Oakland,CA,37.8023966,-122.271326,NA,NA,NA,"University of California, Oakland"
NA,NA,NA,NA,NA,University of Illinois at Urbana-Champaign,Urbana,IL,40.1083735,-88.2282116,NA,NA,NA,University of Illinois at Urbana-Champaign
NA,NA,NA,NA,NA,University of Louisiana at Lafayette,Lafayette,LA,30.2152457,-92.0190272,NA,NA,NA,University of Louisiana at Lafayette
NA,NA,NA,NA,NA,University of Maryland Eastern Shore,Princess Anne,MD,38.2028993,-75.692427,NA,NA,NA,University of Maryland Eastern Shore
NA,NA,NA,NA,NA,University of Massachusetts Amherst,Amherst,MA,42.3851998,-72.529664,NA,NA,NA,University of Massachusetts Amherst
NA,NA,NA,NA,NA,University of Massachusetts Lowell,Lowell,MA,42.6501872,-71.3238901,NA,NA,NA,University of Massachusetts Lowell
NA,NA,NA,NA,NA,University of Minnesota Duluth,Duluth,MN,46.8170813,-92.0844279,NA,NA,NA,University of Minnesota Duluth
NA,NA,NA,NA,NA,University of Missouri-Saint Louis,Saint Louis,MO,38.7129263,-90.3031259,NA,NA,NA,University of Missouri-Saint Louis
NA,NA,NA,NA,NA,University of New Hampshire,Durham,NH,43.1363656,-70.9360406,NA,NA,NA,University of New Hampshire
NA,NA,NA,NA,NA,University of New Orleans,New Orleans,LA,30.0292776,-90.0647316,NA,NA,NA,University of New Orleans
NA,NA,NA,NA,NA,University of North Carolina at Wilmington,Wilmington,NC,34.2252812,-77.8742437,NA,NA,NA,University of North Carolina at Wilmington
NA,NA,NA,NA,NA,University of North Georgia,Dahlonega,GA,34.5302725,-83.9858025,NA,NA,NA,University of North Georgia
NA,NA,NA,NA,NA,University of Northern Colorado,Greeley,CO,40.4064511,-104.6857479,NA,NA,NA,University of Northern Colorado
NA,NA,NA,NA,NA,University of South Alabama,Mobile,AL,30.6954055,-88.1752195,NA,NA,NA,University of South Alabama
NA,NA,NA,NA,NA,University of Southern Mississippi,Hattiesburg,MS,31.3287871,-89.3296996,NA,NA,NA,University of Southern Mississippi
NA,NA,NA,NA,NA,University of Wisconsin-Whitewater,Whitewater,WI,42.8424658,-88.7446606,NA,NA,NA,University of Wisconsin-Whitewater
NA,NA,NA,NA,NA,University of Wyoming,Laramie,WY,41.3139679,-105.5845168,NA,NA,NA,University of Wyoming
NA,NA,NA,NA,NA,Urban Institute,Washington,DC,38.8835352,-77.0236426,NA,NA,NA,Urban Institute
NA,NA,NA,NA,NA,Utah State University,Logan,UT,41.7421539,-111.8081967,NA,NA,NA,Utah State University
NA,NA,NA,NA,NA,Villanova University,Villanova,PA,40.0365702,-75.3457758,NA,NA,NA,Villanova University
NA,NA,NA,NA,NA,Virginia State University,Petersburg,VA,37.2364644,-77.4198758,NA,NA,NA,Virginia State University
NA,NA,NA,NA,NA,WNET,New York,NY,40.7614347,-73.9865081,NA,NA,NA,WNET
NA,NA,NA,NA,NA,Weber State University,Ogden,UT,41.1932542,-111.9460555,NA,NA,NA,Weber State University
NA,NA,NA,NA,NA,Wepan Inc.,Washington,DC,38.9070235,-77.0429354,NA,NA,NA,WEPAN Inc.
NA,NA,NA,NA,NA,West Chester University of Pennsylvania,West Chester,PA,39.9511155,-75.5905474,NA,NA,NA,West Chester University of Pennsylvania
NA,NA,NA,NA,NA,West Hills Community College,Coalinga,CA,36.1532822,-120.3511544,NA,NA,NA,West Hills Community College
NA,NA,NA,NA,NA,West Texas A&M University,Canyon,TX,34.9816909,-101.9160329,NA,NA,NA,West Texas A&M University
NA,NA,NA,NA,NA,West Virginia University Research Corporation,Morgantown,WV,39.6570517,-79.9552585,NA,NA,NA,West Virginia University Research Corporation
NA,NA,NA,NA,NA,WestEd,San Francisco,CA,37.7822124,-122.3985646,NA,NA,NA,WestEd
NA,NA,NA,NA,NA,Western Michigan University,Kalamazoo,MI,42.2859501,-85.6119359,NA,NA,NA,Western Michigan University
NA,NA,NA,NA,NA,Western Washington University,Bellingham,WA,48.7346291,-122.4896775,NA,NA,NA,Western Washington University
NA,NA,NA,NA,NA,Wichita State University,Wichita,KS,37.7170582,-97.2968079,NA,NA,NA,Wichita State University
NA,NA,NA,NA,NA,William Marsh Rice University,Houston,TX,29.7201306,-95.4018157,NA,NA,NA,William Marsh Rice University
NA,NA,NA,NA,NA,Winston-Salem State University,Winston Salem,NC,36.0898268,-80.2250436,NA,NA,NA,Winston-Salem State University
NA,NA,NA,NA,NA,"Woodwell Climate Research Center, Inc..",Falmouth,MA,41.5495197,-70.6434272,NA,NA,NA,"Woodwell Climate Research Center, Inc."
NA,NA,NA,NA,NA,Yakima Valley Community College,Yakima,WA,46.5846435,-120.5300965,NA,NA,NA,Yakima Valley Community College
NA,NA,NA,NA,NA,"Young People's Project, Inc..",Cambridge,MA,42.3659105,-71.1020369,NA,NA,NA,"Young People's Project, Inc."
NA,NA,NA,NA,NA,Ziker Enterprises LLC,San Jose,CA,37.282807,-121.8785309,NA,NA,NA,Ziker Enterprises LLC